reg_code	age	2000	2001	2002	2003	2004	2005	2006	2007	2008	2009	2010	2011	2012	2013	2014	2015	2016	2017	2018	2019	2020	2021	2022
1	0	0.0121322023320296	0.0128296095744974	0.0109166438387727	0.0114727055855143	0.0111912215930236	0.0105173568821862	0.0102593124668057	0.0100387224677584	0.0101012596864853	0.0101012596864853	0.0102593124668057	0.00955216334629681	0.00920278360214746	0.008648650073523	0.00838422421128967	0.00759169205644855	0.00825505864081783	0.00807103582082731	0.00734953620045788	0.00742093988124352	0.00730403337615755	0.00955216334629681	0.00788219188120624
1	1	0.000984503260243088	0.00104911999848842	0.000873109474465275	0.000923866355446247	0.00089812942724299	0.00083688033499792	0.000813566650102278	0.000793700566735466	0.00079932656517619	0.00079932656517619	0.000813566650102278	0.000750094946763665	0.000718970219298415	0.000669939119829326	0.000646692101524325	0.000577608324261275	0.000635372868557267	0.000619245092558497	0.000556702578175024	0.000562821573027187	0.00055279424976838	0.000750094946763665	0.000602743947443823
1	2	0.00072618048746095	0.000772504191174733	0.000646124288322387	0.000682634614016928	0.000664128605140537	0.000620028835238607	0.000603220049260081	0.00058888658774295	0.000592946750023179	0.000592946750023179	0.000603220049260081	0.000557390322135902	0.00053487862699685	0.000499361372968875	0.000482497198284418	0.000432284719917237	0.00047427990161959	0.000462571301548491	0.000417056762254281	0.000421520789775504	0.000414206765875283	0.000557390322135902	0.000450583530073352
1	3	0.000542867958055084	0.000576521926703652	0.000484566481905417	0.00051117851070803	0.000497694657957508	0.000465520656295473	0.000453241165177742	0.000442762610520554	0.000445731515127598	0.000445731515127598	0.000453241165177742	0.000419712323591292	0.000403215582648684	0.000377149281516305	0.000364755016355925	0.000327782014529988	0.000358711473232932	0.000350100103748495	0.000316545392276597	0.000319844559927336	0.000314440078774408	0.000419712323591292	0.0003412776064838
1	4	0.000415037567441488	0.000440084392298773	0.000371550552556564	0.000391416249706041	0.000381354066266373	0.000357315788482491	0.000348130229599076	0.000340286778443224	0.00034250955598642	0.00034250955598642	0.000348130229599076	0.000323016074711324	0.000310640753011463	0.000291059819248276	0.000281737182933823	0.000253879163819894	0.000277188446239386	0.000270707134988349	0.000245396210180407	0.000247890621055887	0.000243805183159994	0.000323016074711324	0.000264062934120963
1	5	0.00032476693332226	0.000343805425186032	0.000291634536469441	0.000306782712699992	0.00029911274498941	0.000280766317651585	0.000273746793729738	0.000267748823919126	0.000269448991910857	0.000269448991910857	0.000273746793729738	0.000254528045164828	0.000245042657996282	0.00023001268219316	0.000222847017582266	0.000201395774313881	0.000219348338001592	0.000214363477200786	0.000194850305439281	0.000196778170858361	0.000193621292854616	0.000254528045164828	0.000209250128537435
1	6	0.000263842339563176	0.00027886325806751	0.00023764174970095	0.000249630520092819	0.000243562381277601	0.000229029558631723	0.000223462197901759	0.000218701886723684	0.0002200515323734	0.0002200515323734	0.000223462197901759	0.000208198496740665	0.000200653335856634	0.000188680799999446	0.000182965148009403	0.000165824403731304	0.000180172582067306	0.000176194130348752	0.000160583637801626	0.00016212983074648	0.000159598493761945	0.000208198496740665	0.000172110633974787
1	7	0.000226663846099961	0.000239202909549745	0.000204744427427498	0.000214782082816357	0.000209703205907588	0.000197525250330177	0.000192854439712988	0.000188858173009403	0.000189991437621878	0.000189991437621878	0.000192854439712988	0.000180032049185756	0.000173684217097746	0.000163597968434261	0.000158776667235362	0.000144293632381907	0.000156419563447703	0.000153061898589335	0.000139856891298172	0.000141168077597232	0.00013902196166691	0.000180032049185756	0.000149613579179498
1	8	0.000207676614378341	0.000218854489178021	0.000188096896256418	0.000197069643495261	0.000192531006042708	0.000181636470095196	0.000177453268302661	0.00017387207341869	0.000174887832702286	0.000174887832702286	0.000177453268302661	0.000165955531129329	0.000160255578199506	0.000151187375662318	0.000146847553355964	0.000133790474383413	0.000144724583490091	0.00014170087956226	0.000129783342018634	0.000130969505283456	0.000129028458918532	0.000165955531129329	0.000138593871733396
1	9	0.000201695391084255	0.00021225371566887	0.000183163724976549	0.000191662278591607	0.000187364822964002	0.0001770380356808	0.000173068485134249	0.000169668209249553	0.000170632841735499	0.000170632841735499	0.000173068485134249	0.000162144901149106	0.000156722160999787	0.000148084272661913	0.000143945535329692	0.000131474270795194	0.000141919747719468	0.000139034974249481	0.000127640079330142	0.000128776965304335	0.000126916997387764	0.000162144901149106	0.000136069164892767
1	10	0.000203586780249291	0.000213886192938478	0.000185466162225492	0.000193783322442861	0.000189579136818328	0.000179463404051262	0.000175569893227262	0.000172232426775697	0.000173179461521492	0.000173179461521492	0.000175569893227262	0.000164840228778151	0.000159505045158312	0.000150994032612841	0.000146910373825119	0.000134582519682519	0.000144910149247642	0.000142062527449061	0.000130784302447579	0.000131912903535686	0.000130067052573697	0.000164840228778151	0.000139133090284189
1	11	0.00021292383084594	0.000223308067957956	0.000194608488324269	0.00020302247991616	0.000198770968484656	0.000188527634014896	0.000184579660413649	0.000181193062259817	0.000182154270935815	0.000182154270935815	0.000184579660413649	0.000173683761304609	0.00016825673364774	0.000159585900011005	0.000155419514856076	0.000142818099695112	0.000153377291703551	0.000150470855015195	0.000138926936659715	0.000140085838730266	0.000138191081623927	0.000173683761304609	0.00014747900167194
1	12	0.000227732752871183	0.000238403554367849	0.000208862623183293	0.000217539570111718	0.00021315694982735	0.000202582802505552	0.000198501505943878	0.000194997877013256	0.000195992555383402	0.000195992555383402	0.000198501505943878	0.000187220045011792	0.000181590946362959	0.000172582704216963	0.000168247573161587	0.000155109737861895	0.000166121015778683	0.000163095861445024	0.000151043353784595	0.000152257589649714	0.000150273150200153	0.000187220045011792	0.00015997973005176
1	13	0.000246197434495375	0.000257257559495758	0.000226586897027652	0.000235612811032298	0.000231055784934658	0.00022004510428674	0.000215789175763587	0.00021213281672637	0.000213171122562668	0.000213171122562668	0.000215789175763587	0.000204006380167395	0.000198116509771597	0.000188675509968056	0.000184125086795191	0.000170307214268085	0.000181891196836866	0.000178715031192033	0.000166020059343789	0.000167303819147695	0.000165206679908877	0.000204006380167395	0.000175441174873153
1	14	0.000268154022654494	0.000279663647917198	0.00024769023164949	0.000257118078811147	0.000252360132552677	0.00024084690956455	0.000236390059787493	0.000232558022789151	0.000233646507295644	0.000233646507295644	0.000236390059787493	0.000224030728616719	0.000217841084307219	0.000207902696043451	0.000203104846553937	0.000188505572848726	0.000200747603578616	0.000197398255592672	0.000183964590173174	0.000185328623789489	0.000183101473836166	0.000224030728616719	0.000193943550798666
1	15	0.000293862753687885	0.000305886332465458	0.00027242599493332	0.000282311789837091	0.00027732484603399	0.000265239495598512	0.00026055412819081	0.000256522375468699	0.000257667896266589	0.000257667896266589	0.00026055412819081	0.000247539656066244	0.000241009649360774	0.000230506854127998	0.00022542835924312	0.000209943328823157	0.000222931225416878	0.000219385907208998	0.000205114579391475	0.000206569991840179	0.000204194975465867	0.000247539656066244	0.000215726628864075
1	16	0.000322649891973199	0.000335260689941704	0.000300109281189142	0.000310513447933363	0.000305267043191439	0.000292535574036942	0.000287592921687989	0.000283336654104202	0.000284546261769686	0.000284546261769686	0.000287592921687989	0.000273843082042606	0.00026693224176193	0.000255799564068316	0.000250408567130367	0.000233940009670255	0.000247755825400153	0.000243992784818715	0.000228792505718082	0.00023034921632593	0.000227810339401761	0.000273843082042606	0.000240106469960869
1	17	0.000352638711576636	0.000365850183633783	0.00032897145347405	0.000339904328234284	0.00033439321300133	0.0003210031933393	0.000315798535905754	0.000311313731246836	0.000312588565062024	0.000312588565062024	0.000315798535905754	0.000301300460593463	0.000294002439979895	0.000282229777440838	0.00027652142264699	0.000259054786165158	0.000273710688576239	0.000269727007871923	0.000253583845174631	0.000255243691365813	0.000252538106067814	0.000301300460593463	0.00026561070075415
1	18	0.000381524117105322	0.000395337013069725	0.000356736214262706	0.000368193837462224	0.000362419750691283	0.000348377591299476	0.000342914266722729	0.000338204185685866	0.00033954328241841	0.00033954328241841	0.000342914266722729	0.000327679794102354	0.000320001986966257	0.00030760332795801	0.000301585326421409	0.000283147887865661	0.000298620622119382	0.00029442194019016	0.000277363339553492	0.000279123022737584	0.000276256040705254	0.000327679794102354	0.000290081769337996
1	19	0.000408434152620912	0.000422836461569168	0.000382554711088226	0.000394522403314251	0.000388492476140421	0.000373817792034762	0.000368104316593784	0.00036317670554627	0.000364577824561122	0.000364577824561122	0.000368104316593784	0.00035215987355111	0.000344117122488545	0.000331118646641506	0.000324804708383858	0.000305442381584401	0.000321693032794487	0.000317288980948838	0.000299360101060911	0.000301214253710546	0.000298194481432752	0.00035215987355111	0.000312735207050708
1	20	0.000434278161109102	0.000449294632630026	0.000407269483399971	0.000419763574989344	0.000413469339051924	0.000398143573006167	0.000392173522876087	0.000387023208814758	0.000388487786167065	0.000388487786167065	0.000392173522876087	0.000375503620869884	0.00036708950555734	0.000353482866929855	0.000346869862807946	0.000326576613874261	0.000343609900286181	0.000338998233225775	0.000320196105729676	0.000322144269093692	0.000318972286588903	0.000375503620869884	0.000334228802980982
1	21	0.000459845621928816	0.000475509482908695	0.000431652390917428	0.000444697747589826	0.000438126518237304	0.000422120133295264	0.000415882529832611	0.0004105002834722	0.000412030920708509	0.000412030920708509	0.000415882529832611	0.000398458120809944	0.000389658898243074	0.000375423215028866	0.000368501608371818	0.000347250518136806	0.000365088807748473	0.00036026280191706	0.000340564256024203	0.000342608296045976	0.000339280944806145	0.000398458120809944	0.000355270936086035
1	22	0.000483897958215543	0.000500158281751822	0.00045461241627386	0.000468166263577657	0.0004613395672419	0.000444705167920207	0.000438220576063601	0.000432624171698335	0.000434215811280678	0.000434215811280678	0.000438220576063601	0.00042009930090068	0.000410944187757638	0.000396126881366692	0.000388919797631743	0.000366782152471139	0.000385365577693173	0.000380341409778257	0.00035981264889827	0.000361945691652564	0.000358474167581756	0.00042009930090068	0.000375143866955829
1	23	0.000504943343285815	0.000521696106628364	0.000474753042074482	0.000488728546541149	0.000481690112228859	0.000464534307087696	0.00045784430661733	0.000452069637800788	0.000453712070632998	0.000453712070632998	0.00045784430661733	0.000439142418208149	0.000429690177578964	0.000414386394564805	0.000406940129342931	0.000384058221181163	0.000403267324807339	0.000398077329044184	0.000376850277183266	0.000379058657729456	0.000375465217586614	0.000439142418208149	0.00039270757069869
1	24	0.000523414879303152	0.000540584575268601	0.000492457099914344	0.000506790516062743	0.00049957240496684	0.000481973706341881	0.000475109055865175	0.000469182737898119	0.00047086838787776	0.00047086838787776	0.000475109055865175	0.000455912972149175	0.000446207527507069	0.000430488741355727	0.000422838234058004	0.00039932006112424	0.000419064118324175	0.000413732645669088	0.00039190794013905	0.000394181062798236	0.000390482921690026	0.000455912972149175	0.000408215914538813
1	25	0.000541015309487965	0.000558599207012372	0.000509297392337367	0.000523984927701259	0.000516588963589366	0.000498552554510268	0.000491515564310518	0.00048543972435548	0.000487167973847081	0.000487167973847081	0.000491515564310518	0.000471832628537308	0.000461878198863321	0.000445751984935844	0.000437901262064877	0.000413760484198557	0.000434027904862952	0.000428557673291439	0.000406149026723902	0.000408485124725593	0.000404685075633734	0.000471832628537308	0.000422896873439831
1	26	0.000560298238826214	0.000578399677453522	0.000527637917153497	0.00054276329788753	0.000535147172285101	0.000516571141931215	0.000509322548087728	0.000503063514074829	0.000504843919215668	0.000504843919215668	0.000509322548087728	0.000489044461546043	0.000478787152596699	0.000462167491426278	0.000454075267159402	0.000429187138162667	0.000450082444518379	0.000444444470786218	0.00042133796522987	0.000423748268577427	0.000419827882345146	0.000489044461546043	0.000438609762051402
1	27	0.000582215115607129	0.000600955248435884	0.000548396790230812	0.000564059373345481	0.000556172949577975	0.000536935930502967	0.000529428734480621	0.000522946090147875	0.000524790131703347	0.000524790131703347	0.000529428734480621	0.000508425124823156	0.000497799626750387	0.000480581635615443	0.000472197271676029	0.000446407649670888	0.000468060103756789	0.000462218936895955	0.00043827284550938	0.000440771656480535	0.000436707548504016	0.000508425124823156	0.000456173740924169
1	28	0.000606554483525321	0.00062605704811855	0.000571358581771216	0.000587659451467435	0.000579451698379497	0.000559430353951488	0.000551616872514807	0.000544869649054598	0.000546788961284314	0.000546788961284314	0.000551616872514807	0.000529755709972218	0.000518696023465434	0.000500773922678979	0.000492046445354187	0.000465200527874314	0.000487739911820106	0.000481659812410754	0.000456732137559948	0.00045933365998446	0.000455102572389086	0.000529755709972218	0.000475367276607307
1	29	0.000633931427679369	0.000654358080295339	0.000597071392434567	0.000614142420031282	0.000605546752845074	0.000584580250078528	0.000576398341274623	0.000569333164752272	0.000571342903021367	0.000571342903021367	0.000576398341274623	0.000553507678919986	0.000541927919279587	0.000523164160469125	0.000514027334796035	0.00048592414887545	0.000509518936236454	0.000503153439305826	0.000477059995854937	0.000479782592524061	0.000475354440717911	0.000553507678919986	0.000496565662959174
1	30	0.000665573631358226	0.000687136780127717	0.000626672298707358	0.000644687159195639	0.000635615909178056	0.000613492285348291	0.000604859971481211	0.000597406393419764	0.000599526564948786	0.000599526564948786	0.000604859971481211	0.000580712726299588	0.000568499323048485	0.000548711798870769	0.000539077831078583	0.000509450611716931	0.00053432446441304	0.000527612036936792	0.000500107990458906	0.000502976202962601	0.000498310815752615	0.000580712726299588	0.000520665561235995
1	31	0.000703080016713753	0.000726052984611633	0.000661651253814647	0.000680833934133093	0.000671174065469398	0.000647619771957081	0.000638431155427437	0.000630498124195046	0.000632754591983146	0.000632754591983146	0.000638431155427437	0.000612733668941779	0.000599739570752274	0.000578692211196492	0.000568447163060181	0.000536949231940277	0.00056339285711285	0.000556253725708359	0.000527020436506065	0.000530066383296019	0.000525111237281067	0.000612733668941779	0.000548866251106179
1	32	0.000747343008010729	0.00077196941437951	0.000702949614407646	0.000723502202572948	0.000713151873251229	0.000687919232855522	0.000678077948915434	0.000669582384859226	0.000671998768911435	0.000671998768911435	0.000678077948915434	0.000650561501509027	0.000636651276095441	0.000614125369188757	0.000603163080210007	0.000569469184625239	0.000597755535336695	0.000590115644474073	0.000558852162281744	0.000562106900484016	0.000556811399683909	0.000650561501509027	0.000582210620223024
1	33	0.000798374983124984	0.00082486258964432	0.000750641395340313	0.000772737934393006	0.00076160953336021	0.00073448464183415	0.000723907136469178	0.000714776852289235	0.000717373690344755	0.000717373690344755	0.000723907136469178	0.00069433771771643	0.000679392840675522	0.000655196114794742	0.000643422860600494	0.000607244363700945	0.000637615805547192	0.000629409930304126	0.000595847901790329	0.000599339572086509	0.000593657985781934	0.00069433771771643	0.000620919831874325
1	34	0.000856555488857496	0.000885111489869691	0.000805105971119557	0.000828920778782252	0.000816926599262544	0.0007876949543825	0.000776297297415194	0.000766459715333996	0.00076925766243931	0.00076925766243931	0.000776297297415194	0.000744439407520385	0.000728340350440931	0.000702278539630614	0.000689599456699946	0.000650643584684621	0.000683346016850421	0.000674508185131592	0.000638374899987345	0.000642132267597024	0.000636017890362328	0.000744439407520385	0.000665364669694354
1	35	0.000921677626565462	0.000952519256834488	0.000866119684436303	0.000891834617742488	0.000878883108091455	0.000847321246021214	0.000835016173895679	0.000824395913235659	0.000827416414564928	0.000827416414564928	0.000835016173895679	0.000800625490440894	0.000783248551380331	0.000755121053516521	0.000741438388748869	0.000699404206280561	0.000734690311898115	0.000725152455735172	0.000686168260513339	0.000690220591189332	0.000683625846432298	0.000800625490440894	0.000715285060799308
1	36	0.000992455793818692	0.00102583740203169	0.000932336804562105	0.000960160451094437	0.000946146355930358	0.000911999478420994	0.000898688320410253	0.000887200528086684	0.000890467687418033	0.000890467687418033	0.000898688320410253	0.000861491123092294	0.000842699173817881	0.000812285754915784	0.000797493168575762	0.000752056967096022	0.000790198204900624	0.000779885934484817	0.000737753101087355	0.000742130498584726	0.000735006186161638	0.000861491123092294	0.000769217908113337
1	37	0.00106769350748613	0.0011037823888619	0.00100271377205529	0.00103278457550265	0.00101763810729688	0.000980736655306749	0.000966353504240993	0.000953941388651643	0.000957471349353138	0.000957471349353138	0.000966353504240993	0.000926166202345737	0.000905866827464528	0.000873018410130855	0.000857043617707243	0.000807984219573944	0.000849166175213668	0.000838029042862359	0.000792543157384686	0.000797266636804505	0.000789578500716276	0.000926166202345737	0.000826508257745583
1	38	0.0011451784674991	0.0011840447853451	0.0010752112808027	0.00110758793810435	0.00109127954508952	0.00105155140562048	0.00103606810807979	0.00102270735264332	0.00102650703228658	0.00102650703228658	0.00103606810807979	0.000992811897540151	0.000970965209363958	0.000935617125153295	0.000918428620693556	0.000865649064163553	0.000909953149260136	0.000897969225767542	0.00084904019133745	0.000854119184476672	0.000845851893588513	0.000992811897540151	0.000885572984274788
1	39	0.00122476715396214	0.00126642287866594	0.00114978598368453	0.00118448158722835	0.00116700485300086	0.00112443286893734	0.00110784213876562	0.00109352617988461	0.00109759747135533	0.00109759747135533	0.00110784213876562	0.001061494824386	0.00103808855533411	0.00100021939881727	0.000981806059907366	0.000925269516078373	0.000972726899444701	0.000959888670039998	0.000907480096948709	0.000912919144745823	0.000904065497520548	0.001061494824386	0.000946609011972407
1	40	0.00130774684660916	0.00135217430452634	0.00122777220613288	0.00126477911101503	0.00124613829064101	0.00120072936790866	0.0011830325382646	0.00116776190059332	0.00117210471414892	0.00117210471414892	0.0011830325382646	0.00113359367848726	0.00110862521096031	0.00106822722550257	0.00104858366623772	0.000988267535424854	0.001038897763691	0.00102520199093705	0.000969287874599416	0.000975091380732089	0.00096564463065678	0.00113359367848726	0.00101103514220991
1	41	0.00139333650381383	0.00144051270399058	0.0013084003354277	0.00134770530484182	0.00132790740374197	0.00127967571583408	0.00126087717495801	0.0012446551219459	0.00124926857921452	0.00124926857921452	0.00126087717495801	0.00120835554567842	0.00118182730929416	0.00113890148044325	0.00111802682964432	0.00105392336843012	0.00110773342299578	0.00109317994012763	0.00103374886503666	0.0010399194472134	0.00102987568844792	0.00120835554567842	0.00107812537325806
1	42	0.00148226970168205	0.00153203234847244	0.00139264118723139	0.0014341234182916	0.00141323010861146	0.001362318850357	0.00134247163967725	0.00132534266662761	0.00133021423471555	0.00133021423471555	0.00134247163967725	0.00128700693482812	0.00125898459986105	0.00121362999715953	0.00119156913324284	0.00112380379814004	0.00118068953998042	0.00116531076458781	0.00110246863170342	0.00110899884155415	0.00109837108184435	0.00128700693482812	0.00114940115184586
1	43	0.00157373695359953	0.00162587454384189	0.00147977310928805	0.00152327128098856	0.00150136467247556	0.00144796658129985	0.00142714295163366	0.00140916808303016	0.00141428053279257	0.00141428053279257	0.00142714295163366	0.00136892821505947	0.00133950420855952	0.00129186290650266	0.00126868148372642	0.0011974430774234	0.00125724723139666	0.00124109026907568	0.00117500108925505	0.00118187773480216	0.00117068841811902	0.00136892821505947	0.00122437345729659
1	44	0.00166977930546907	0.0017242371126061	0.00157156338814223	0.00161704147798942	0.0015941402648185	0.00153829617383204	0.00151651018437137	0.00149770069459754	0.00150305090129448	0.00150305090129448	0.00151651018437137	0.0014555789755939	0.00142476694593487	0.00137485614654085	0.00135056028274245	0.00127585930159463	0.00133857383296772	0.00132164405007147	0.00125231006865754	0.00125953563472669	0.0012477814263798	0.0014555789755939	0.00130412503902185
1	45	0.00177542223993254	0.00183247883641164	0.00167245099083429	0.00172014217431267	0.00169612897027469	0.00163755234875327	0.00161469209960602	0.0015949513202579	0.00160056678591142	0.00160056678591142	0.00161469209960602	0.00155073107079864	0.0015183723297053	0.00146593461839651	0.0014403988336556	0.00136184894809965	0.00142779823607065	0.00141000857657246	0.00133707029396132	0.00134468272298943	0.00133230204998778	0.00155073107079864	0.00139159726935132
1	46	0.00189456010692338	0.0019549540337331	0.00178552651674436	0.001836031915232	0.00181060312333644	0.00174856130278905	0.00172434396695933	0.00170342909589897	0.00170937875211568	0.00170937875211568	0.00172434396695933	0.00165657132367285	0.00162227582996971	0.00156668720062068	0.00153961131507373	0.0014563029198249	0.0015262493556577	0.00150738929219602	0.00143001387973795	0.00143809600887363	0.0014249531205234	0.00165657132367285	0.00148786875381492
1	47	0.00203371056241853	0.00209842400210923	0.00191686933189869	0.0019709928248702	0.00194374270400844	0.0018772543031776	0.0018513001718361	0.00182888483065127	0.00183526137500309	0.00183526137500309	0.0018513001718361	0.00177866362536405	0.0017419048283864	0.00168232057055223	0.0016532971665416	0.00156399158465854	0.00163897377492626	0.00161875775101386	0.0015358078513728	0.00154447382791446	0.00153038191073281	0.00177866362536405	0.00159783343217425
1	48	0.00219532505425933	0.00226551525723697	0.00206862230446949	0.00212730948443779	0.00209776067462842	0.00202567187410392	0.00199753483368646	0.00197323571221703	0.00198014799796342	0.00198014799796342	0.00199753483368646	0.00191879904458125	0.00187895936743394	0.00181438959611979	0.00178294163269557	0.00168618996939134	0.00176742264762023	0.00174551607144395	0.0016556626972518	0.00166504537077227	0.00164978685641445	0.00191879904458125	0.00172284293624857
1	49	0.00237948847037719	0.00245631899197685	0.00224086010352558	0.00230506110938841	0.00227273392112163	0.00219388556284233	0.00216311754921488	0.00213654971317823	0.00214410704988372	0.00214410704988372	0.00216311754921488	0.00207704211916986	0.00203350165032298	0.0019629530193565	0.00192860191476472	0.00182295112898839	0.00191165244966329	0.00188771973434276	0.00178963035408665	0.00179986290474813	0.0017832196900013	0.00207704211916986	0.00186295176865376
1	50	0.00258501348606497	0.00266946851593746	0.00243270902043021	0.0025032303933321	0.00246771780357359	0.00238112487604358	0.00234734456117046	0.00231818013842851	0.00232647565771911	0.00232647565771911	0.00234734456117046	0.00225287202838345	0.00220510122019358	0.00212772358411216	0.0020900590019783	0.00197426054615921	0.00207147747788448	0.00204523143860528	0.00193775830737749	0.00194895654020193	0.00193073928826821	0.00225287202838345	0.00201807237053128
1	51	0.00280408684749814	0.00289666793616759	0.00263720827247447	0.00271446476488949	0.00267555768640989	0.00258071231896903	0.00254372234657147	0.00251179129988563	0.00252087333377235	0.00252087333377235	0.00254372234657147	0.00244030310522652	0.00238802537949244	0.00230337269353972	0.00226217840329419	0.00213557088857658	0.00224185836193416	0.00221314822382964	0.00209568005652087	0.00210790689996094	0.00208801306919883	0.00244030310522652	0.00218344228729985
1	52	0.00303277123170458	0.00313326433132321	0.00285166121178523	0.0029355012444707	0.00289327755944783	0.0027903563726357	0.00275022042351911	0.00271557532580057	0.00272542914914874	0.00272542914914874	0.00275022042351911	0.00263801653596738	0.00258130461705397	0.00248948109537237	0.00244480159321158	0.00230749863321891	0.00242276345162841	0.0023916227023512	0.00226424490423702	0.00227749845637665	0.00225593291278935	0.00263801653596738	0.00235940296081348
1	53	0.00326690988551448	0.00337457767326899	0.00307282130009895	0.0031626772987369	0.00311742556749927	0.00300710866511583	0.00296408281699326	0.00292694049950446	0.00293750484120191	0.00293750484120191	0.00296408281699326	0.00284378210656887	0.00278296750093773	0.00268448612664674	0.00263656011818067	0.00248925458730239	0.00261291893292373	0.00257951803407899	0.00244283860478217	0.00245706762980376	0.00243391676805032	0.00284378210656887	0.00254495804756478
1	54	0.00350912262175599	0.00362327523953967	0.00330322178616521	0.00339856642414065	0.00335055497700769	0.00323347280752828	0.00318779363302347	0.00314835402266901	0.00315957242609894	0.00315957242609894	0.00318779363302347	0.00306002893583897	0.00299541508103571	0.00289074295997348	0.00283978662225963	0.00268310153058727	0.00281464628536389	0.00277914041449798	0.0026337014813645	0.00264886213330237	0.00262420049084186	0.00306002893583897	0.00274239791303778
1	55	0.00377174889050705	0.00389252372617519	0.00355374875939716	0.00365472138226881	0.0036038814600622	0.00347985426567462	0.00343144687653258	0.00338964311710162	0.00340153480817784	0.00340153480817784	0.00343144687653258	0.0032959940751273	0.00322745917579037	0.00311638651399233	0.00306229197077464	0.00289587449808906	0.00303559784143274	0.00299791477349116	0.00284336960031722	0.00285950506438592	0.00283326423595861	0.0032959940751273	0.00295891362210637
1	56	0.00406890962016028	0.00419753187197371	0.00383661215360733	0.00394422865674349	0.00389004827747271	0.00375783112112068	0.00370621121439195	0.00366162580000287	0.00367430947520562	0.00367430947520562	0.00370621121439195	0.00356171998857996	0.00348858359457025	0.00337001164644263	0.00331224562830914	0.00313446228330116	0.003283735003835	0.00324350306899182	0.00307833997327526	0.0030956065088905	0.00306753202698564	0.00356171998857996	0.00320185912600073
1	57	0.00441876538624445	0.00455770945641656	0.00416776787786717	0.00428405709608872	0.00422551246028544	0.00408262722867774	0.00402683527286051	0.00397864310487658	0.00399235313955439	0.00399235313955439	0.00402683527286051	0.00387064424167957	0.00379157334013825	0.00366336171138196	0.00360089097610531	0.00340859703998394	0.00357005624007931	0.00352655165788178	0.00334788014857126	0.00336656893611622	0.00333618454542634	0.00387064424167957	0.0034815181261244
1	58	0.00483630546369185	0.00498905938369635	0.00456041508346881	0.00468822852952421	0.00462388019965818	0.00446684696229104	0.00440553720744858	0.00435258186754537	0.00436764667543643	0.00436764667543643	0.00440553720744858	0.00423391903269725	0.00414704978025916	0.00400621035008427	0.00393759458077709	0.00372641418239849	0.00390372866466099	0.00385594095609474	0.00365974676297203	0.00368025908517417	0.00364690756924295	0.00423391903269725	0.00380647569750435
1	59	0.00533041812895913	0.00550099722224065	0.00502251216271019	0.00516512848155246	0.0050933211778326	0.00491814012468485	0.00484976653379909	0.00479071984491856	0.00480751658455371	0.00480751658455371	0.00484976653379909	0.00465844146475298	0.00456163512283749	0.00440474102230984	0.00432832932095569	0.00409325037803843	0.00429062200188101	0.00423739301067809	0.004019080700996	0.00404187527051284	0.0040048052184146	0.00465844146475298	0.00418230186147324
1	60	0.00590523566356465	0.0060976851647303	0.00555813686491344	0.00571886007561333	0.0056379257720857	0.00544056572609436	0.00536356989265625	0.00529709292803459	0.00531600182260313	0.00531600182260313	0.00536356989265625	0.00514822308832652	0.00503932284601508	0.0048629173683873	0.00477704402552938	0.00451300836094265	0.00473467769687123	0.00467484032627566	0.0044297692797234	0.00445531098594702	0.00441376142886592	0.00514822308832652	0.00461291993487755
1	61	0.00655283608803693	0.0067699445097065	0.00616155831687811	0.0063426902148332	0.00625146827909947	0.00602911212206978	0.00594240013395397	0.00586755078021341	0.00588883958386628	0.00588883958386628	0.00594240013395397	0.00569998771577705	0.00557746324313822	0.00537908052129592	0.00528255113516509	0.00498590907947792	0.00523493799261531	0.00516765898516628	0.00489245923589289	0.00492109385928694	0.00487450105614332	0.00569998771577705	0.00509804875939373
1	62	0.00725321837814664	0.00749630863589645	0.00681534879727167	0.00701801105002034	0.00691593762038058	0.00666720205148828	0.00657023096172423	0.00648653892732896	0.00651034155580453	0.00651034155580453	0.00657023096172423	0.0062992242334385	0.00616229660157359	0.00594066615390175	0.00583285824257691	0.00550169836321682	0.00577969018547255	0.00570457127490517	0.00539742029104956	0.00542937048216093	0.00537738383951348	0.0062992242334385	0.00562686119524018
1	63	0.0079883253839799	0.00825704776824558	0.00750436944255949	0.00772834846441689	0.00761553557261875	0.00734065543815227	0.00723350181128303	0.0071410262647104	0.00716732654699229	0.00716732654699229	0.00723350181128303	0.00693406871288778	0.00678279628893387	0.00653797359220004	0.00641889625030147	0.00605317038393181	0.00636017335689514	0.00627720962268851	0.00593802435831798	0.00597330356969693	0.00591590061673357	0.00693406871288778	0.00619138832228607
1	64	0.00874541969648638	0.00903853716770993	0.00821743930176069	0.00846180795061885	0.00833872851323069	0.00803880530078459	0.00792187855895027	0.00782096364154319	0.00784966457704236	0.00784966457704236	0.00792187855895027	0.00759510194283695	0.00742999656170202	0.00716275816513913	0.00703276533221045	0.00663345956515867	0.00696865629737943	0.00687807939506219	0.00650772348150901	0.00654624826771406	0.00648356400762611	0.00759510194283695	0.00678437818105166
1	65	0.00953131717469932	0.00984837670995842	0.00896001098031275	0.00922446508294684	0.00909127650171939	0.00876665780628593	0.00864007933210597	0.00853082329151553	0.0085618975569125	0.0085618975569125	0.00864007933210597	0.00828625504847904	0.00810744123698489	0.0078179519670066	0.00767710697006588	0.00724434417408973	0.00760763887513307	0.00750948232955287	0.00710803360383684	0.00714980039968587	0.00708184008569228	0.00828625504847904	0.00740792997366062
1	66	0.010370799635966	0.0107122825782932	0.00975519598814087	0.0100402023848113	0.00989667328067533	0.00954676314814886	0.00941028797468776	0.00929247356221821	0.00932598349865059	0.00932598349865059	0.00941028797468776	0.00902869258404498	0.00883578246322373	0.00852338154576403	0.00837134783143336	0.00790402974826451	0.00829635096687913	0.00819037074226578	0.00775677804304357	0.00780190027440932	0.00772847885564227	0.00902869258404498	0.00808070947372802
1	67	0.0112795277475901	0.0116486784542277	0.0106138612822946	0.0109220755563461	0.0107668656009908	0.0103884219309077	0.0102407955483772	0.0101133443949319	0.0101495962850987	0.0101495962850987	0.0102407955483772	0.00982795201828744	0.00961920544910438	0.00928110079094772	0.00911653142380918	0.00861056827889608	0.00903534427916019	0.00892060890809099	0.00845110299281059	0.0084999697284268	0.00842045450911282	0.00982795201828744	0.00880187906107458
1	68	0.0122897635470418	0.0126919385716064	0.0115645432517481	0.0119003324188859	0.0117312364637487	0.0113189340256321	0.0111580993621263	0.0110192448516979	0.0110587403010006	0.0110587403010006	0.0111580993621263	0.010708317146404	0.0104808925581536	0.0101125343233914	0.00993323885231484	0.00938199886411553	0.00984478675538761	0.00971978427506338	0.0092082629776213	0.00926150284559942	0.00917487171623246	0.010708317146404	0.0095904297144948
1	69	0.0134505998165457	0.0138928069403754	0.012653360501838	0.0130224681161495	0.0128365876967881	0.0123834118089558	0.0122066531669193	0.0120540602573205	0.0120974625349225	0.0120974625349225	0.0122066531669193	0.0117124011044884	0.0114625269806768	0.0110578601826173	0.01086091603123	0.0102555186281139	0.0107637632515698	0.0106264715831729	0.0100647470476473	0.0101232056235733	0.0100280834771472	0.0117124011044884	0.0104844084721244
1	70	0.0148183425032747	0.0153089020813157	0.0139342114696469	0.0143435024522337	0.0141373758662923	0.0136349260278315	0.0134389822016258	0.0132698426239922	0.0133179498183395	0.0133179498183395	0.0134389822016258	0.0128911884602387	0.0126143055492643	0.0121659864378913	0.0119478378174307	0.0112774303859007	0.0118402347813922	0.0116881866479381	0.0110662283189686	0.0111309445707627	0.0110256414212451	0.0128911884602387	0.0115308683685547
1	71	0.0165937807679988	0.0171471098123237	0.0155968547664587	0.0160583073876688	0.0158258992831568	0.0152594884230826	0.0150386414374933	0.0148480238500207	0.0149022381266218	0.0149022381266218	0.0150386414374933	0.0144213500194622	0.0141094103242182	0.0136044328127421	0.0133587624896103	0.0126039796119025	0.0132375959972577	0.0130663955079241	0.0123662618885685	0.012439099612198	0.0123205831505099	0.0144213500194622	0.0128892778008542
1	72	0.0187224831029781	0.0193473364945347	0.0175967378782242	0.018117810358047	0.0178553734152475	0.0172157919756121	0.0169664207919721	0.0167511858920626	0.0168124014339403	0.0168124014339403	0.0169664207919721	0.0162694178527546	0.0159172066581695	0.0153470505649504	0.0150696775112333	0.0142175206395518	0.0149328765863662	0.0147395874695978	0.0139491440225695	0.0140313752979493	0.01389757451501	0.0162694178527546	0.0145396199588152
1	73	0.0212366040102727	0.0219390346977809	0.0199705694553654	0.0205566633218711	0.0202614972951159	0.0195419914160697	0.0192613947126627	0.0190191796143227	0.0190880714355139	0.0190880714355139	0.0192613947126627	0.0184769211581041	0.0180803975306802	0.017438344669071	0.0171259195027538	0.0161657537661548	0.0169718122567998	0.0167540494716771	0.0158632577033633	0.0159559486528619	0.0158051261966645	0.0184769211581041	0.0165287362786682
1	74	0.0241538436027247	0.0249376509537344	0.0227399077365723	0.0233946718504983	0.0230649664948319	0.0222608889728501	0.0219471622250185	0.0216762803951927	0.0217533322284911	0.0217533322284911	0.0219471622250185	0.0210696101834083	0.020625776429152	0.0199067325404987	0.0195566660241676	0.0184800640853257	0.0193839480905829	0.0191398374305816	0.0181406418119402	0.0182446604057419	0.0180754003562949	0.0210696101834083	0.0188872006051867
1	75	0.0274805486237229	0.0283480873172109	0.0259136441577671	0.0266395592835043	0.026274094842496	0.025382218719195	0.0250340035600386	0.0247332362722625	0.0248187991444473	0.0248187991444473	0.0250340035600386	0.0240592675279829	0.0235658708169707	0.0227659255616747	0.0223761941151935	0.0211764209277112	0.0221838375164509	0.0219118922889574	0.0207977834771295	0.0209138398404296	0.0207249827412008	0.0240592675279829	0.021630350993309
1	76	0.0312686328842959	0.0322217277725377	0.0295445863344808	0.0303437298382919	0.0299414920456142	0.0289590710596812	0.0285751883635486	0.0282434676967579	0.0283378501188104	0.0283378501188104	0.0285751883635486	0.0274996374604868	0.0269546490283497	0.02607023041509	0.0256389634780104	0.0243097023068976	0.025426012770167	0.0251248453549606	0.0238896750408172	0.0240184452040578	0.0238088866459872	0.0274996374604868	0.0248129169234159
1	77	0.0354667704758229	0.0365113425564365	0.0335745354344548	0.0344520831037737	0.0340104790462944	0.0329310748925234	0.0325089669971637	0.032144063305756	0.0322479015268814	0.0322479015268814	0.0325089669971637	0.0313253044588253	0.0307249507347182	0.029749820704873	0.0292739233547937	0.0278054047140034	0.0290388371224846	0.0287062523810927	0.0273408251758055	0.0274832826476758	0.0272514365447317	0.0313253044588253	0.0283616441908669
1	78	0.0400530547092275	0.0411979243661789	0.0379766126887724	0.0389400004058788	0.0384552897988651	0.0372697457991022	0.036805825898711	0.036404635511596	0.0365188130092237	0.0365188130092237	0.036805825898711	0.0355039735102594	0.0348431303873667	0.0337689462015302	0.0332443372374782	0.0316239228502776	0.0329850969390571	0.0326182362470417	0.0311107774904167	0.0312681538099341	0.0310120154775101	0.0355039735102594	0.0322379825930873
1	79	0.0450165797881171	0.0462722845654212	0.0427369188219155	0.0437949514456066	0.0432627008488908	0.0419602026429664	0.0414502501905069	0.0410091283261448	0.0411346819149691	0.0411346819149691	0.0414502501905069	0.0400183977920081	0.0392910889948954	0.0381081630119934	0.0375301230624807	0.0357432840582174	0.0372443994260463	0.0368399697425176	0.0351769869182945	0.0353506877954151	0.0350679697055752	0.0400183977920081	0.0364206612988034
1	80	0.0503652789407228	0.0517433997607791	0.047861515409122	0.0490238626473009	0.0484392026927413	0.0470078766088682	0.0464472593600843	0.0459622065596235	0.0461002738642347	0.0461002738642347	0.0464472593600843	0.0448724506536162	0.0440721236139692	0.0427698399966997	0.0421332004570127	0.040164038726126	0.0418184432538165	0.0413728400592778	0.0395395764309664	0.0397311383272673	0.0394193402995149	0.0448724506536162	0.0409107461801842
1	81	0.0561154337519095	0.0576176955802107	0.0533838686538783	0.054652340282878	0.0540143810043975	0.0524518732400871	0.0518396001144717	0.0513097268396891	0.0514605641108927	0.0514605641108927	0.0518396001144717	0.0501188367066959	0.0492438434337646	0.0478193359918764	0.0471226104498887	0.0449661614370495	0.0467780636959844	0.0462901925688742	0.0442818402768778	0.0444917890093084	0.0441500523459217	0.0501188367066959	0.0457841480713068
1	82	0.0624724881881353	0.0641091478258124	0.059494156823648	0.0608776112735241	0.0601819088444037	0.058477237344136	0.0578089661157237	0.0572304964507619	0.0573951802870538	0.0573951802870538	0.0578089661157237	0.055929923328277	0.0549739264446044	0.0534167726841576	0.0526548148053898	0.0502949391865737	0.0522779214332771	0.0517441477437412	0.0495455687179402	0.0497755003222335	0.0494012254844694	0.055929923328277	0.0511903652089851
1	83	0.0696093204681321	0.071392231248182	0.0663621835637082	0.0678709351328546	0.0671123197030697	0.0652526709921879	0.064523320748929	0.0638918297487532	0.0640716224341067	0.0640716224341067	0.064523320748929	0.0624715325596785	0.0614270679713401	0.0597249547338368	0.0588916674216608	0.0563091708552281	0.0584793937410338	0.0578954005779785	0.0554885546071339	0.0557403756823698	0.0553304567504921	0.0624715325596785	0.0572893756313915
1	84	0.0776828413671372	0.0796248552329449	0.0741428884058283	0.0757881923328756	0.0749610264511889	0.0729323932877914	0.072136396107486	0.0714470284180247	0.0716433156113363	0.0716433156113363	0.072136396107486	0.069895967852868	0.0687548101548667	0.0668941327518688	0.0659827630686005	0.0631563166468546	0.0655317450623403	0.0648927408906762	0.0622575465645175	0.0625333838203494	0.0620843557778581	0.069895967852868	0.0642294682140126
1	85	0.0867712031851526	0.0888852431851229	0.0829142332944307	0.0847074433549981	0.0838060422649291	0.0815942820754058	0.0807260092071298	0.0799738531698817	0.0801880369082017	0.0801880369082017	0.0807260092071298	0.0782808506141847	0.0770346604235623	0.0750016065943447	0.0740052897587094	0.0709131729670189	0.0735121055141844	0.07281321383312	0.0699292016753799	0.0702312253633485	0.0697395519547776	0.0782808506141847	0.0720875962121949
1	86	0.096959239451478	0.0992539856361581	0.0927684799752005	0.0947175476607182	0.0937379481504872	0.0913330450522938	0.0903884491626112	0.0895699451148353	0.0898030441488547	0.0898030441488547	0.0903884491626112	0.0877268031635439	0.0863693796402784	0.0841535215722898	0.0830670030192031	0.0796922831937174	0.0825290156934366	0.0817664587501863	0.078617518498868	0.0789474558012745	0.0784103204207434	0.0877268031635439	0.080974522461237
1	87	0.108185651862202	0.110670646687446	0.103642998214736	0.105756455023744	0.104694393733488	0.102085669246803	0.10106047189528	0.100171873337069	0.100424958352835	0.100424958352835	0.10106047189528	0.0981700198546717	0.0966949272933251	0.0942855296591933	0.0931034388026456	0.0894289711407067	0.0925179626506187	0.0916879031301207	0.0882578010047507	0.0886173827188113	0.0880319640006817	0.0981700198546717	0.090825624759806
1	88	0.120433041630026	0.123116228006022	0.115523318624199	0.117808332428362	0.11666023111458	0.113838690696832	0.112729275533624	0.111767409937924	0.112041388138404	0.112041388138404	0.112729275533624	0.109599566040134	0.108001321703168	0.105389205376599	0.104106934798259	0.100117944299276	0.103471661947761	0.102570798107783	0.0988455109266065	0.0992362363445407	0.0986000897932261	0.109599566040134	0.101634710380306
1	89	0.13377324102617	0.136660797524334	0.128484390377166	0.130946696776442	0.129709700898679	0.126668093452967	0.125471515659845	0.124433786189036	0.124729401420383	0.124729401420383	0.125471515659845	0.122093947800119	0.12036798824035	0.117545437831856	0.116159080601996	0.111842892399704	0.115472045721575	0.114497556383458	0.11046498191842	0.11088815397385	0.110199154162425	0.122093947800119	0.113484684854932
1	90	0.148314066939055	0.15141249522677	0.14263342363625	0.145279043311831	0.14395015571428	0.140680874172417	0.139394046666958	0.138277732015464	0.138595763686395	0.138595763686395	0.139394046666958	0.135759610473806	0.13390115859147	0.130860101886494	0.129365572188106	0.12470893757989	0.128624720358219	0.12757365616801	0.123221147082689	0.123678127083238	0.122934053394134	0.135759610473806	0.12648089175568
1	91	0.164271067958328	0.167585880345712	0.158187597360658	0.161021821841448	0.15959841828707	0.156094715356016	0.154714866524867	0.153517508345941	0.153858661970545	0.153858661970545	0.154714866524867	0.150815370987114	0.148820026337921	0.145552944069337	0.143946398308466	0.138936694171392	0.143149787326093	0.142019350374019	0.137334778187778	0.137826881318979	0.137025587211822	0.150815370987114	0.140843730796975
1	92	0.181966956431062	0.185500489154832	0.175475114235645	0.178500732713143	0.176981457966605	0.173239603793836	0.171765108136907	0.170485222925937	0.170849928141019	0.170849928141019	0.171765108136907	0.167595468733981	0.165460343066808	0.161962075608478	0.160240776368303	0.154868592358481	0.159386999052011	0.158175135139921	0.15314925507155	0.153677508875639	0.152817314315152	0.167595468733981	0.15691445205014
1	93	0.201451621360533	0.205207168082242	0.194544319308332	0.197764805820637	0.196147953166788	0.192163417596237	0.190592359841931	0.189228224320623	0.189616977973388	0.189616977973388	0.190592359841931	0.186146751145235	0.18386862182191	0.180133527714992	0.178294530648165	0.172549938700763	0.177382084563764	0.176086612705403	0.170709759632889	0.171275227834492	0.170354394828549	0.186146751145235	0.174738536342408
1	94	0.222630304079755	0.22661073442912	0.215301479921032	0.218719790214294	0.2170039043915	0.212772852464323	0.211103621158545	0.209653789557477	0.210067008109406	0.210067008109406	0.211103621158545	0.206377169247246	0.20395335415416	0.199976756430871	0.198017628018331	0.191892449988166	0.197045273039118	0.195664394785557	0.189928619000371	0.190532175187897	0.18954927654622	0.206377169247246	0.19422700610291
1	95	0.243846027746525	0.247988575649924	0.236209083887698	0.239772679414466	0.237984211547299	0.233571187823829	0.231828976971705	0.230315205901315	0.230746700470542	0.230746700470542	0.231828976971705	0.22689217105222	0.224358322839906	0.220197968693667	0.218146811741569	0.211727391034539	0.217128409420878	0.215681710579179	0.209667092321583	0.210300408047159	0.209268994767696	0.22689217105222	0.214175271766948
1	96	0.267544324992412	0.271815200108502	0.259659354791124	0.263340555668234	0.261493477500204	0.256932263609402	0.255130133384639	0.253563641382444	0.254010226483427	0.254010226483427	0.255130133384639	0.250019110625714	0.247393266806616	0.243078001983047	0.240948678754249	0.234276820528359	0.239891022080791	0.238388049145468	0.23213295146855	0.232792089594894	0.231718561152636	0.250019110625714	0.236822370816292
1	97	0.29277847837612	0.297141383943248	0.284711455440457	0.288479633037611	0.286589351140386	0.281917658615497	0.280070374490175	0.27846393302941	0.278921973749685	0.278921973749685	0.280070374490175	0.27482658247191	0.272129783242891	0.267693796109675	0.265502993300493	0.258630165422467	0.264414324659036	0.262866737013303	0.256418992014674	0.257098965977899	0.2559914372886	0.27482658247191	0.261253897480798
1	98	0.319468503919837	0.323881877577775	0.311295551125521	0.315115269060618	0.313199587085124	0.30846117870936	0.306585948981665	0.304954476982676	0.305419723920694	0.305419723920694	0.306585948981665	0.301257924642984	0.298514945667953	0.29399870178651	0.291766267231254	0.284754117013025	0.290656414891571	0.289078143513047	0.28249526509224	0.283190050717379	0.282058328741539	0.301257924642984	0.28743260996218
1	99	0.347462354821187	0.351881830583436	0.339265336335353	0.343098385664608	0.341176478099854	0.336418677737241	0.334534187373303	0.332893919714617	0.333361745228527	0.333361745228527	0.334534187373303	0.329174873315714	0.326412880317761	0.321860962410095	0.319608863231437	0.312526059766183	0.318488729878135	0.316895257497632	0.310241535867327	0.310944370521873	0.309799467901055	0.329174873315714	0.31523314493135
1	100	0.422409068683828	0.426655264039451	0.414503437569524	0.418205132680234	0.416350171256331	0.411748684259207	0.409922360606151	0.408330973755834	0.408785024250774	0.408785024250774	0.409922360606151	0.404716678638469	0.402026967265369	0.397583779799437	0.395380634857696	0.388430534555912	0.394283644760424	0.392721706996993	0.386181830636592	0.386874012051056	0.385746295745466	0.404716678638469	0.391090740336632
2	0	0.0110188120194111	0.0115800779129424	0.00976206173827109	0.0102275052963246	0.0099148071430306	0.00926011325667985	0.00897699237521742	0.00870252769819854	0.00875674095888847	0.00870252769819854	0.00881129194647071	0.00810873501010974	0.00793679973704861	0.00754619082024631	0.00739703192128051	0.00680918850199046	0.00751843358374566	0.0074674114326219	0.00691329548113482	0.00707729234284198	0.00707682890319835	0.00937584621292043	0.00785703730372854
2	1	0.000882409216345763	0.000933706723566154	0.000768869594748007	0.000810698481253428	0.000782567085615066	0.000724066505608675	0.000698941256445422	0.000674687858335387	0.000679470257388701	0.000674687858335387	0.000684286555585778	0.000622441223337936	0.000607382173706828	0.000573566351257762	0.000560752618927336	0.000510686493027459	0.000571183341942771	0.000566776785837212	0.000519531097858316	0.000533476567195177	0.000533403395546373	0.000734367706513096	0.000600357778636615
2	2	0.000652817986568154	0.000689706550795856	0.000570957166582091	0.000601151247685666	0.000580849477862188	0.000538566423715326	0.000520378236281605	0.000502804290931232	0.000506270946580837	0.000502804290931232	0.00050976150358055	0.00046490763085299	0.000453972893238232	0.000429357525362217	0.000420014435288644	0.000383439419805679	0.000427619773726592	0.000424410266615459	0.000389904607064578	0.000400095949161317	0.00040004753758008	0.000546018470571631	0.000448877689765103
2	3	0.000489448468069569	0.000516328611901317	0.000429645363144645	0.000451729180994422	0.000436883994951865	0.000405919308240035	0.000392579573056614	0.000379678221884871	0.000382224119834165	0.000379678221884871	0.00038478708907171	0.000351830536559595	0.000343787056443443	0.000325634969824804	0.000318733574717352	0.000291666116438363	0.000324351197147308	0.000321983121085517	0.000296453419249402	0.0003039982013881	0.000303966218659654	0.000411381269750697	0.000340043289180663
2	4	0.000375196983212107	0.000395257644106305	0.000330461444220372	0.000346998763939241	0.000335884405089829	0.000312669880598948	0.000302655074739328	0.00029296104277777	0.000294874685235161	0.00029296104277777	0.000296800827741774	0.0002720183551368	0.000265963723173961	0.000252267667250402	0.000247052305455084	0.000226561818443139	0.000251297396875009	0.0002495097877169	0.000230187695621856	0.000235901027648972	0.000235879622530086	0.000316767985571668	0.000263148797954267
2	5	0.000294416699852402	0.000309709388120991	0.000260229849970193	0.000272881783941	0.000264380603382175	0.000246598644975556	0.000238916272131819	0.000231473230905318	0.000232943053899748	0.000231473230905318	0.000234422210066859	0.000215379477718493	0.000210722297627303	0.000200160350313258	0.000196131684476131	0.000180274160308009	0.000199410735718645	0.000198031529052347	0.000183081629464137	0.000187504617800839	0.000187490456518158	0.000249740322578848	0.000208559836621423
2	6	0.000239844930068275	0.000251944848537403	0.000212730188927414	0.000222775861733854	0.000216027378064842	0.000201891600902705	0.000195775758005729	0.000189845180539179	0.000191016746664522	0.000189845180539179	0.000192195542718916	0.000177011238660982	0.000173294031683954	0.00016484186858977	0.000161612514997062	0.000148877732257827	0.000164240876683748	0.000163136680179219	0.000151133400808936	0.000154686525973276	0.000154677151544957	0.000204391102769546	0.000171570371103567
2	7	0.000206590077073638	0.000216718215975769	0.000183841553811766	0.000192278408496252	0.000186611882620181	0.000174726428688835	0.000169577167067928	0.000164579656360947	0.000165567235015951	0.000164579656360947	0.000166560739747247	0.000153756817765377	0.000150619493078304	0.00014346748606083	0.000140730395848688	0.000129917516071785	0.000142958009733329	0.000142023293914915	0.000131833577796325	0.00013485137935453	0.000134845127953588	0.000176829651120311	0.000149166767761222
2	8	0.000189747592123075	0.000198799082164561	0.00016937367118691	0.000176937188109404	0.000171858219363391	0.000161191790025268	0.000156564791753169	0.000152070611120273	0.000152959006432818	0.000152070611120273	0.000153852591743782	0.00014233137799185	0.000139506053618321	0.000133049320905821	0.000130574447687665	0.000120780953160813	0.00013258856315602	0.000131744422413177	0.000122517023704534	0.000125251073439887	0.000125246926741176	0.000163080653654984	0.000138199646637768
2	9	0.000184727983022541	0.000193299116133749	0.000165394404398079	0.000172578590867098	0.000167755273414647	0.000157613189958228	0.000153208133421131	0.000148926191726771	0.000149772897442493	0.000148926191726771	0.000150624417023129	0.00013964117254802	0.000136945692588865	0.000130770070690203	0.000128399205189288	0.000119001422427905	0.000130328582432123	0.000129520937825481	0.000120667919117199	0.000123292199250376	0.000123289730440108	0.000159410474258076	0.000135701197582003
2	10	0.000186997965462164	0.000195383818818961	0.000168034451513756	0.000175089181701065	0.000170353865588792	0.000160382097306519	0.000156044536743854	0.000151824286229823	0.000152659105067406	0.000151824286229823	0.000153498514227849	0.000142666762142089	0.000140006130363773	0.000133891142324189	0.000131539004761906	0.00012219632047698	0.000133453017503008	0.000132653028840422	0.000123853672084607	0.000126463382828783	0.000126462824847332	0.000162150695759116	0.000138780116767347
2	11	0.000196159104239262	0.000204640137456024	0.000176930006486676	0.000184092012647498	0.000179285834729633	0.000169149316565432	0.00016473325473631	0.000160432485138186	0.000161283561303595	0.000160432485138186	0.000162139152331681	0.000151094198684133	0.000148378886198167	0.000142116854116918	0.000139703158833585	0.000130095146104961	0.000141667114934637	0.000140847635542839	0.000131800162471559	0.000134484839049538	0.000134486422995775	0.000170948712673618	0.000147130448777842
2	12	0.000210462762464914	0.000219206185258733	0.000190583925563431	0.000197997159479457	0.000193023638877667	0.000182517236378667	0.000177932558307034	0.000173463043457448	0.000174347873282211	0.000173463043457448	0.000175237216597589	0.000163752500386143	0.000160926741583368	0.000154385245604375	0.000151858123633665	0.000141775066922906	0.000153914187649676	0.000153057904326582	0.000143564952787119	0.000146383281795179	0.000146387501386828	0.000184384015445502	0.000159630871531717
2	13	0.000228252510232865	0.000237344772652854	0.000207522670495719	0.000215263005393435	0.000210071352442988	0.000199086211355432	0.0001942847057986	0.000189599001609705	0.000190527013375945	0.000189599001609705	0.000191459567390989	0.000179413476756549	0.000176447359671407	0.000169552986819196	0.000166883191836806	0.000156204998973993	0.0001690551118643	0.000168152447775857	0.000158101029065094	0.000161086655760811	0.000161094078978099	0.000201039876666054	0.000175091063002013
2	14	0.000249431230757352	0.000258925345665574	0.000227722254845437	0.000235838784062593	0.000230396242858192	0.000218860686393194	0.000213809955197929	0.000208875781645003	0.000209853421759824	0.000208875781645003	0.000210835637705249	0.000198145560579886	0.00019501874230802	0.000187718145272611	0.000184883735349355	0.000173517729236479	0.000187189294343764	0.000186233310873307	0.000175536297943499	0.000178715248127288	0.000178726684238697	0.000220914229600545	0.000193593763889011
2	15	0.000274252840115063	0.000284204927579467	0.00025143022771853	0.000259974306944695	0.000254246589246179	0.00024208589686289	0.000236752294122225	0.000231536200573808	0.00023257014364695	0.000231536200573808	0.000233608703874022	0.000220189502587377	0.000216881153570748	0.000209119354259497	0.000206097676337783	0.000193948133045669	0.000208555224671731	0.000207538798679027	0.000196106120036861	0.00019950525339205	0.000199521606738691	0.000244252831532026	0.000215379156999119
2	16	0.000302033149744369	0.000312504013023811	0.000277956737710727	0.000286980991148923	0.000280932843060131	0.000268071816473225	0.000262422180802338	0.000256891611669791	0.000257988321390095	0.000256891611669791	0.000259089713132527	0.000244859116133334	0.000241349324613762	0.000233075860338503	0.000229846554347272	0.0002168291610055	0.000232472594797062	0.000231389215197763	0.000219141366442019	0.000222784265795331	0.000222806189052587	0.000270365581723393	0.000239762067178001
2	17	0.000330994234405698	0.000341994333268083	0.000305641013462723	0.00031515391545387	0.000308779639924215	0.000295206383830149	0.000289235565330444	0.000283385512083488	0.000284545979474668	0.000283385512083488	0.000285711198995045	0.000270657859215511	0.000266944237905006	0.000258150906098801	0.000254710312178335	0.000240808884022485	0.000257507776013054	0.000256356464620377	0.000243278003146306	0.0002471691614774	0.000247197086708452	0.000297629082217354	0.000265271251386308
2	18	0.000358857019683235	0.000370382758729747	0.000332243304696508	0.00034223740306708	0.000335541814852178	0.000321269013316878	0.000314983654089336	0.000308821262651968	0.000310044019676453	0.000308821262651968	0.000311271618125158	0.000295415193308753	0.00029150302003406	0.000282205095076654	0.000278559847080275	0.000263803986783207	0.000281523353154688	0.000280306167166256	0.000266424634671083	0.000270555633021951	0.000270589271034137	0.000323818135998352	0.000289746374522124
2	19	0.000384770662621536	0.000396807677810186	0.000356938007327041	0.000367396299802832	0.000360390600859049	0.000345444710509175	0.000338857595601245	0.00033239608714057	0.000333678455946286	0.00033239608714057	0.000334965772071832	0.000318340967797586	0.00031423908641018	0.000304461820505853	0.000300622746555292	0.000285059991048869	0.00030374352608933	0.000302463790160501	0.000287823668138864	0.000292181070006237	0.000292219878964332	0.000348115271630444	0.000312402134095451
2	20	0.000409583459378502	0.000422148538431924	0.000380500637933973	0.000391433588652477	0.000384110597420412	0.000368478649577295	0.000361585102374698	0.000354820520562874	0.000356163236159031	0.000354820520562874	0.000357511032873859	0.000340107904067105	0.000335814014036421	0.00032555654339942	0.00032152428476581	0.000305161033934009	0.000324801859918998	0.000323459453255799	0.000308066598352937	0.000312648503091464	0.000312691961011463	0.000371272727950918	0.000333894987140201
2	21	0.000434068901063933	0.00044718728927149	0.000403682477179117	0.000415109338377232	0.000407456046186195	0.000391111823961091	0.000383900969394809	0.000376823059987406	0.000378228124564312	0.000376823059987406	0.000379638428222035	0.000361430647046532	0.000356938326815357	0.000346188552370856	0.000341959032856995	0.000324781353908758	0.00034539674864509	0.00034399007630859	0.000327831288063128	0.000332641527601711	0.000332689310339297	0.000394033948221227	0.000354933824554704
2	22	0.000457123525018472	0.000470752238699141	0.000425533684171907	0.000437416679083122	0.000429458373849357	0.00041245606591461	0.000404951891005353	0.000397584246130983	0.000399046972591628	0.000397584246130983	0.0004005150804745	0.000381563538739582	0.000376887872547055	0.000365681899930549	0.000361269339371271	0.000343335084642868	0.000364855635625209	0.000363389433563384	0.000346519093713146	0.000351541455156165	0.000351593415128236	0.000415496529451428	0.000374804648589404
2	23	0.000477342657894973	0.000491394393968935	0.000444751956687184	0.0004570148595483	0.00044880258738114	0.000431251302671918	0.000423501985563315	0.000415891918852977	0.000417402912923487	0.000415891918852977	0.000418919396648828	0.00039934600083505	0.000394517121180811	0.000382926892446202	0.000378359574076765	0.000359783571724753	0.00038207145839764	0.000380555152289913	0.000363081244827377	0.000368283564419334	0.000368339414375599	0.000434390588827975	0.000392368671498895
2	24	0.000495113385129213	0.00050952411489823	0.000461671677702508	0.000474257877883968	0.000465829519585149	0.000447810633608173	0.00043985228721884	0.000432035373999018	0.000433587563285963	0.000432035373999018	0.000435145329180121	0.000415041651639047	0.000410082185172478	0.000398162768857365	0.000393462555662427	0.000374334361447682	0.000397282266519041	0.000395723061474896	0.000377729795302833	0.00038308697253574	0.000383146363669278	0.000451034145116623	0.000407878459501574
2	25	0.000512019592007475	0.000526785632395197	0.00047773815994054	0.00049064295333807	0.000482001596741969	0.000463522565243569	0.000455358861374273	0.000447338939201625	0.000448931543299436	0.000447338939201625	0.000450529817343656	0.000429905603753223	0.000424817954981212	0.000412577203682774	0.000407747615540173	0.000388083137949344	0.00041167231448194	0.000410071221648537	0.000391573531468707	0.000397081076422695	0.000397143719998611	0.000466828881533436	0.000422559662897113
2	26	0.00053044145959754	0.00054564720727544	0.00049512907279889	0.000508423655031801	0.000499521518219008	0.000480481640636482	0.000472068748634606	0.000463803160391812	0.000465444618195838	0.000463803160391812	0.000467091885325787	0.000445837020225909	0.000440593971842118	0.000427970375658676	0.000422987943584468	0.000402694571895847	0.000427036746794783	0.000425385679687609	0.000406296427688041	0.000411980223625387	0.000412045943901585	0.000483888628960028	0.000438268322251783
2	27	0.000551300026707464	0.000567045528218862	0.000514727761588503	0.000528497745429325	0.000519277423406065	0.00049955499544961	0.000490839616876648	0.000482276289277777	0.000483976918722001	0.000482276289277777	0.00048568354502025	0.000463663775973515	0.000458232160655705	0.0004451488311304	0.000439983802610119	0.000418942537685257	0.000444180921039388	0.000442469790693815	0.000422677028921119	0.00042857036661523	0.000428639195367219	0.000503084324311031	0.000455823907108419
2	28	0.000574380168661088	0.000590767244280766	0.000536315774678898	0.000550647891984746	0.000541051212178553	0.000520523138671924	0.000511451472428829	0.000502537906993004	0.000504308104970558	0.000502537906993004	0.000506084538499374	0.00048316439130846	0.000477510715892382	0.000463890763716694	0.000458513540733219	0.000436606571770361	0.000462883069118827	0.000461101775761643	0.000440494678754634	0.000446630508241001	0.000446702377339313	0.000524196699885356	0.000475004321724878
2	29	0.000600235661540233	0.000617397159599795	0.000560376468058149	0.000575383687648152	0.000565334871528052	0.000543840917407741	0.000534342981517423	0.000525010922785828	0.0005268642041482	0.000525010922785828	0.000528724027568383	0.000504727308021204	0.000498808001188165	0.000484551763812251	0.000478924057252967	0.000455999259119152	0.000483497170075581	0.000481632617473144	0.000460068081907492	0.00046648894627416	0.000466563719021781	0.00054768719607307	0.000496183187419213
2	30	0.000630011309432727	0.000648122155993011	0.000587958024783879	0.000603789507923929	0.000593188517231602	0.000570516904534508	0.000560500095173939	0.000550659155220514	0.000552613422660491	0.000550659155220514	0.000554574625717882	0.000529268137174243	0.000523025556182414	0.000508000400283982	0.000502071090864105	0.000477924757531255	0.000506889398673259	0.000504924169278481	0.000482210565195835	0.000488973441470483	0.000489051041191901	0.000574573573867573	0.000520255640651899
2	31	0.000665206370859868	0.00068449212160005	0.000620443184872629	0.000637291783242856	0.000626009300310004	0.000601885957824209	0.000591230292357882	0.000580763272606003	0.000582841746065096	0.000580763272606003	0.000584927658100496	0.000558009240804784	0.000551368738986077	0.000535401837382048	0.000529104095176853	0.000503469111450007	0.000534221982831458	0.000532133397701754	0.000508019432778471	0.000515199043792066	0.000515279515164926	0.000606201804349516	0.000548419371058697
2	32	0.000706758244591548	0.000727422188117233	0.000658815731359674	0.000676857729173058	0.0006647756521299	0.000638948818601281	0.000627543424941365	0.000616341620365193	0.000618565869532793	0.000616341620365193	0.000620798145554651	0.000591988125654902	0.000584880709573435	0.000567808009341721	0.00056107750305929	0.000533693411029471	0.000566547269245042	0.000564313854652676	0.000538554499017005	0.000546223761060072	0.000546307709306278	0.000643568807598915	0.000581720927131006
2	33	0.00075473581350945	0.000776952879449594	0.00070320692026447	0.000722595704255886	0.000709611343216838	0.000681861125955976	0.000669608726743305	0.00065757649155048	0.000659965516393974	0.00065757649155048	0.000662363220744379	0.000631415834954206	0.000623780921090563	0.000605455637833153	0.000598234253643308	0.000568863718872212	0.000604103111158567	0.000601705683562763	0.000574077672270135	0.000582303065205769	0.000582391374295272	0.000686824631494477	0.000620384026659647
2	34	0.000809518528823491	0.000833463858699149	0.000753994356892732	0.000774884235498893	0.000760894314222464	0.000730999143505237	0.00071780153281415	0.000704842194533504	0.000707415208011503	0.000704842194533504	0.000709997614227919	0.000676664529904779	0.000668440903323288	0.000648713688608821	0.00064094208846315	0.000609341999025707	0.000647258233758345	0.000644677282806199	0.000614951929640104	0.000623801568283701	0.000623895261532329	0.000736345882690626	0.000664780101019792
2	35	0.000870884101233663	0.000896740489193736	0.000810939529197062	0.000833490658184148	0.000818387949539231	0.000786118293033109	0.000771873963569377	0.000757887738927361	0.000760664561187289	0.000757887738927361	0.000763451557436672	0.000727476268566617	0.000718600670778695	0.000697318635594656	0.000688936359705498	0.000654860043379691	0.000695748916548761	0.000692964452940877	0.000660909720642376	0.000670452699806455	0.000670552646750246	0.000791889358171959	0.000714648008223303
2	36	0.000937491606811689	0.000965469087661228	0.000872646020770303	0.000897038144809257	0.000880702127432269	0.00084580245473589	0.000830399493693467	0.000815277036931382	0.000818279334489286	0.000815277036931382	0.000821292688154767	0.000782393463594821	0.000772796339174112	0.00074979787848636	0.000740742325403777	0.000703939180343421	0.000748102229371251	0.000745093059765925	0.000710473170741644	0.000720779594604802	0.000720885918152395	0.000852043342607237	0.000768519924642501
2	37	0.00100828457440325	0.0010385224429764	0.000938216923800138	0.00096457050584682	0.000946920461552185	0.000909218893262048	0.000892581691893854	0.000876248923783062	0.000879491391614397	0.000876248923783062	0.000882745857860054	0.00084073206893947	0.000830366388160568	0.000805540159715736	0.000795767767457108	0.00075606179595777	0.000803710438019334	0.000800461983851881	0.000763111360477007	0.000774230492776152	0.000774343543904983	0.000915960282667214	0.000825745030890469
2	38	0.00108120896540387	0.00111376622439971	0.0010057820956356	0.00103414879503891	0.00101515013554703	0.000974572650662583	0.000956668482491752	0.000939093237195651	0.000942582264088115	0.000939093237195651	0.000946084253813422	0.000900873246747461	0.000889718635307475	0.000863015374744793	0.000852506659194702	0.000809818365077431	0.000861047926633161	0.000857553748833295	0.000817397605648541	0.000829351712308821	0.000829471776020837	0.000981827791394245	0.000884743340028863
2	39	0.00115621308387886	0.0011911026297071	0.00107539144299272	0.00110578558402924	0.00108542884555317	0.00104195344778839	0.00102277181425364	0.00100394330116379	0.00100768106791717	0.00100394330116379	0.00101143275069577	0.000962997202942824	0.000951046966118309	0.000922445972403693	0.000911191838275575	0.000865480756491225	0.000920339043088488	0.000916596478175614	0.000873596787455848	0.000886397268489547	0.000886525013806943	0.00104972645424487	0.000945715574971467
2	40	0.00123462755055273	0.00127184108584858	0.0011484175037224	0.00118083885305662	0.00115912448607693	0.00111274809987438	0.0010922858492175	0.00107219987752438	0.00107618730352283	0.00107219987752438	0.00108018955844117	0.00102851959481452	0.00101577137976816	0.000985256592140563	0.000973248598615009	0.0009244725615159	0.000983008486227208	0.000979015529929505	0.000933132720726875	0.00094679154130565	0.000946928320701579	0.0011210399328107	0.00101008468284011
2	41	0.00131568167665214	0.00135520538102556	0.00122410449281554	0.00125854685806493	0.00123547925597	0.00118620788805384	0.00116446616950904	0.00114312294968445	0.0011473600662866	0.00114312294968445	0.00115161288824845	0.00109670983186728	0.00108316404148227	0.00105072765625004	0.00103796095071247	0.000986093630303696	0.001048337368197	0.00104409308236017	0.000995302464674807	0.00100982712812337	0.00100997405457126	0.00119501781711396	0.00107712376766539
2	42	0.00140032664515395	0.00144203780089646	0.00130364044980991	0.00134001115604538	0.00131565298771603	0.00126361225530015	0.00124064283457647	0.0012180909424785	0.00122256828491454	0.0012180909424785	0.0012270620847386	0.00116905297056487	0.00115474117929429	0.0011204370802512	0.00110692846660983	0.0010520218132219	0.00111790751414238	0.0011134191629886	0.00106176976693117	0.00107714604004103	0.0010773055492257	0.00127291865838434	0.00114836526377108
2	43	0.00148783331513782	0.00153156841790283	0.00138638979759858	0.00142456114338125	0.00139899855932601	0.00134436391838071	0.00132024040790585	0.00129654977408713	0.00130125364558714	0.00129654977408713	0.00130597458269275	0.00124504196693311	0.0012300095918045	0.00119392300211297	0.00117970127732384	0.00112185479880459	0.00119125928211678	0.00118653827188611	0.00113212379689594	0.00114832412918334	0.00114849876699549	0.00135413629494524	0.00122332251424751
2	44	0.00157999200171445	0.00162571399979227	0.0014738594624463	0.0015138087202774	0.00148705734663207	0.00142985661283775	0.00140458880456256	0.00137976751807796	0.00138469643441088	0.00137976751807796	0.00138964295821456	0.0013258101304973	0.00131006336139759	0.00127219238739161	0.00125725346945964	0.0011964384322302	0.00126939355189566	0.00126443984908631	0.00120723321876508	0.00122426584411031	0.00122445774312872	0.00144009055674424	0.00130307095722392
2	45	0.00168129124748068	0.0017292345174501	0.00156992453426558	0.00161185709920995	0.00158377942411994	0.00152371817791923	0.00149717583496009	0.0014710958451972	0.00147627524351915	0.0014710958451972	0.00148147287734022	0.00141441166985781	0.00139786984062264	0.00135801747688384	0.00134228309790682	0.00127817903461692	0.00135506881825357	0.00134985673146722	0.00128955634870608	0.00130751101127361	0.00130772159871706	0.00153446640520897	0.00139053692787414
2	46	0.00179488928360578	0.00184565951729293	0.00167691087036742	0.00172134047916056	0.00169159183643047	0.00162794203791475	0.00159980753073414	0.00157215925124213	0.00157765041438202	0.00157215925124213	0.00158316075679564	0.00151207232376529	0.00149453800227024	0.00145225376193912	0.00143555111083116	0.00136747252300831	0.00144912317754185	0.00144359352274576	0.00137955445157733	0.0013986228129429	0.00139885135749872	0.00163933389491446	0.00148677254743069
2	47	0.00192690302841206	0.00198130982640269	0.00180046344093875	0.001848081238124	0.00181619813013768	0.00174797811042619	0.00171782198216582	0.00168818610760098	0.00169407209528529	0.00168818610760098	0.00169997860490783	0.00162378105433261	0.0016049867669225	0.00155965438179175	0.00154174575303974	0.00146874466163049	0.00155629764835936	0.00155036949469237	0.00148169999591287	0.00150214723214235	0.00150239347050019	0.00176018827319605	0.00159666508324842
2	48	0.00207950145850817	0.00213849728199713	0.00194242781369943	0.0019940452959202	0.00195948344455904	0.00188554140118346	0.00185286019691174	0.00182074544061724	0.00182712354977017	0.00182074544061724	0.00183352400157214	0.00175094914534609	0.00173058124732738	0.00168148123739746	0.00166208976631662	0.00158306442051499	0.00167784688724979	0.00167142570200626	0.00159708941551517	0.00161922368445516	0.00161948688412603	0.00189877472045507	0.00172155770262465
2	49	0.00225276006130848	0.00231730200289424	0.00210286998272152	0.00215930201257263	0.00212151485793995	0.00204069448864912	0.00200498293104779	0.00196989631527553	0.00197686417080336	0.00196989631527553	0.00198385667281145	0.00189363229296516	0.00187137624558453	0.00181778719149722	0.00179663531131475	0.00171048141838607	0.00181382362345739	0.0018068146375544	0.00172577274386172	0.00174990289097881	0.00175018232740254	0.00205515658214216	0.00186150481516708
2	50	0.00244577873018836	0.00251667897860221	0.00228121482674071	0.00234315585812671	0.00230167773242944	0.00221299209088418	0.00217381810090208	0.00213533756188053	0.00214297878597822	0.00213533756188053	0.00215064735390516	0.00205168563770199	0.00202727279488558	0.00196857200705491	0.00194541880172116	0.00185117301094799	0.00196423434602232	0.00195655587107905	0.00186790203559992	0.00189429754212174	0.00189459348538526	0.00222885864485129	0.00201643001291219
2	51	0.00265152446128059	0.00272920034360253	0.00247132536108994	0.00253913603563951	0.00249372527466349	0.00239665990554558	0.00235379723549405	0.00231170113581812	0.00232005969174289	0.00231170113581812	0.00232844847019776	0.00222017952627791	0.00219346941654616	0.00212932378679006	0.00210403884202878	0.00200117402847654	0.00212458764483516	0.00211619609347869	0.00201943432628943	0.00204824272358241	0.00204855631963727	0.00241402273165253	0.00218159213465735
2	52	0.00286719672709253	0.00295149351042768	0.00267167214470833	0.0027452441932843	0.00269597443016228	0.00259067122142048	0.00254417562816191	0.00249851450597576	0.00250758069550135	0.00249851450597576	0.00251667978289178	0.00239923863300092	0.0023702653050558	0.00230071363243039	0.0022733036104908	0.002161815168293	0.00229557976905161	0.00228648069080436	0.00218160679626177	0.00221282993562146	0.00221316634541765	0.00260950651736249	0.0023573764047988
2	53	0.00308947261666088	0.00317981553612246	0.00287986915988923	0.00295874805332358	0.00290592565918081	0.00279301219423361	0.0027431486748293	0.00269417536656424	0.00270389957830345	0.00269417536656424	0.00271365888808978	0.00258770385463988	0.0025566307963675	0.00248199166250634	0.00245256723058393	0.0023328504418388	0.00247647997338394	0.00246671582505501	0.00235410199446966	0.00238763018024523	0.00238799702059098	0.00281321047600946	0.00254281623563693
2	54	0.00332089286075945	0.00341674755900903	0.0030983620927946	0.00318212929765587	0.00312603657084283	0.00300608852327798	0.00295309894097651	0.0029010434282511	0.00291138059977359	0.0029010434282511	0.00292175460532417	0.0027878864725778	0.00275486329068011	0.00267541859261268	0.00264407533563539	0.00251646204772103	0.00266954609959614	0.00265915462410538	0.00253911322251214	0.00257485451548679	0.002575260059343	0.00302754964002536	0.00274020356267767
2	55	0.00357246627210956	0.00367397071545591	0.00333664288051549	0.0034254434935094	0.00336598430888405	0.00323878188622143	0.00318256279211027	0.00312731955455683	0.00313829095088223	0.00312731955455683	0.00314930083752985	0.00300725500229155	0.00297221767000286	0.00288776988240166	0.00285442124823292	0.00271852782562577	0.00288151985504306	0.0028704757888684	0.00274264575733267	0.00278070806707461	0.002781158846151	0.00326154661489305	0.00295669239158529
2	56	0.00385656413466717	0.00396474028843946	0.00360508891001059	0.00369980878451156	0.00363638965017055	0.00350066786086286	0.00344066223941542	0.00338168518587228	0.00339339916181583	0.00338168518587228	0.00340515371434321	0.00325352628257745	0.00321612876449964	0.00312585343365432	0.0030901758416477	0.00294469138445454	0.00311916531883573	0.00310736081379285	0.00297050873415055	0.00301125901910323	0.00301175834482873	0.00352496211619543	0.00319958305205135
2	57	0.00418932903730705	0.00430621985582129	0.00391752825026844	0.00401991510222587	0.00395136411764646	0.0038046387497783	0.0037397588392245	0.0036759853156552	0.00368865241969653	0.0036759853156552	0.0037013631734021	0.0035374131797929	0.00349697798482329	0.0033993076846516	0.00336069520576832	0.0032031982294144	0.00339206867395161	0.00337929797134878	0.00323114601066997	0.00327526171018389	0.00327580976149433	0.00383090479076574	0.00347909972979156
2	58	0.0045841117735899	0.00471258935998538	0.00428543067069099	0.0043979328950061	0.00432260795632787	0.00416140321694465	0.00409012940499366	0.00402007632460969	0.00403399029093602	0.00402007632460969	0.00404795241516864	0.00386785051924214	0.00382343029920898	0.00371619193037135	0.0036738082840358	0.00350097050126097	0.00370824657620185	0.00369422409722092	0.00353164169355233	0.00358005378283088	0.00358064827338978	0.00419025929915825	0.003803779500187
2	59	0.0050489494416358	0.00519231645799326	0.00471585779314237	0.00484128694341455	0.00475730221645415	0.0045776286686822	0.004498217780966	0.00442018448185392	0.00443568208770115	0.00442018448185392	0.00445123402969385	0.00425058973297315	0.00420109857040455	0.00408180502569097	0.00403469396494921	0.00384271319170743	0.00407297561477754	0.00405737453140486	0.00387678515703339	0.00393055704580345	0.00393119493191283	0.00460978418185707	0.00417917030476791
2	60	0.00558792451295265	0.00574950908539092	0.00521283178006682	0.00535402234845252	0.00525947667515227	0.00505731158544002	0.00496800547167814	0.00488027639777637	0.00489769739324021	0.00488027639777637	0.00491518057597753	0.00468956936928048	0.00463391408198247	0.00450005148870739	0.00444724453632489	0.00423226345440332	0.00449015787049953	0.00447264813867246	0.00427042280332404	0.0043306332633225	0.00433131301892343	0.00509348193531558	0.00460920227116367
2	61	0.00619512200952212	0.00637724058244453	0.00577269955293639	0.00593164919322773	0.00582520377879326	0.0055976995434809	0.00549724696640238	0.00539859704417579	0.00541818437742257	0.00539859704417579	0.00543784277795231	0.00518411378280768	0.00512151757925456	0.00497125082287967	0.0049120309265395	0.00467115646339077	0.00496015898691779	0.00494050040092145	0.00471391689690685	0.00478137554833797	0.00478210260861307	0.00563839267620533	0.00509367176300858
2	62	0.00685289700615024	0.00705667579817288	0.00638049945541972	0.00655820916752156	0.00643919442842239	0.00618490940914429	0.00607266910681805	0.0059624656791868	0.00598434519875032	0.0059624656791868	0.0060063050061347	0.0057229424994674	0.00565305951018607	0.00548534014403209	0.00541925793445841	0.00515056578497265	0.00547296231842597	0.00545102528546847	0.00519825319045584	0.00527349458934004	0.0052743055970547	0.00623038426473585	0.00562197529235389
2	63	0.0075458652950158	0.00777108282205548	0.00702386418071364	0.00722021805882401	0.00708871487022157	0.00680777721610692	0.00668378589009441	0.00656205284140771	0.00658622077409417	0.00656205284140771	0.0066104777168792	0.00629749902535857	0.00622032068303921	0.0060351067649957	0.00596213727223184	0.0056654751658362	0.00602143864001707	0.00599721510682789	0.00571812262359396	0.00580119359979976	0.00580208902423625	0.00685801542233522	0.00618599258292602
2	64	0.00826271462517265	0.00850842966299732	0.00769310253718679	0.00790738280982648	0.00776387620681095	0.0074572627480507	0.00732192511858408	0.0071890436549478	0.0072154256057787	0.0071890436549478	0.00724190437161907	0.00690023104965797	0.00681596756189718	0.00661373519471008	0.00653405479506741	0.00621007257346751	0.00659881029489488	0.00657235912542909	0.00626757277865653	0.00635829691505112	0.00635927480760618	0.00751209566772514	0.00677848686231676
2	65	0.00900901196358746	0.00927491232684429	0.00839237885235852	0.00862438607215215	0.00846901269110887	0.00813697329644496	0.0079903809428617	0.00784642953663639	0.00787501083828902	0.00784642953663639	0.0079036962498174	0.00753348855296998	0.00744216735139046	0.00722296224269009	0.00713658099609492	0.00678527180768706	0.00720678279816075	0.00717810755400962	0.00684763167466653	0.00694601483294733	0.0069470752234103	0.00819636052649059	0.00740154468183231
2	66	0.00980801139724705	0.0100945608412797	0.00914316265544581	0.00939336633159109	0.00922581447839847	0.0088676455088047	0.00870947107101465	0.00855411803071341	0.00858496535565063	0.00855411803071341	0.00861592392027994	0.00821629168034896	0.00811768235925282	0.0078809334134175	0.00778761914390373	0.00740799587696706	0.00786345624709042	0.00783248005393288	0.0074753957418482	0.00758171789889714	0.00758286377492266	0.00893171672188178	0.00807381381941652
2	67	0.0106709814281264	0.0109808544052467	0.00995180657834407	0.0102224903724657	0.0100412286009291	0.00965368606855279	0.00948251014420496	0.00931436945394991	0.009347757370472	0.00931436945394991	0.00938126496798542	0.00894867201906367	0.00884191053543799	0.0085855574335913	0.0084845036499991	0.00807331880626085	0.00856663125221176	0.00853308623503209	0.00814633125131152	0.00826149918005851	0.00826274033768559	0.0097230185440452	0.00879441284158045
2	68	0.011626773812624	0.0119643699121889	0.0108432536284304	0.0111381563886828	0.0109406766142989	0.0105184584318817	0.0103319659168273	0.0101487799184451	0.0101851554258549	0.0101487799184451	0.0102216613112559	0.00975035863088402	0.00963404348183606	0.00935474981012722	0.00924465269566045	0.00879666952848532	0.00933412992882656	0.00929758296477991	0.00887621625693238	0.00900169105896711	0.00900304329223471	0.0105939945955288	0.00958229536403518
2	69	0.0127217621910472	0.0130928651317636	0.0118606689349761	0.0121847364801664	0.0119677222887828	0.0115037993625477	0.0112989128867043	0.0110976755068386	0.0111376341915309	0.0110976755068386	0.0111777367528829	0.0106600510098666	0.0105323061389509	0.0102255965894489	0.0101047036123192	0.00961286097922941	0.0102029542741324	0.01016282328193	0.00970018747623937	0.00983794112788791	0.00983942573748893	0.0115867904817817	0.0104754752468227
2	70	0.0140100537023933	0.0144215724064432	0.0130555016501644	0.013414688048702	0.0131741489270554	0.0126600362233809	0.0124330287833174	0.0122100918195887	0.012254357096639	0.0122100918195887	0.0122987828487112	0.0117253740442286	0.0115839078132393	0.0112443020878683	0.0111104617416732	0.010566058157877	0.011219234003516	0.0111748045399665	0.0106627031996092	0.0108151685148107	0.0108168117560086	0.0127519955352329	0.0115209763514684
2	71	0.0156823553953186	0.016146337660479	0.0146064900068824	0.0150112612569371	0.0147401862731896	0.0141609277168169	0.0139052081483555	0.0136541063915941	0.0137039613425379	0.0136541063915941	0.0137539983278135	0.0131082656562853	0.0129489906510383	0.0125666900548143	0.0124160459918263	0.0118034277313477	0.0125384736802709	0.0124884654474937	0.0119121664019893	0.0120837246962823	0.0120855738125197	0.0142645275019457	0.0128781413905135
2	72	0.0176932842401319	0.0182172156391797	0.0164784625464072	0.0169355044535257	0.0166294226714507	0.015975374505929	0.015686645515806	0.0154031348340053	0.0154594240574404	0.0154031348340053	0.0155159189842409	0.0147868595891613	0.0146070360522432	0.0141754214916997	0.0140053485118765	0.0133137378149336	0.0141435658523437	0.0140871078554937	0.0134364953133497	0.0136301732201433	0.0136322607622642	0.0160923486840923	0.0145270469277333
2	73	0.0200791746147743	0.0206684558124146	0.0187122304283293	0.0192266046076222	0.0188821409984756	0.0181458888683198	0.0178207873489243	0.017501510344309	0.0175649048200786	0.017501510344309	0.0176285289251475	0.0168073093460217	0.0166047003188312	0.0161183057822409	0.0159266118228803	0.0151468648230092	0.0160824019556603	0.0160187675783488	0.0152852915496322	0.0155036686731634	0.0155060222846175	0.0182775840767197	0.0165145687224099
2	74	0.0228612644248439	0.0235195228363451	0.0213329106416116	0.0219082585481764	0.021522994530928	0.0206990940767416	0.0203350936191119	0.0199774942306624	0.0200485074546619	0.0199774942306624	0.0201197731066148	0.0191995468306085	0.018972383893617	0.0184268319220707	0.0182117395788187	0.0173363124615974	0.0183865492757145	0.0183151499525283	0.0174917851270679	0.0177370001165192	0.0177396426275212	0.0208465121565302	0.0188713128216546
2	75	0.026048230001812	0.0267779152611247	0.0243518390524131	0.0249908139088198	0.0245629944456031	0.0236473952713704	0.0232425738842646	0.0228446826623452	0.0229237122176052	0.0228446826623452	0.0230030151699922	0.0219784185414872	0.0217252913881844	0.021117050967251	0.020877111100746	0.0198997623623207	0.0210721205860024	0.0209924768726321	0.0200734304787229	0.0203472599926186	0.0203502103084922	0.0238112912399849	0.0216126421177686
2	76	0.0296928056300939	0.0304959582774377	0.0278226218111635	0.0285275622224183	0.028055644859736	0.0270447245491104	0.0265973370371955	0.0261573504357781	0.0262447615892211	0.0261573504357781	0.0263324648483102	0.0251985319315705	0.024918119685284	0.0242438594434807	0.0239776955174642	0.0228924410542055	0.0241940262785488	0.0241056830046476	0.0230854130597553	0.0233895648224563	0.0233928410784509	0.0272257796243611	0.0247932921136908
2	77	0.0337373555813895	0.0346191589295618	0.0316809134906631	0.0324565853700817	0.0319373888638752	0.0308242046528713	0.0303311207631187	0.0298459245617938	0.0299423388727308	0.0298459245617938	0.0300390646405748	0.0287876380231068	0.0284778847306346	0.0277325956667374	0.0274382043273861	0.0262367166261968	0.0276774857738739	0.0275797787326142	0.0264504923811748	0.0267873133922974	0.0267909407577304	0.031023675414874	0.0283399585516459
2	78	0.0381554143424193	0.039123337885781	0.0358952383224607	0.0367482434276857	0.0361773503414675	0.0349524104661599	0.0344094160909034	0.0338748572680917	0.0339811005083003	0.0338748572680917	0.0340876769639673	0.0327080208006232	0.0323662617131229	0.0315435191285216	0.0312183572366114	0.0298902229020428	0.0314826566714063	0.0313747419611618	0.0301266594240275	0.0304990717854755	0.0305030817050054	0.0351719999187931	0.0322140493668114
2	79	0.0429333340576352	0.0439962293090709	0.0404488626900279	0.0413869434544659	0.0407591696439735	0.0394113826327628	0.0388135749236875	0.0382248350024733	0.0383418641960374	0.0382248350024733	0.0384592516862991	0.0369389587926886	0.036562128694298	0.0356545666268193	0.0352957281061867	0.0338291064942528	0.0355874074406799	0.0354683204539846	0.034090308266672	0.0345016297346031	0.0345060579518004	0.0396530759094287	0.0363942660352545
2	80	0.0480773363308403	0.0492449249168989	0.045346002936726	0.0463776539533581	0.0456873112196255	0.0442045132395189	0.0435465182373616	0.0428983176519083	0.0430271812451491	0.0428983176519083	0.0431564319357535	0.0414819152891579	0.0410666597670978	0.0400662213735901	0.0396705292550417	0.0380524867599322	0.0399921704940418	0.0398608566581726	0.0383407511903252	0.0387946048698101	0.0387994904257182	0.0444704867532154	0.0408816542583737
2	81	0.053619443638629	0.0548935128421806	0.0506364117118609	0.0517635702240562	0.0510093773693979	0.0493886075442876	0.0486690177874335	0.0479599124204807	0.0481009021072757	0.0479599124204807	0.0482423062671333	0.0464096245064213	0.0459549044580547	0.0448589827262961	0.044425364789615	0.0426512674519633	0.044777841285103	0.0446339459256716	0.0429674499572065	0.0434651561957305	0.0434705131286529	0.0496794137230598	0.0457522850953019
2	82	0.0597511379329803	0.0611405681236388	0.0564952471681092	0.0577259709831011	0.0569025450030224	0.0551321168791522	0.0543456906553591	0.0535704823248826	0.0537246342733785	0.0535704823248826	0.0538792298024096	0.0518748276676952	0.0513772443932309	0.0501775884253737	0.0497027563442924	0.0477590056588286	0.0500887421242719	0.0499311746818681	0.0481055471343971	0.0486509327827793	0.048656802180491	0.0554498646626037	0.0511554921063041
2	83	0.0666424969884011	0.0681576215142021	0.0630889856946687	0.0644327270474735	0.063533756522057	0.061599924775526	0.0607404777324066	0.0598930217626954	0.0600615617350048	0.0598930217626954	0.0602305759816358	0.0580383875968838	0.0574939005971034	0.0561806809727795	0.0556607092626553	0.0535310233169567	0.0560833968327832	0.0559108556609405	0.053910852061396	0.0545085030763954	0.0545149341434877	0.0619470990185751	0.057251207868318
2	84	0.0744486385012924	0.0761007273249572	0.0705703698948882	0.0720375092652621	0.0710560659113876	0.0689437009878488	0.0680044078638059	0.0670779117257129	0.067262195597518	0.0670779117257129	0.0674469857543957	0.0650492110534619	0.0644533319715303	0.063015610236274	0.0624461228090867	0.0601123041099079	0.0629090714731341	0.0627201057245895	0.0605286984549065	0.0611837441220607	0.061190791860555	0.0693230409049878	0.0641876894177247
2	85	0.083247544084923	0.0850479627541824	0.0790170839211545	0.080618126783802	0.0795472004314305	0.0772409724980184	0.0762149080602678	0.0752024738008586	0.0754038789643108	0.0752024738008586	0.0756058235254425	0.0729843643151928	0.072332523213928	0.0707591512945644	0.0701356839118608	0.0675791421060642	0.0706425248570768	0.070435654579137	0.0680354542898014	0.0687531367672713	0.0687608573712798	0.0776552557444203	0.0720418840935991
2	86	0.0931308499500543	0.0950875310362483	0.0885284642943589	0.0902710636636068	0.0891055606205389	0.0865941494437788	0.0854761195835714	0.0843725247721096	0.0845920979112574	0.0843725247721096	0.0848122424729573	0.0819532191581665	0.0812418599141284	0.0795240775269719	0.078843088565693	0.076048872642614	0.079396703976641	0.0791707560072388	0.076547822557592	0.0773323741820108	0.0773408128814779	0.0870454454124976	0.080924624914225
2	87	0.104036028461806	0.106157499825257	0.0990408604928304	0.100933048263643	0.0996676151276438	0.0969392277779152	0.0957238665744381	0.0945237427819532	0.0947625577520172	0.0945237427819532	0.0950019760899575	0.0918912165978836	0.0911167352542621	0.0892457081068138	0.0885036429739999	0.0854568472720764	0.0891069248693783	0.0888607212868937	0.0860011350018478	0.0868567672984942	0.0868659691679832	0.097429681987738	0.0907712869642642
2	88	0.115948356562674	0.118241777479515	0.110542775263075	0.112591361014198	0.111221461800252	0.108266067998946	0.106948794629899	0.10564754852739	0.105906524961099	0.10564754852739	0.106166136230109	0.102791476605175	0.101950768778806	0.099918868589408	0.0991126505997979	0.0958003286054744	0.099768102489477	0.0995006239459054	0.0963923046528506	0.0973226792199841	0.0973326834174918	0.108797509118675	0.101575712553579
2	89	0.128942519474854	0.131413605572626	0.123112163927105	0.125322740415734	0.123844655936695	0.120653944424599	0.119230924771524	0.117824688531064	0.118104602641413	0.117824688531064	0.118385181738957	0.11473629472595	0.113826700370272	0.111627350295882	0.11075431097838	0.107165138077062	0.111464104887772	0.111174467720669	0.10780686972122	0.10881519713517	0.108826037930067	0.121227896430742	0.113420838050791
2	90	0.143125780770703	0.145780532876041	0.13685559635703	0.139234023080023	0.137643856333098	0.134209124368648	0.132676346086558	0.131161073389675	0.131462737111833	0.131161073389675	0.131765094645034	0.127831180694214	0.12684991922842	0.124476245990164	0.123533597154377	0.119655743371652	0.124300002533301	0.123987283421293	0.120349389871803	0.12143902377493	0.121450736965219	0.134827182468408	0.126411998491399
2	91	0.158715187763272	0.161558865005593	0.151991653874356	0.154543245286035	0.152837468757961	0.149150741003277	0.147504484431678	0.145876398475132	0.146200571676092	0.145876398475132	0.146525465269558	0.142296351241043	0.141240776715042	0.138686196008506	0.137671249576449	0.133493206681279	0.138496455119111	0.138159764364459	0.13424088056657	0.135415091594153	0.135427712022261	0.149814376754922	0.140769602478011
2	92	0.176038484788111	0.179073817146467	0.168853659667933	0.171581680793061	0.169758146390532	0.165814298963806	0.164052059095341	0.16230854794553	0.162655761462761	0.16230854794553	0.16300371774572	0.158472121959414	0.157340270511084	0.154599781562489	0.153510451802308	0.149023026407428	0.154396157632167	0.154034806107997	0.14982644572704	0.151087867461232	0.151101423006971	0.166524483945055	0.156834946949245
2	93	0.195144139807063	0.198374555747444	0.187488672501444	0.190396882905869	0.188453106454931	0.184246364616987	0.182365379281263	0.180503597069794	0.180874426701315	0.180503597069794	0.18124601817148	0.176404125246888	0.175193921257117	0.172262288408666	0.171096410267565	0.166290166512974	0.172044380394614	0.171657652271512	0.167151082758056	0.168502410060856	0.168516929320781	0.185004179924942	0.17465350543391
2	94	0.215938318316889	0.219366739600769	0.207804341836614	0.210895890126164	0.208829789356214	0.204355337394446	0.202353312984764	0.200370901969027	0.200765824350993	0.200370901969027	0.201161525107894	0.196002877960747	0.194712611196858	0.191585527142392	0.190341321842927	0.1852085196123	0.191353005458041	0.19094031255994	0.186128368245143	0.187571810757155	0.187587317186105	0.205161682311334	0.194136326700503
2	95	0.236873199786949	0.240446814574657	0.228383443863725	0.231612116333317	0.229454635928636	0.224778657213781	0.222684830880312	0.220610508661553	0.221023821521333	0.220610508661553	0.221437908721017	0.216036374337325	0.214684266048603	0.211405460404786	0.210100155028214	0.204710803253217	0.211161552011911	0.210728613257809	0.205677165013408	0.207193121654807	0.207209403942593	0.225621689920941	0.214080217826225
2	96	0.260345638371249	0.264036568717646	0.251563704854823	0.254905757694297	0.252672825275136	0.247828984429368	0.245658043377484	0.24350611941136	0.243934990854973	0.24350611941136	0.244364617641883	0.238756564404129	0.237351454414996	0.233941914303658	0.232583684454568	0.226970430679692	0.233688154718068	0.23323768680916	0.227977584612072	0.229556962809073	0.229573922518594	0.248702723229522	0.236723556888393
2	97	0.28541421998392	0.289191698722837	0.27641204027896	0.279840316700356	0.277550106912684	0.272577405024889	0.270346634819055	0.268134121209767	0.268575170593338	0.268134121209767	0.269016945451748	0.263246250836626	0.261798996587096	0.25828483352772	0.256883986754636	0.251088840881052	0.258023152647915	0.257558576831084	0.25212932053167	0.253760348440923	0.25377785874783	0.273474858656999	0.261152083524466
2	98	0.312008204346425	0.315836666814745	0.302869620504581	0.306352348260186	0.30402610816394	0.298970368279874	0.296700182129085	0.294447234292544	0.294896451092106	0.294447234292544	0.295346353229174	0.289465244034727	0.287988840932358	0.284401431373769	0.282970403075794	0.277044354199071	0.284134155324271	0.28365959771391	0.278109060003079	0.279777424225401	0.279795331142129	0.299883298979521	0.28732870747553
2	99	0.339980756715228	0.343821888926268	0.330796816123245	0.334299369526709	0.331960237343981	0.326871597838383	0.324584438651675	0.322313282988003	0.322766239225182	0.322313282988003	0.323219832014944	0.317286149656351	0.315795063694201	0.312169460189506	0.310722192985108	0.304722721135541	0.311899194829614	0.311419280222948	0.305801357617683	0.307490897021533	0.307509026901798	0.327790967732817	0.315128170486932
2	100	0.415195000834213	0.418902871904211	0.406293979509292	0.409694640469331	0.407424385190648	0.40247400791425	0.400243764579963	0.398025879771275	0.398468471343614	0.398025879771275	0.398911555063096	0.39310501482736	0.391642329735038	0.3880797527272	0.386655237495573	0.38073522266268	0.387813840923223	0.387341538481503	0.38180135368793	0.383469729879678	0.383487622276172	0.403369581047873	0.390987672833174
3	0	0.0117978466450139	0.0122838306763786	0.0102593124668057	0.0106157881614006	0.0101957967383088	0.00943425397817638	0.00906100748023749	0.00870252769819854	0.00862183647483305	0.00849187285183349	0.00848901030049396	0.00774280366126856	0.00757880253462757	0.00722963834658897	0.00710480570108133	0.0065618630837438	0.00727529836881999	0.00722317061662152	0.00672745931793587	0.00690317005215303	0.00691626078293177	0.00920278360214746	0.0077340577649956
3	1	0.00095370301402781	0.000998509661307443	0.000813566650102278	0.00084579418982134	0.000807840423921003	0.000739573135039819	0.000706385882193581	0.000674687858335387	0.000667577299179624	0.000656133487394472	0.000655892506748848	0.000590552133783418	0.000576363146901438	0.000546427007948227	0.00053578803999302	0.000489893701309626	0.000550325506291314	0.000545877027487446	0.000503858790413599	0.000518744637784224	0.000519785346352028	0.000718970219298415	0.000589714119785864
3	2	0.00070407097423806	0.000736228516414114	0.000603220049260081	0.000626452190623587	0.000599089541266593	0.000549783072524989	0.000525769234500195	0.000502804290931232	0.000497648764782414	0.000489349820916376	0.000489173425340771	0.000441727600863348	0.000431397444316165	0.00040956021784562	0.000401789328795697	0.000368206653899337	0.000412406599205559	0.000409158325719684	0.000378431071297865	0.000389318695289321	0.000390090104360847	0.00053487862699685	0.000441129601244475
3	3	0.000526784998182093	0.000550172670671798	0.000453241165177742	0.00047021075659755	0.000450222240695785	0.000414139749617772	0.00039653479512739	0.000379678221884871	0.000375891135098427	0.000369793920407526	0.000369663080150167	0.00033476117492264	0.000327142301654094	0.000311005028135034	0.000305255024872409	0.000280361304150089	0.000313110345672039	0.000310707513173564	0.00028794429993273	0.000296011147965451	0.00029659050827917	0.000403215582648684	0.000334329335033188
3	4	0.000403053902269988	0.000420477386319275	0.000348130229599076	0.000360822517878712	0.00034587097568065	0.0003188371366799	0.000305625358957698	0.00029296104277777	0.000290113839375121	0.00028552914505905	0.000285429858890233	0.000259156441593059	0.000253407150502575	0.000241207371934725	0.00023685511156597	0.000217981371689087	0.000242800331406674	0.000240982075219968	0.000223733286039938	0.00022984656866006	0.000230291332299659	0.000310640753011463	0.000258837275811624
3	5	0.000315646765863141	0.000328904478363554	0.000273746793729738	0.00028344479934856	0.000272019507488146	0.000251326139078351	0.000241195508713212	0.000231473230905318	0.000229285867391349	0.000225763156214322	0.000225686098405959	0.000205475120413869	0.000201040912815598	0.000191612993072765	0.000188245247604038	0.000173615015554148	0.000192845132410613	0.000191438569717331	0.000178075826294548	0.000182812221482506	0.000183161708768794	0.000245042657996282	0.000205234691212688
3	6	0.000256638072872405	0.000267108817303415	0.000223462197901759	0.000231152895241345	0.000222091633561574	0.000205652434195744	0.000197590798111179	0.000189845180539179	0.00018810129054127	0.000185292412595019	0.000185230332529074	0.00016909688013342	0.000165548030023916	0.000157987399455441	0.000155283190045122	0.000143514784048269	0.00015897639259364	0.000157847265348722	0.000147104649799969	0.000150912551884618	0.000151197604084478	0.000200653335856634	0.000168909209485956
3	7	0.000220642998902108	0.000229392251236491	0.000192854439712988	0.000199305823374123	0.000191704097810105	0.000177890737240428	0.000171105804708155	0.000164579656360947	0.000163109322505482	0.000160740788921779	0.000160687898699488	0.000147069509380051	0.000144066277726112	0.000137655436313142	0.000135359604554059	0.000125351330373336	0.000138494763862096	0.000137536397663523	0.000128405566370383	0.000131642219319023	0.000131887998516597	0.000173684217097746	0.00014691474795427
3	8	0.000202303624183657	0.000210110192438242	0.000177453268302661	0.000183230470721403	0.000176422608811387	0.000164033369549308	0.000157938768994446	0.000152070611120273	0.000150747683506765	0.000148616401251727	0.000148568329597753	0.000136302486029892	0.000133590998010689	0.000127791991537952	0.000125712811210312	0.000116634357207485	0.000128551848508049	0.000127684125784745	0.000119405886894836	0.000122340301687379	0.000122566229508115	0.000160255578199506	0.000136166350379768
3	9	0.000196614847447068	0.000203995350623451	0.000173068485134249	0.000178549979007984	0.00017209008331338	0.000160316787366169	0.000154516564200457	0.000148926191726771	0.00014766509966126	0.000145633270032323	0.000145586965534549	0.000133882851300478	0.000131289240738471	0.000125731680633779	0.000123736700083019	0.000115011790598542	0.000126460512013905	0.000125628121844088	0.000117676346262575	0.000120494946962617	0.000120715050968234	0.000156722160999787	0.000133756208086867
3	10	0.000198624577235931	0.000205831814268456	0.000175569893227262	0.000180945629271708	0.0001746097863662	0.000163042295243682	0.000157333340715323	0.000151824286229823	0.000150580609955177	0.000148576677847995	0.000148530414117528	0.000136974859422062	0.000134406544184037	0.000128890134414182	0.000126907059008076	0.000118217154835667	0.00012961431183624	0.000128787115432637	0.000120872108437473	0.000123677459325932	0.000123900417728112	0.000159505045158312	0.000136853930219395
3	11	0.000207914223110377	0.000215188896530768	0.000184579660413649	0.000190029798448917	0.000183605653215844	0.000171855576235188	0.000166045828554247	0.000160432485138186	0.000159164284176004	0.000157120707626607	0.000157072854496145	0.000145276342331837	0.000142646135417042	0.000136982332771311	0.000134943140872092	0.000125988709562639	0.000137726673521401	0.000136876308042374	0.000128725579586719	0.00013161410721444	0.000131848107967307	0.00016825673364774	0.000145157586298213
3	12	0.000222577818211868	0.000230061994450377	0.000198501505943878	0.000204134830796345	0.000197494094442877	0.000185324552823516	0.000179295736034513	0.000173463043457448	0.000172144211439399	0.000170018963794704	0.000169968402678051	0.00015768755136855	0.000154939877159145	0.000149006459509845	0.000146866641803798	0.000137449223204665	0.000149787161040071	0.000148895093687643	0.000140328734537689	0.000143363968228349	0.000143615114263377	0.000181590946362959	0.00015756951072154
3	13	0.000240846983810043	0.000248613409886452	0.000215789175763587	0.000221662629555192	0.000214738118012838	0.000202023886969091	0.000195712869455873	0.000189599001609705	0.000188215452309616	0.000185985894325365	0.000185931936161793	0.000173035412349265	0.000170139499681526	0.000163867252934293	0.000161601314398127	0.000151605522406868	0.000164693566107903	0.000163749194873909	0.000154662992763558	0.000157881565634078	0.000158153968976939	0.000198116509771597	0.000172917947287513
3	14	0.000262578078160391	0.000270670079242002	0.000236390059787493	0.00024253980739056	0.000235288793945578	0.000221948215499204	0.000215312811966937	0.000208875781645003	0.000207417854550653	0.00020506850282685	0.000205010554631959	0.000191407988339534	0.00018834152138885	0.00018167810646937	0.000179266367799548	0.0001686008084984	0.000182557134305484	0.000181552295959757	0.000171864245782971	0.000175294788043553	0.000175592425455842	0.000217841084307219	0.000191291901647558
3	15	0.000288029373432786	0.00029649314809411	0.00026055412819081	0.000267018149264292	0.000259395775997374	0.000245343561718631	0.00023833991716785	0.000231536200573808	0.000229993898250742	0.000227508757890289	0.000227446190654947	0.000213044743292579	0.000209784756440577	0.000202676110845664	0.000200098229586924	0.000188668345569665	0.000203615196200956	0.000202541448124045	0.000192166672738958	0.000195838727209232	0.000196165852026803	0.000241009649360774	0.000212931011757644
3	16	0.000316523506918405	0.000325410656308351	0.000287592921687989	0.000294410890888007	0.00028637036265506	0.000271519813889964	0.000264104453939109	0.000256891611669791	0.000255255282365503	0.000252618920887321	0.000252551196210831	0.000237262470841826	0.000233787901659303	0.000226185678934959	0.000223423715480407	0.0002111475579993	0.00022719132342183	0.000226041199858946	0.000214905734016529	0.000218845034846907	0.000219205077968785	0.00026693224176193	0.000237151569866782
3	17	0.000346212975446993	0.0003555327453259	0.000315798535905754	0.000322976979002547	0.000314510610826729	0.000298847877215167	0.00029101401808106	0.000283385512083488	0.000281653678865374	0.000278863826940097	0.000278790777381066	0.000262602968995922	0.000258910495297454	0.000250805788247678	0.000247856255976067	0.000234716854307564	0.000251879243327327	0.0002506512895109	0.000238739922965364	0.000242951464516699	0.000243345742690284	0.000294002439979895	0.000262495690428975
3	18	0.000374799718198127	0.000384551336476407	0.000342914266722729	0.000350448704504357	0.000341561875443359	0.00032510027213447	0.000316856239529957	0.000308821262651968	0.000306996163038799	0.000304056464114333	0.000303978268050118	0.000286914650688075	0.000283010730685272	0.000274419554371998	0.000271288692824865	0.000257316269775974	0.000275558593719544	0.000274255371613022	0.000261594782944602	0.000266069101124282	0.000266496270107994	0.000320001986966257	0.00028681060005259
3	19	0.000401418015898168	0.000411591672002176	0.000368104316593784	0.000375983134887506	0.000366689644820893	0.000349458284326449	0.000340820431208237	0.00033239608714057	0.000330481768585337	0.000327398734066638	0.000327315705946788	0.000309415794140913	0.00030531102288823	0.000296259453313734	0.000292957327513937	0.00027820011158781	0.000297460471794307	0.000296086133406396	0.000282719158265755	0.000287441255247463	0.000287898995811326	0.000344117122488545	0.000309314207290369
3	20	0.000426959194123929	0.000437571180174071	0.000392173522876087	0.000400405698457481	0.000390695050501329	0.000372677702165646	0.000363639514195845	0.000354820520562874	0.000352815932383171	0.000349587833878346	0.000349500087335867	0.000330755088420859	0.000326449063999446	0.000316939203730434	0.000313467165868669	0.000297934638904225	0.000318201766494185	0.000316756840717839	0.000302691223808557	0.000307658594344058	0.000308145620363883	0.00036708950555734	0.00033065474914839
3	21	0.000452208262099209	0.000463281278857176	0.000415882529832611	0.000424483279212246	0.000414337584407162	0.000395503187239567	0.00038605015380179	0.000376823059987406	0.000374725243844243	0.000371347285971734	0.000371254804321807	0.000351637606977911	0.000347125216083032	0.000337147861672888	0.000333502955132188	0.00031718425953135	0.000338473082675371	0.00033695631689189	0.000322181657224338	0.000327398152374252	0.000327914095590456	0.000389658898243074	0.000351537537110925
3	22	0.000475967119715877	0.000487465063221582	0.000438220576063601	0.000447161552734971	0.000436614256817411	0.000417025155834011	0.000407188693605214	0.000397584246130983	0.000395400203476125	0.000391883670884349	0.000391786761076259	0.000371363151671246	0.000366659562521121	0.000356248265156811	0.000352442758460005	0.000335392892666032	0.000357631685739589	0.000356048182419286	0.000340614234422428	0.000346062255884156	0.000346605406461815	0.000410944187757638	0.000371263711861285
3	23	0.00049676979200602	0.00050861906933545	0.00045784430661733	0.00046706818319629	0.000456186915135151	0.000435968791178756	0.00042581204436153	0.000415891918852977	0.00041363567739862	0.000410003169978097	0.000409902442746914	0.000388803873978674	0.000383939299203011	0.000373160763417333	0.000369219014889358	0.000351546977571216	0.000374593527185118	0.000372953421011552	0.000356958861062077	0.00036260352898191	0.000363170506609764	0.000429690177578964	0.000388705803555523
3	24	0.000515035626725921	0.000527182618969208	0.000475109055865175	0.000484573444736015	0.000473408224824138	0.000452654591983314	0.000442224825105832	0.000432035373999018	0.00042971750255639	0.000425986031696548	0.00042588198472269	0.000404207508758824	0.000399205057078575	0.000388110975112196	0.000384051985881604	0.000365843534821544	0.000389586185029624	0.000387897376100126	0.00037141967794601	0.000377233682439743	0.000377821580886945	0.000446207527507069	0.000404111081051657
3	25	0.000532432031180812	0.00054487438316626	0.000491515564310518	0.000501217322914423	0.000489771891553408	0.000468490873201394	0.000457792759055399	0.000447338939201625	0.000444960620223739	0.000441132060967456	0.000441024821055704	0.000418785604105651	0.000413648539863046	0.000402247475521864	0.000398074626548555	0.000379346378468077	0.000403763925954263	0.000402027809070814	0.000385081680360181	0.00039105996844705	0.000391667780753212	0.000461878198863321	0.00041869031480332
3	26	0.000551461077416975	0.000564271188874536	0.000509322548087728	0.000519315882357727	0.000507526348414035	0.000485601171767229	0.000474577030792271	0.000463803160391812	0.000461351821375389	0.000457405870424678	0.000457295013768605	0.000434373421632601	0.000429075859930621	0.000417312894895109	0.000413006550289659	0.000393673092153046	0.000418877764319264	0.000417086149719665	0.000399593709766585	0.000405764046177679	0.000406393616930147	0.000478787152596699	0.000434277680323808
3	27	0.000573065348159897	0.000586328433719819	0.000529428734480621	0.000539778492689382	0.000527568393502267	0.000504858328204384	0.000493438143172366	0.000482276289277777	0.000479736543137698	0.000475648381756392	0.000475533319707559	0.00045178536599965	0.000446294984955083	0.00043410023709922	0.000429635158127747	0.000409585193575304	0.000435722728404403	0.000433865101147359	0.00041572521469647	0.000422123495892758	0.000422777752444495	0.000497799626750387	0.000451687755260597
3	28	0.000597032222810129	0.000610835205858235	0.000551616872514807	0.000562388859305616	0.000549680613584034	0.000526043191314291	0.000514156245076343	0.000502537906993004	0.00049989425382689	0.00049563886650439	0.000495519033991595	0.00047079959172658	0.000465084052225668	0.000452388098247503	0.000447739303210576	0.000426863209639134	0.000454077328886557	0.000452143277633054	0.000433256215596704	0.000439917906535081	0.000440599531913547	0.000518696023465434	0.000470698468806461
3	29	0.000623958477087132	0.000638414865478031	0.000576398341274623	0.000587678320507867	0.000574370820151009	0.000549620524369377	0.000537174812031612	0.000525010922785828	0.000522243216783746	0.000517788082879189	0.000517662758884104	0.000491783163040727	0.000485800539623919	0.000472513617815132	0.000467648851067839	0.000445805352697172	0.000474281364062409	0.000472257444257958	0.000452494624121568	0.000459465483402563	0.000460177836866364	0.000541927919279587	0.000491676289463593
3	30	0.000655047153749911	0.000670306203027476	0.000604859971481211	0.00061676107084421	0.000602720938841867	0.000576612712628156	0.000563486529763782	0.000550659155220514	0.000547740704713714	0.000543042752258228	0.00054291095239031	0.000515621323700992	0.000509315838697884	0.000495318007533338	0.000490194071228707	0.000467193389038598	0.000497180031708431	0.000495048241684983	0.000474237059237542	0.000481578438922463	0.000482326248497536	0.000568499323048485	0.000515505957815617
3	31	0.00069186756954607	0.000708121479149786	0.000638431155427437	0.000651099496474843	0.000636154444431747	0.000608371318884312	0.000594407030674169	0.000580763272606003	0.000577659451746604	0.000572662828081699	0.000572523235415121	0.000543499582687729	0.000536798581153233	0.0005219329005191	0.000516493142064641	0.000492085619538079	0.000523909862752807	0.000521646598499923	0.000499560150851573	0.000507352601333001	0.000508142380279915	0.000599739570752274	0.00054337247742804
3	32	0.000735325990546543	0.000752746752996167	0.000678077948915434	0.000691646427380762	0.000675639705249351	0.000645891314042252	0.000630943499115892	0.000616341620365193	0.0006130202338559	0.000607673084520416	0.000607524316530076	0.000576465675024462	0.00056930027913876	0.000553415123085639	0.000547604277871309	0.000521543233824376	0.000555527128595275	0.000553109386229041	0.000529524159217482	0.000537846661303551	0.00053868597431002	0.000636651276095441	0.000576325020423381
3	33	0.000785451866972796	0.000804186633767166	0.000723907136469178	0.000738490932029635	0.000721286647836896	0.000689319917029846	0.000673261147398507	0.00065757649155048	0.000654009159662408	0.000648265821292449	0.000648106560566101	0.000614747721541802	0.000607056354567322	0.000590014413646751	0.000583782111182808	0.000555840808726091	0.000592279757422944	0.000589686584143437	0.000564397551258971	0.000573322344876323	0.000574218803836701	0.000679392840675522	0.000614592673630246
3	34	0.000842624853000414	0.000862820583471388	0.000776297297415194	0.000792012087237044	0.000773473745720852	0.000739033899803288	0.000721735599629118	0.000704842194533504	0.000701000211002792	0.000694814509426488	0.000694643386600712	0.000658716046179221	0.000650436071612118	0.000632097018000967	0.000625391658895927	0.000595337119359273	0.000634534430064938	0.000631744367653995	0.00060454101859849	0.000614142208328056	0.000615103865428446	0.000728340350440931	0.000658546027976761
3	35	0.000906633340314492	0.000928443862216089	0.000835016173895679	0.000851982254943937	0.000831967929482327	0.000794790758846793	0.000776119946363162	0.000757887738927361	0.00075374150056023	0.000747065793893918	0.000746881449005621	0.000708108846560399	0.000699176115605407	0.00067939714027246	0.000672166376320057	0.000639763191139181	0.000682025637262038	0.000679016909357805	0.000649686334663385	0.000660038976511739	0.000661073637095581	0.000783248551380331	0.000707922864665326
3	36	0.000976174575925967	0.000999778786666266	0.000898688320410253	0.000917041837512666	0.00089539099926824	0.00085518103388377	0.000834990694166514	0.000815277036931382	0.000810794232100414	0.00080357641648705	0.000803377598699344	0.000761457597385579	0.000751804190874886	0.000730438214114305	0.00072262888819586	0.000687642427254803	0.000733277176013054	0.000730027636363344	0.000698356659242725	0.00070953636610136	0.000710650315260742	0.000842699173817881	0.000761252796564259
3	37	0.00105009398907717	0.00107560990446454	0.000966353504240993	0.00098618535882951	0.00096279079722524	0.000919349698243905	0.000897540630649389	0.000876248923783062	0.000871407622343037	0.000863612369355498	0.000863398154339723	0.000818125758461164	0.000807704921149601	0.000784649329836361	0.00077622409995052	0.000738488025061135	0.000787712347065144	0.000784206449376772	0.000750044276238777	0.000762104366927875	0.000763302590862314	0.000905866827464528	0.000817900774547336
3	38	0.00112622637936554	0.00115370367179138	0.00103606810807979	0.00105741711200343	0.00103223303751965	0.000985475590603377	0.000962004918156358	0.000939093237195651	0.000933883897254889	0.000925495852642098	0.000925265800959787	0.000876551850908615	0.000865342914844308	0.000840551684723955	0.000831493679214339	0.000790932113699621	0.000843844886327029	0.0008400756118366	0.00080335361533373	0.000816318276301131	0.000817603300635407	0.000970965209363958	0.000876306374014025
3	39	0.0012044559529141	0.00123390395658575	0.00110784213876562	0.00113071824970646	0.00110373284700049	0.0010536346755919	0.00102848892771598	0.00100394330116379	0.000998362630718206	0.000989376566530411	0.000989130364902821	0.000936944073444721	0.000924938429785525	0.000898389528658018	0.000888690143838444	0.000845261317371544	0.00090191599152179	0.000897879784824897	0.00085856086806501	0.000872442860312847	0.00087381710396645	0.00103808855533411	0.000936679219715586
3	40	0.00128608354864178	0.00131749174608488	0.0011830325382646	0.0012074337169165	0.00117864923557682	0.00112520899108714	0.00109838469692224	0.00107219987752438	0.00106624642261884	0.00105666015658906	0.0010563973669137	0.00100072502874242	0.000987916111580652	0.000959588341081447	0.000949238592868617	0.000902895018693683	0.000963351216841393	0.000959044395707895	0.000917087184728187	0.000931900376213078	0.000933367777526756	0.00110862521096031	0.00100044355616256
3	41	0.00137033098104788	0.00140368477065566	0.00126087717495801	0.0012867972025009	0.00125622084799643	0.00119944728800697	0.00117094650683007	0.00114312294968445	0.00113679659551699	0.0011266100774815	0.00112633038010598	0.00106717086179554	0.00105355554448808	0.0010234363764418	0.00101243064685814	0.00096314107314936	0.00102743761136872	0.00102285788504921	0.000978235442582153	0.000993988718795006	0.000995552317493661	0.00118182730929416	0.0010668751444735
3	42	0.00145799783655749	0.00149318649935117	0.00134247163967725	0.00136983697081583	0.00133755518199086	0.00127759753130593	0.00124748947130493	0.0012180909424785	0.00121140565464465	0.00120064171295105	0.00120034494450149	0.00113782891477921	0.00112343019319186	0.00109155659985064	0.00107990582933124	0.0010277042066681	0.00109579197941946	0.00109094401496498	0.00104369040755589	0.00106037017241137	0.00106203398832542	0.00125898459986105	0.00113752552130404
3	43	0.00154829851942337	0.00158517667606889	0.00142714295163366	0.00145585353953392	0.00142198400581291	0.00135904908985079	0.00132743165188245	0.00129654977408713	0.00128952582996161	0.00127821750676551	0.0012779037136821	0.00121222151586918	0.00119707559784026	0.00116351263473733	0.00115123783334371	0.00109620208947241	0.0011679742675944	0.00116286692596918	0.00111305623044057	0.00113063456571	0.00113240171250769	0.00133950420855952	0.00121191786267069
3	44	0.00164319883034034	0.00168173045329394	0.00151651018437137	0.00154654636857867	0.00151111206848759	0.00144523496388024	0.00141212189953719	0.00137976751807796	0.00137240702054584	0.00136055801192745	0.00136022667729685	0.00129139940138587	0.00127550583740812	0.00124024184346044	0.00122733681911003	0.00116942792631404	0.00124493180650161	0.00123956258678556	0.00118716186339789	0.00120564904877847	0.00120752482412031	0.00142476694593487	0.00129110026741955
3	45	0.00174756363893296	0.00178794597433866	0.00161469209960602	0.0016462081378402	0.00160902707637415	0.00153986891705085	0.00150508962059468	0.0014710958451972	0.00146336079938496	0.00145091003374309	0.00145055933070574	0.00137823302581946	0.00136150924224394	0.00132435911966886	0.00131075582701028	0.00124966665604963	0.00132930211740662	0.00132364271257909	0.00126837433566537	0.00128786796625429	0.00128986314978376	0.0015183723297053	0.00137793780768291
3	46	0.00186506643893366	0.00190781767833117	0.00172434396695933	0.00175773023512772	0.00171834222288122	0.00164505968245831	0.00160819644279618	0.00157215925124213	0.00156395832170689	0.00155075836508942	0.00155038505979434	0.00147370502514348	0.00145596151974431	0.00141652030358533	0.0014020733835766	0.0013371682631435	0.00142176942266066	0.00141575923289901	0.00135704437034735	0.00137775045736234	0.00137987993473916	0.00162227582996971	0.00147340333746785
3	47	0.00200210612265925	0.00204791665392837	0.0018513001718361	0.00188708063804721	0.00184486790130776	0.00176632530183966	0.00172681378152649	0.00168818610760098	0.00167939544880186	0.0016652464565413	0.00166484595390342	0.00158265250529995	0.00156363011606585	0.00152133996333398	0.00150584839080565	0.00143624348783499	0.00152696854371466	0.00152052380385705	0.00145755878396669	0.00147976295532086	0.00148204893237374	0.0017419048283864	0.00158233182435242
3	48	0.00216104970080509	0.00221073253209554	0.00199753483368646	0.00203632514623707	0.00199056185410462	0.00190542616779842	0.00186260462993404	0.00182074544061724	0.00181121999881836	0.00179588783887108	0.00179545487470304	0.00170638931274408	0.00168578539958848	0.00163999697458386	0.00162322713890388	0.00154789763612843	0.001646090279194	0.00163911363187132	0.00157096610522827	0.001595000016667	0.00159746738036466	0.00187895936743394	0.00170603405966082
3	49	0.00234197914877664	0.00239635154562711	0.00216311754921488	0.00220553606504783	0.00215549320617946	0.00206242601761466	0.00201563027676891	0.00196989631527553	0.00195949055418669	0.00194274033261619	0.00194226962512378	0.00184496926551861	0.00182248039193519	0.00177254273708484	0.00175426047681857	0.00167217934046176	0.00177918623445578	0.00177158008722277	0.00169731560023249	0.00172351160983261	0.00172618532353906	0.00203350165032298	0.00184456383376144
3	50	0.00254379329456841	0.00260354733268436	0.00234734456117046	0.00239391745039852	0.00233897462958563	0.00223683453058074	0.00218549692126539	0.00213533756188053	0.00212392678222783	0.00210555738109931	0.00210504415899081	0.00199834263538186	0.00197370705834676	0.00191905433551785	0.00189905532031689	0.00180932168029309	0.00192632253549309	0.00191800175516904	0.00183680160451348	0.0018654502517597	0.00186835403970592	0.00220510122019358	0.00199787556677801
3	51	0.00275891191327736	0.00282440131606719	0.00254372234657147	0.00259472181727005	0.00253455799378926	0.00242275125788525	0.00236657491634178	0.00231170113581812	0.00229921973109907	0.00227912549145313	0.00227856696562146	0.00216185163007616	0.00213492950387013	0.00207525445699993	0.00205342682870472	0.00195554216291096	0.00208318806738967	0.00207410608227683	0.00198551834123029	0.00201677931751333	0.00201992831650642	0.00238802537949244	0.0021613190514928
3	52	0.00298373988894202	0.00305482078519529	0.00275022042351911	0.00280555790638057	0.00274027696700683	0.00261897545604509	0.00255803599812887	0.00249851450597576	0.00248497664511455	0.00246318110274255	0.00246257635411018	0.00233598128884721	0.0023067897003943	0.00224210281799594	0.00221844540323871	0.00211237515471585	0.00225070180764454	0.00224085834169419	0.00214485809797293	0.00217873696194711	0.00218214243933035	0.00258130461705397	0.00233539563509927
3	53	0.00321437112542031	0.00329053526263964	0.00296408281699326	0.00302340389136845	0.00295342289117491	0.00282336432667382	0.00275801352784225	0.00269417536656424	0.00267965458179985	0.00265627733294541	0.00265562698236978	0.00251984152976049	0.0024885155322072	0.00241906896145231	0.00239366532318811	0.00227973354029606	0.00242830216355249	0.00241773236006089	0.00231462397244687	0.00235100785548135	0.00235467678456321	0.00278296750093773	0.00251922622954784
3	54	0.003453402137095	0.00353417500783286	0.00318779363302347	0.00325077074962213	0.0031764750271478	0.00303833758605094	0.00296889698151037	0.0029010434282511	0.00288560644880877	0.00286075623950462	0.00286006047373341	0.0027157118058554	0.0026823711709958	0.00260838107941534	0.00258130127435726	0.00245976942745574	0.00261822220839308	0.00260695559559178	0.00249698711939807	0.00253578263245447	0.00253972492441305	0.00299541508103571	0.00271509104289134
3	55	0.0037127740732079	0.00379825973412857	0.00343144687653258	0.00349818257779371	0.00341945061352153	0.00327298891233707	0.00319932527689815	0.00312731955455683	0.00311093433519867	0.00308456040188541	0.00308381618829744	0.00293060883789791	0.00289517158426393	0.00281642841546125	0.00278759077833415	0.00265806334456435	0.00282690670315445	0.00281490949465839	0.00269772913007795	0.00273905685706005	0.00274329583909051	0.00322745917579037	0.00292999353384937
3	56	0.00400608411363709	0.00409714741168071	0.00370621121439195	0.0037773734080011	0.00369341741474243	0.00353717239573403	0.0034585551160174	0.00338168518587228	0.00336418999678093	0.00333603192928962	0.0033352322537808	0.00317165578981341	0.00313377585564669	0.00304951676615597	0.00301864310750241	0.00287987749376341	0.00306073340798963	0.00304788980324748	0.00292237173100589	0.00296662922049755	0.00297120353500495	0.00348858359457025	0.00317103743882255
3	57	0.00435088993297828	0.00444927116626252	0.00402683527286051	0.00410374792905997	0.00401300682399765	0.00384410573293229	0.0037591057747934	0.0036759853156552	0.00365706617495661	0.00362661743034438	0.00362575040591982	0.00344886516466184	0.00340788352771047	0.00331668569941806	0.00328326249043877	0.00313299615610281	0.00332882797245947	0.00331492402188856	0.00317901194101481	0.00322692945007938	0.00323189765890217	0.00379157334013825	0.00344821383160617
3	58	0.00476169142767294	0.00486984146604368	0.00440553720744858	0.00449005745658736	0.00439034170822004	0.00420476228917119	0.00411138241097915	0.00402007632460969	0.00399929530799569	0.00396584897765161	0.00396489872484178	0.00377060125096116	0.00372560376473436	0.00362550583300094	0.00358882739180553	0.00342396432973349	0.00363883128782586	0.00362357291128627	0.00347445034389027	0.00352702990805869	0.00353246703839798	0.00414704978025916	0.00376986973661716
3	59	0.00524712249680436	0.00536786160521704	0.00484976653379909	0.00494402801466088	0.00483282217919796	0.00462594654308532	0.0045218953021528	0.00442018448185392	0.00439703953825719	0.00435978519126931	0.00435873363300865	0.00414232111017756	0.00409226152705843	0.00398102129979539	0.00394028144753531	0.00375728798586928	0.00399582422013862	0.00397887542120789	0.00381332688787935	0.00387171265130473	0.00387770347400957	0.00456163512283749	0.00414145440355219
3	60	0.00581130075572138	0.00594747044313878	0.00536356989265625	0.00546972327671283	0.00534449179957134	0.00511166400503007	0.0049946304364899	0.00488027639777637	0.00485426102206145	0.00481238138617157	0.00481120987646722	0.00456794316632323	0.00451176437864345	0.00438710975503091	0.00434149045600898	0.00413677443900534	0.00440368866468813	0.0043847085142304	0.00419946635890452	0.00426481965735755	0.00427145353167225	0.00503932284601508	0.0045668890985812
3	61	0.00644690695876695	0.00660047269778718	0.00594240013395397	0.00606195434408155	0.00592091770301373	0.00565885004233607	0.00552719197350604	0.00539859704417579	0.00536934873371136	0.00532225987974368	0.00532095325960873	0.0050474468867862	0.00498437834133107	0.00484462080631961	0.00479350817175568	0.00456433850052139	0.00486319918930626	0.00484193206249653	0.00463451939919625	0.0047077159989766	0.00471507415522489	0.00557746324313822	0.00504618213417809
3	62	0.00713464552210155	0.00730654802883361	0.00657023096172423	0.00670393406663696	0.00654620937003966	0.0062532469228614	0.00610612562604484	0.0059624656791868	0.00592979629767523	0.00587720388197415	0.00587574462436854	0.00557037884345266	0.00549999007512342	0.00534404745647716	0.00528702824645816	0.0050314617471818	0.00536477445544953	0.00534104783042469	0.00510971124493689	0.00519133750254134	0.00519954385972309	0.00616229660157359	0.0055689671952309
3	63	0.00785726175041557	0.00804727548256856	0.00723350181128303	0.00738124602438684	0.00720695870092298	0.00688327338033943	0.00672074427750695	0.00656205284140771	0.00652596712215992	0.00646787648442978	0.00646626469720332	0.00612901317313454	0.00605128399182632	0.00587909209656585	0.00581613602325466	0.00553399072478147	0.00590197780912326	0.00587578008679832	0.0056203726889013	0.00571048751275922	0.0057195475622954	0.00678279628893387	0.00612745427733582
3	64	0.00860244511282852	0.00880972437662685	0.00792187855895027	0.00808309641100439	0.00789291358556559	0.00753966313678711	0.0073622664604022	0.0071890436549478	0.00714965148285114	0.00708623648766494	0.00708447694135969	0.00671627296878678	0.00663139974988945	0.00644336780551143	0.00637461545700243	0.00606646022082702	0.00646835991653954	0.00643975092984528	0.00616081127894732	0.00625923402430341	0.00626912903373491	0.00742999656170202	0.00671457083402446
3	65	0.0093766359891224	0.0096008809430773	0.00864007933210597	0.00881460136946735	0.00860872131638198	0.00822621648219217	0.00803407916195986	0.00784642953663639	0.00780375196399635	0.00773504435483705	0.00773313789226584	0.00733411179170127	0.00724211128177796	0.00703825806950889	0.00696370989781654	0.0066295032591339	0.0070653555561055	0.00703433643818863	0.00673184377657741	0.00683858842877022	0.0068493193985953	0.00810744123698489	0.00733226680367246
3	66	0.0102041622506419	0.0104457315570262	0.00941028797468776	0.00959845008523575	0.0093764751171068	0.00896392571958065	0.00875662484201764	0.00855411803071341	0.00850805474377008	0.00843389110254636	0.00843183315531302	0.00800098752770346	0.00790161785450279	0.00768139100830043	0.00760083925939257	0.00723961077227447	0.00771066861634455	0.00767715376996037	0.00735024480993598	0.0074656219915663	0.00747721978415184	0.00883578246322373	0.00799899488055288
3	67	0.0110993627879749	0.0113605369678582	0.0102407955483772	0.0104443288397954	0.0102042179166161	0.00975787128776514	0.0095335417478676	0.00931436945394991	0.00926451104634942	0.00918423372528415	0.00918200607121625	0.00871555837291183	0.0086079564779236	0.0083694561119939	0.00828221036870612	0.0078908943715024	0.00840116538457047	0.00836486688823899	0.00801075548708507	0.00813574385738029	0.00814830713204815	0.00961920544910438	0.00871340072484501
3	68	0.0120934805395016	0.0123780199770582	0.0111580993621263	0.0113798429260183	0.011118249059499	0.0106319658523702	0.0103875637921568	0.0101487799184451	0.0100944600979421	0.0100069993717787	0.0100045723809259	0.00949638439145406	0.00937915333465883	0.00911930937269057	0.00902425576357047	0.00859791863743872	0.00915385637386865	0.00911430944876743	0.00872850702196138	0.00886468134330177	0.00887836896912458	0.0104808925581536	0.00949403365943775
3	69	0.0132348028793047	0.0135476356129781	0.0122066531669193	0.0124503542062567	0.0121628591441801	0.0116285102912293	0.0113599926866172	0.0110976755068386	0.0110380061198807	0.0109419351060364	0.0109392692386297	0.0103811290764081	0.0102523939490294	0.00996707743410548	0.00986271492848993	0.0093946878507908	0.0100050089654971	0.00996158772769621	0.00953803496522608	0.0096875242112786	0.00970255077620368	0.0114625269806768	0.0103785475916451
3	70	0.0145789894037193	0.0149259792078895	0.0134389822016258	0.013709139286008	0.0133904378132309	0.0127982253772072	0.0125007002597251	0.0122100918195887	0.0121439935272261	0.0120375767596938	0.0120346238995891	0.0114165076571145	0.0112739708547186	0.0109581094412975	0.0108425896354662	0.0103246302954011	0.0110000982522371	0.0109520326285167	0.0104832522902949	0.010648688277075	0.0106653187684631	0.0126143055492643	0.0114136492924634
3	71	0.0163238485748953	0.0167151790376897	0.0150386414374933	0.0153431396383942	0.0149839309262487	0.0143166112706267	0.013981435314596	0.0136541063915941	0.0135796638315595	0.0134598190755734	0.0134564937224212	0.012760534958269	0.012600085490919	0.012244581595028	0.0121145815609503	0.011531820137693	0.0122918360725857	0.0122377428180457	0.0117102656490459	0.0118963972906207	0.0119151093670026	0.0141094103242182	0.0127573172402463
3	72	0.0184176653865656	0.0188595720377842	0.0169664207919721	0.0173102482375687	0.0169046444510617	0.0161511565709566	0.015772711954118	0.0154031348340053	0.0153190850550036	0.0151837745056361	0.01518002003506	0.0143942695822498	0.0142131242515714	0.01381177209518	0.013665008818537	0.0130071182103997	0.0138651202727076	0.0138040514384204	0.013208565840044	0.0134186931540876	0.0134398177051937	0.0159172066581695	0.0143906368018952
3	73	0.0208938679697913	0.0213907303256675	0.0192613947126627	0.0196482658564482	0.0191918773407835	0.0183437896691561	0.0179177014331796	0.017501510344309	0.0174068473734794	0.0172544411973965	0.0172502122036692	0.0163649458168334	0.0161607988603284	0.0157084015818683	0.0155429438560796	0.0148010579124065	0.0157685413195119	0.0156996978678132	0.0150282593846617	0.0152652177472772	0.0152890378691303	0.0180803975306802	0.0163608519729956
3	74	0.0237712272509015	0.0243258662637275	0.0219471622250185	0.0223796892685691	0.0218694238322347	0.0209206144448497	0.0204436164700353	0.0199774942306624	0.0198714457420598	0.0197006864382115	0.0196959477792851	0.0187035071384963	0.0184745052844621	0.0179668356352385	0.0177810952468901	0.0169478065523804	0.0180343385656867	0.0179570658860732	0.0172030808495882	0.0174692410571929	0.0174959924048542	0.020625776429152	0.0186989153939325
3	75	0.0270567866570457	0.0276710115090875	0.0250340035600386	0.0255140445368707	0.0249476987700923	0.023893664708887	0.0233632871812808	0.0228446826623452	0.0227266488881565	0.0225365554288993	0.022531279610502	0.021425577771426	0.0211702213977562	0.0206038234466051	0.0203964898731824	0.0194656054292345	0.0206791596745347	0.0205929193520614	0.0197509051076004	0.0200482505737992	0.0200781295720063	0.0235658708169707	0.0214204584140268
3	76	0.030802710086189	0.0314779655646704	0.0285751883635486	0.0291043529419686	0.0284800154595685	0.0273167611940043	0.0267307705710485	0.0261573504357781	0.026026779276387	0.0258164458800621	0.0258106074691864	0.0245859557161988	0.0243028271569206	0.0236744124305875	0.0234442313307874	0.0224097744844809	0.0237580309557662	0.0236623087047964	0.0227269922244513	0.0230574378361243	0.0230906336855689	0.0269546490283497	0.0245802807152284
3	77	0.0349557452195704	0.035696284385825	0.0325089669971637	0.0330907745691782	0.0324042881454004	0.0311238943335965	0.0304782119283557	0.0298459245617938	0.0297018848841484	0.0294698048248574	0.0294633618776737	0.0281108144858248	0.0277978024792577	0.0271026246369188	0.0268478361849779	0.0257017515075405	0.0271951618972916	0.0270892290302452	0.0260533835235927	0.0264195049260159	0.0264562749993974	0.0307249507347182	0.0281045416861579
3	78	0.0394926064806313	0.0403046890955998	0.036805825898711	0.0374452193789732	0.0366907510440553	0.0352823114459064	0.0345714226539557	0.0338748572680917	0.0337161149086921	0.0334602984196976	0.0334531956744149	0.0319611232699471	0.0316155279167515	0.0308475780974453	0.0305659754505543	0.0292983036352977	0.0309498349850575	0.0308327746465176	0.029687411433529	0.0300923906738817	0.0301330542406624	0.0348431303873667	0.0319541985985358
3	79	0.044401564455184	0.0452926473591198	0.0414502501905069	0.0421530481573402	0.0413237334064501	0.0397744778068004	0.0389919588053034	0.0382248350024733	0.0380499606270689	0.0377681058024721	0.0377602793729347	0.0361152925605542	0.035734021343417	0.0348864392180307	0.034575510692831	0.0331749708600321	0.0349993283102386	0.0348700958346509	0.0336050126272275	0.0340524531103839	0.0340973722212509	0.0392910889948954	0.0361076540208375
3	80	0.0496900444453715	0.0506683210788769	0.0464472593600843	0.0472198482351535	0.0463081528566109	0.0446040730342133	0.0437428816333652	0.0428983176519083	0.0427057455345162	0.0423953311966366	0.0423867111179741	0.0405741552856899	0.0401538261301708	0.0392191129693459	0.0388761145853622	0.0373303928388447	0.0393436314395361	0.0392010853292429	0.0378051415655725	0.0382989765091285	0.0383485464505157	0.0440721236139692	0.0405657350658712
3	81	0.0553790554319109	0.0564458483084428	0.0518396001144717	0.0526833354692259	0.0516876518419129	0.0498254582971109	0.0488837868443081	0.0479599124204807	0.0477492023707225	0.0474095080861722	0.0474000741598428	0.0454154666788876	0.0449549717314854	0.0439305689378637	0.0435545283967434	0.0418590143128985	0.044067065286736	0.0439108063887177	0.0423799264334592	0.0429216325984915	0.0429759994731886	0.0492438434337646	0.0454062428427781
3	82	0.0616698942046046	0.0628325413798528	0.0578089661157237	0.0587298259364566	0.0576430950048675	0.0556094246350104	0.0545804333026655	0.0535704823248826	0.0533400833324691	0.052968602434479	0.0529582849356796	0.0507868226770933	0.0502826877718575	0.0491608118996625	0.048748852674386	0.0468904432901524	0.0493103276639346	0.0491391635290513	0.0474615679701566	0.0480553338661388	0.0481149168015463	0.0549739264446044	0.0507767257844144
3	83	0.0687346322761291	0.0700016352839498	0.064523320748929	0.065528297843113	0.0643422605437296	0.0621214191988894	0.0609970451088297	0.0598930217626954	0.0596410981583258	0.0592348617471326	0.0592235780552131	0.0568476729706864	0.0562957568260038	0.0550671112688309	0.0546157911317256	0.0525787625655761	0.055230891953237	0.0550433965725763	0.0532049666058188	0.053855819272538	0.0539211208984743	0.0614270679713401	0.0568366202973144
3	84	0.0767296691149966	0.0781102655144502	0.072136396107486	0.0732331515491652	0.0719387579802339	0.0695134928444506	0.0682848441220014	0.0670779117257129	0.0668024321692491	0.0663581528105392	0.0663458114039293	0.0637459358577183	0.0631416275976139	0.0617958437968456	0.061301317395454	0.0590680618629051	0.0619752799429947	0.0617698612149202	0.0597548025839025	0.0604683720474212	0.0605399548927297	0.0687548101548667	0.0637338353470773
3	85	0.0857331136647407	0.0872366019830595	0.0807260092071298	0.0819222867324788	0.0805103885347915	0.0778632298799194	0.0765212879210411	0.0752024738008586	0.0749013742757606	0.0744157105327833	0.0744022183666828	0.0715584951838739	0.0708970942741717	0.0694235921144005	0.068881932138308	0.0664344423817564	0.0696201034351549	0.0693951358378408	0.0671873051634686	0.0679693495627735	0.068047788733696	0.0770346604235623	0.0715452530159783
3	86	0.0958318390927167	0.0974645543506432	0.0903884491626112	0.0916898079662465	0.0901538306105787	0.0872719746262358	0.0858100043180456	0.0843725247721096	0.0840442332371734	0.0835146310401722	0.0834999168342461	0.0803969217863214	0.0796747242823835	0.0780650893325028	0.0774731453463487	0.0747967920598143	0.0782798111197597	0.0780339946252902	0.075620346596973	0.0764755468861931	0.0765613082148852	0.0863693796402784	0.0803824642413671
3	87	0.106964157666853	0.108733006216208	0.10106047189528	0.102472793862045	0.100805785296027	0.0976758388357685	0.0960868662519686	0.0945237427819532	0.0941666483164219	0.0935904952942786	0.0935744862264433	0.0901965650815247	0.0894098409250382	0.0876556383011174	0.0870102655499385	0.084090534808039	0.087889705546998	0.0876217405482366	0.0849892995472987	0.0859222983134576	0.0860158446155416	0.0966949272933251	0.0901808178146187
3	88	0.119113457693532	0.121024206264331	0.112729275533624	0.114257530485964	0.112453615221258	0.109064207128243	0.107342284842379	0.10564754852739	0.105260270798217	0.104635326571368	0.104617960154803	0.100951637898878	0.100097164018416	0.098191088291036	0.0974895571504674	0.0943138098778712	0.0984454853699953	0.0981542446875994	0.0952917267592136	0.0963065675214033	0.096408301515703	0.108001321703168	0.10093453671554
3	89	0.132352423587389	0.134409601655913	0.125471515659845	0.127119746289465	0.12517414157878	0.121515895484267	0.119656059340959	0.117824688531064	0.117406060769934	0.116730427276935	0.116711650496508	0.112745401146981	0.11182039391183	0.109756099087129	0.108996025682996	0.10555313684191	0.110031684005687	0.109716185086307	0.106613690646067	0.107713933922163	0.107824209431808	0.12036798824035	0.112726890703453
3	90	0.14678871126416	0.148997080935393	0.139394046666958	0.141166491290158	0.139074183199272	0.13513727805287	0.133134332327816	0.131161073389675	0.130709875220497	0.12998156741027	0.129961324824874	0.125683099186896	0.124684649680448	0.122455505357125	0.121634399350432	0.117912749034377	0.122753174486701	0.122412390845191	0.119059579262286	0.120248943905254	0.120368130503894	0.13390115859147	0.125663121644961
3	91	0.162638330778726	0.165001980543306	0.154714866524867	0.156615325537185	0.154371814422248	0.150147301111228	0.147996444304811	0.145876398475132	0.145391485916428	0.144608638278445	0.144586877702637	0.139985231973724	0.138910548393954	0.13651015166288	0.13562559449365	0.131613804786619	0.136830773743255	0.136463710457468	0.132850491127171	0.134132619995347	0.134261078865157	0.148820026337921	0.139963731929626
3	92	0.18022551165838	0.182746323472074	0.171765108136907	0.173795797141956	0.171398449330618	0.166880716272358	0.164578755428142	0.16230854794553	0.161789116887962	0.160950405688248	0.160927089873662	0.155993587445704	0.154840536043654	0.15226389165937	0.151313961527914	0.147002755234058	0.152608152429344	0.15221402395586	0.148332256742587	0.149710123773325	0.149848147659354	0.165460343066808	0.155970522827436
3	93	0.199599701354031	0.202280202824253	0.190592359841931	0.192755897281022	0.190201606456503	0.185384255629721	0.182927649581114	0.180503597069794	0.179948777654134	0.179052776818872	0.179027865739638	0.173753564503496	0.172519916995156	0.169761850818154	0.168744571254447	0.164124499461148	0.170130457330086	0.169708453790761	0.165549814795066	0.16702644753296	0.167174335254982	0.18386862182191	0.173728891260325
3	94	0.220666384852039	0.223508758326797	0.211103621158545	0.213402211454772	0.210688363506108	0.205566047114158	0.202951852108995	0.200370901969027	0.199779974500568	0.19882550503279	0.198798965613144	0.193176493840957	0.191860417801066	0.188916680154841	0.187830429479717	0.182893748890686	0.189310212745159	0.188859669415226	0.184417333975043	0.185995213278593	0.18615320977649	0.20395335415416	0.193150175732892
3	95	0.241800776337377	0.244760572656836	0.231828976971705	0.234227887121282	0.231395458553679	0.226044391207727	0.223310922537227	0.220610508661553	0.219991988092422	0.21899275906084	0.218964971701863	0.213073946198111	0.211693793740623	0.208605034538069	0.207464671586551	0.202277931680358	0.209018091180783	0.208545191842127	0.203879420814464	0.205537291555768	0.205703259406303	0.224358322839906	0.213046351289867
3	96	0.265434118397361	0.268487571635032	0.255130133384639	0.257611339446517	0.25468157933247	0.249140747112452	0.246307321280956	0.24350611941136	0.242864225610267	0.241827008354157	0.241798160544922	0.235677319490872	0.23424187050219	0.231027322268665	0.229839800102046	0.22443359874647	0.231457364704998	0.230965014484441	0.226103726075093	0.227831824366128	0.22800477657044	0.247393266806616	0.235648624443433
3	97	0.290621107291355	0.293742443488335	0.280070374490175	0.282613527119785	0.279610447886564	0.273924692931311	0.271013942107767	0.268134121209767	0.267473904794168	0.266406836972167	0.266377154625977	0.260073909618256	0.258594128921516	0.255278126663572	0.254052356895978	0.24846671367867	0.255721917187776	0.255213822432614	0.250193213929484	0.251978756033948	0.25215740803249	0.272129783242891	0.260044334206189
3	98	0.317284420621455	0.320444027368788	0.306585948981665	0.309167343162196	0.306118925528916	0.300340809188891	0.297379421969399	0.294447234292544	0.293774691817758	0.292687447702912	0.292657199613647	0.2862282364416	0.284717314720104	0.281329248556727	0.280076034998886	0.274359753163752	0.281782867529193	0.281263515469539	0.276127617824125	0.277955009544471	0.278137797065098	0.298514945667953	0.286198044745072
3	99	0.345273475694807	0.348439638961455	0.334534187373303	0.337128095271092	0.334064716504589	0.328251621919791	0.325268900922151	0.322313282988003	0.321635040214553	0.320538321970004	0.320507805717698	0.314016162096225	0.312488850685948	0.309061704813908	0.307793213927252	0.302001541204054	0.3095207437954	0.308995181487317	0.30379372843705	0.305645311715582	0.305830466162195	0.326412880317761	0.313985649127063
3	100	0.420301844647694	0.423349000718874	0.409922360606151	0.412435651455395	0.409467046835639	0.403818114638734	0.400911536809132	0.398025879771275	0.397362913993046	0.396290281045346	0.396260424029594	0.389895424497782	0.388393936427247	0.38501914672667	0.383768057975412	0.378042083820653	0.38547162410279	0.38495356267144	0.379816369301332	0.38164716554782	0.381830113871745	0.402026967265369	0.389865442371125
4	0	0.0110188120194111	0.0114727055855143	0.00955216334629681	0.0099148071430306	0.0095225485656766	0.00881129194647071	0.00843645456879185	0.0081026839145243	0.00805251994171654	0.00792186575016893	0.00796249142525913	0.00722868373819785	0.00710321065240934	0.00678280909322149	0.00668928599865896	0.00616680675714708	0.00685372026695025	0.00683024661616938	0.00634990059486242	0.00651988260191714	0.0065505079452202	0.00875674095888847	0.00734452893960703
4	1	0.000882409216345763	0.000923866355446247	0.000750094946763665	0.000782567085615066	0.000747450542694598	0.000684286555585778	0.000651276057876743	0.000622051006044252	0.000617672747967361	0.000606253250142162	0.000609805810521383	0.000546335731410419	0.00053563207430829	0.000508472275773302	0.000500579563563151	0.000456847904145902	0.000514462566787059	0.000512518947070456	0.000472187960397659	0.000486511074514147	0.000488954033871856	0.000679470257388701	0.00055624051830742
4	2	0.000652817986568154	0.000682634614016928	0.000557390322135902	0.000580849477862188	0.000555478698048784	0.00050976150358055	0.000485823843797434	0.000464603665009547	0.00046142232321814	0.000453126758791047	0.000455707259164896	0.000409495035887819	0.000401678401975276	0.00038181682133207	0.000376039289185672	0.000343969338432027	0.000386200746920657	0.000384772429139183	0.000355217205493636	0.000365706349309649	0.000367515970235568	0.000506270946580837	0.000416724588282376
4	3	0.000489448468069569	0.00051117851070803	0.000419712323591292	0.000436883994951865	0.000418312189526758	0.00038478708907171	0.000367200848101357	0.000351591252003372	0.000349249391819736	0.000343144553299212	0.00034504340041939	0.000310957929838223	0.000305175228364819	0.000290461541776331	0.00028617732129174	0.000262353733461921	0.000293711640864161	0.000292648227034503	0.000270707874798857	0.000278488840049536	0.000279846991447835	0.000382224119834165	0.000316303643218776
4	4	0.000375196983212107	0.000391416249706041	0.000323016074711324	0.000335884405089829	0.000321966233114599	0.000296800827741774	0.000283577510337003	0.000271826799385946	0.000270062730341	0.000265465432201631	0.000266895226980925	0.000241172548007363	0.000236796379453409	0.000225647238357071	0.00022239800718137	0.000204299598198348	0.000228111687233226	0.000227302040626308	0.000210644809587193	0.000216547845364282	0.000217589749072448	0.000294874685235161	0.000245216164281693
4	5	0.000294416699852402	0.000306782712699992	0.000254528045164828	0.000264380603382175	0.000253723764509789	0.000234422210066859	0.000224262065315438	0.000215222352625923	0.000213864343629695	0.000210326477080779	0.000211426643801259	0.000191586752674456	0.000188201229692556	0.000179564099327034	0.000177044564785456	0.000162985603509489	0.000181474709926977	0.000180844191496104	0.000167913313867254	0.000172491949090376	0.000173310014947092	0.000232943053899748	0.000194713494017852
4	6	0.000239844930068275	0.000249630520092819	0.000208198496740665	0.000216027378064842	0.00020755904112017	0.000192195542718916	0.00018409425631185	0.000176877707159642	0.00017579286023572	0.00017296768869208	0.000173846107142731	0.000157966915115053	0.000155249032546295	0.000148305646948378	0.000146278296192232	0.00013494561961172	0.000149842732140111	0.000149333130011425	0.000138916539348123	0.000142601583709746	0.000143268268714016	0.000191016746664522	0.000160475857355687
4	7	0.000206590077073638	0.000214782082816357	0.000180032049185756	0.000186611882620181	0.000179494316787694	0.000166560739747247	0.000159729424404391	0.00015363718270134	0.000152720764653795	0.000150335163503784	0.000151076796824147	0.000137638545703633	0.000135331621050932	0.000129430211679902	0.000127705547093963	0.000118048235655737	0.0001307375785403	0.000130302125244107	0.000121430954298263	0.00012456634448851	0.000125140689022536	0.000165567235015951	0.000139767155290002
4	8	0.000189747592123075	0.000197069643495261	0.000165955531129329	0.000171858219363391	0.00016547288934202	0.000153852591743782	0.000147705435606184	0.000142217493535159	0.00014139148558986	0.000139242111636715	0.000139910202455297	0.000127777138052138	0.000125688369639519	0.000120338230717425	0.000118773351676566	0.000109996480040374	0.000121524287259923	0.00012112745358638	0.000113069676202147	0.000115914899035108	0.000116442409928176	0.000152959006432818	0.000129703637162842
4	9	0.000184727983022541	0.000191662278591607	0.000162144901149106	0.000167755273414647	0.000161685927596186	0.000150624417023129	0.000144763923996609	0.000139526399721583	0.000138737620161625	0.000136686021332635	0.000137323611391651	0.000125717869854613	0.000123714146728444	0.000118575254989739	0.000117070900294035	0.000108619679124887	0.00011971526919889	0.000119332058816443	0.000111577637072275	0.000114312992990828	0.000114826452947135	0.000149772897442493	0.000127565155175595
4	10	0.000186997965462164	0.000193783322442861	0.000164840228778151	0.000170353865588792	0.000164388895144019	0.000153498514227849	0.000147718173094598	0.000142545795387642	0.000141766281351087	0.000139739956493067	0.000140369547931655	0.000128876959261404	0.000126885768502699	0.000121771005102131	0.000120272197010006	0.000111835365140778	0.000122906624551698	0.000122522652009878	0.000114786642793259	0.000117511947882135	0.000118031483748277	0.000152659105067406	0.000130711768637922
4	11	0.000196159104239262	0.00020302247991616	0.000173683761304609	0.000179285834729633	0.000173224899813441	0.000162139152331681	0.000156243997781834	0.00015096201494683	0.000150165404481604	0.000148096025586822	0.000148738821852679	0.000136969413350973	0.000134922531951378	0.000129655912366746	0.000128110965522221	0.000119396036282944	0.000130826298702361	0.00013042802021285	0.00012244257574844	0.000125251584709236	0.000125796172932568	0.000161283561303595	0.000138854553351632
4	12	0.000210462762464914	0.000217539570111718	0.000187220045011792	0.000193023638877667	0.000186744362133109	0.000175237216597589	0.000169105799027512	0.000163604596597709	0.000162774289787464	0.000160619082522009	0.000161288324735113	0.000148993646407755	0.000146846538018784	0.000141311976839549	0.000139686590686597	0.000130496968869958	0.000142543105049604	0.000142121130420606	0.000133706878422582	0.000136661638332233	0.000137245307566794	0.000174347873282211	0.000150969999921694
4	13	0.000228252510232865	0.000235612811032298	0.000204006380167395	0.000210071352442988	0.000203508940422394	0.000191459567390989	0.000185026305923747	0.00017924627528178	0.000178373209307728	0.000176109053946367	0.000176811867875392	0.000163854542711727	0.000161581784500891	0.000155712150674297	0.00015398635486699	0.000144205819942747	0.000157019143330397	0.000156567666938163	0.000147618957030101	0.000150755349025183	0.000151387454819044	0.000190527013375945	0.000165945376108199
4	14	0.000249431230757352	0.000257118078811147	0.000224030728616719	0.000230396242858192	0.000223508275589594	0.000210835637705249	0.000204055475889429	0.000197954996899545	0.000197032787748628	0.000194643711695247	0.000195384978272804	0.000181665603432034	0.000179247685683061	0.000172990289191737	0.000171148224668751	0.000160682148595593	0.000174385151496916	0.000173899132892229	0.000164330476205995	0.000167676713908398	0.000168366200974093	0.000209853421759824	0.000183888670192513
4	15	0.000274252840115063	0.000282311789837091	0.000247539656066244	0.000254246589246179	0.000246988796431665	0.000233608703874022	0.000226435027271495	0.000219971150927045	0.000218993219520092	0.000216462832690123	0.000217247550115458	0.000202663941953037	0.00020008071879702	0.000193381071932073	0.000191406341023996	0.000180156738412383	0.000194876227377859	0.000194350366610829	0.000184073188973841	0.000187658288380962	0.000188414695969185	0.00023257014364695	0.00020503758248412
4	16	0.000302033149744369	0.000310513447933363	0.000273843082042606	0.000280932843060131	0.000273260407949549	0.000259089713132527	0.000251477599738455	0.000244609604011286	0.000243569767289402	0.000240882540080892	0.000241715460468605	0.000226173913728901	0.000223407575175679	0.000216218179857103	0.00021409661460736	0.000201980127141468	0.000217824381855989	0.000217254242894366	0.000206192769558659	0.000210041740856823	0.000210872774379829	0.000257988321390095	0.000228714423040916
4	17	0.000330994234405698	0.000339904328234284	0.000301300460593463	0.000308779639924215	0.000300685434185873	0.000285711198995045	0.000277653781501842	0.00027037549452652	0.000269272818799556	0.000266426706284094	0.000267308412709034	0.000250794527208768	0.000247841706732595	0.000240152964256176	0.000237881642022954	0.000224879882688954	0.00024187245624511	0.000241256748857739	0.000229394325959948	0.000233511836527462	0.000234420355864287	0.000284545979474668	0.000253504970232481
4	18	0.000358857019683235	0.000368193837462224	0.000327679794102354	0.000335541814852178	0.000327033001114013	0.000311271618125158	0.000302779433242929	0.000295101422076583	0.000293937595929715	0.000290936817069123	0.000291866019040578	0.000274408753754718	0.000271275628541212	0.000263104739832217	0.000260688962215958	0.00024683458318697	0.000264933543143641	0.000264273952925035	0.000251639598087271	0.00025601591965773	0.000256998870600134	0.000310044019676453	0.000277283599785248
4	19	0.000384770662621536	0.000394522403314251	0.00035215987355111	0.000360390600859049	0.000351482524516247	0.000334965772071832	0.000326057789999722	0.000317998346499921	0.000316776238351932	0.00031362786764583	0.000314602415941342	0.000296249022038905	0.000292945532030221	0.000284320020597754	0.000281768205381351	0.000267112750272352	0.000286251786791492	0.000285551109682559	0.000272190929721795	0.000276810971811658	0.000277863141451574	0.000333678455946286	0.000299279314567067
4	20	0.000409583459378502	0.000419763574989344	0.000375503620869884	0.000384110597420412	0.000374795138619136	0.000357511032873859	0.000348182491440275	0.000339738361868949	0.000338457567135575	0.000335160166966747	0.000336180558496591	0.000316928999785366	0.00031345634270026	0.000304381035954869	0.000301694892988874	0.000286251631543092	0.00030641448468091	0.000305673780273965	0.000291599013670482	0.000296459993440119	0.000297578582490359	0.000356163236159031	0.000320113798533224
4	21	0.000434068901063933	0.000444697747589826	0.000398458120809944	0.000407456046186195	0.000397717324089147	0.000379638428222035	0.000369875644654187	0.000361035142353462	0.000359693947300547	0.000356242818883102	0.000357310545557145	0.000337137772082256	0.000333492880029704	0.000323960940171459	0.000321138637437778	0.000304899424415473	0.00032609746550526	0.000325316651314727	0.000310519300548949	0.00031562478186014	0.000316809058170541	0.000378228124564312	0.000340479997065001
4	22	0.000457123525018472	0.000468166263577657	0.00042009930090068	0.000429458373849357	0.000419328646627599	0.0004005150804745	0.000390350647280845	0.000381143362434238	0.000379746262544189	0.000376152990523249	0.000377264465675722	0.000356238327516588	0.00035243347324822	0.000342477014730556	0.000339528070726717	0.000322547720807836	0.000344709415989739	0.000343891105864526	0.000328421069731693	0.00033375377658925	0.000334999805640337	0.000399046972591628	0.000359726733424428
4	23	0.000477342657894973	0.000488728546541149	0.000439142418208149	0.00044880258738114	0.000438346852146925	0.000418919396648828	0.000408418600298043	0.000398903689133284	0.000397459662054596	0.000393747379283393	0.000394895441460064	0.000373151054229908	0.000369210606018322	0.000358893311868762	0.000355836581802471	0.000338223504624882	0.000361207319841561	0.00036035668879845	0.000344312733902854	0.000349838488601843	0.00035113849579556	0.000417402912923487	0.000376763298775858
4	24	0.000495113385129213	0.000506790516062743	0.000455912972149175	0.000465829519585149	0.000455096184764364	0.000435145329180121	0.000424357380443961	0.000414579619146153	0.000413095475923622	0.000409281630309304	0.000410460891643363	0.000388101518142076	0.00038404444650849	0.00037341626645319	0.000370266596391324	0.000352106901738434	0.000375800645545213	0.000374921916612299	0.000358382333920168	0.000364074338540209	0.000365421682890581	0.000433587563285963	0.000391820238045886
4	25	0.000512019592007475	0.000523984927701259	0.000471832628537308	0.000482001596741969	0.000470994961617445	0.000450529817343656	0.000439460266397577	0.000429425073907222	0.000427901669854611	0.000423988262525997	0.000425198130522785	0.000402238209701462	0.000398067820475139	0.000387138149123995	0.00038389843733454	0.000365210311347886	0.000389590706093668	0.000388684970040586	0.000371665997662241	0.00037751921491281	0.000378911665711739	0.000448931543299436	0.000406060436073313
4	26	0.00053044145959754	0.00054276329788753	0.000489044461546043	0.000499521518219008	0.000488181356874605	0.000467091885325787	0.00045568229672398	0.00044533737547802	0.000443766828775307	0.000439733219470933	0.000440980127995108	0.000417303641205906	0.000413000165282436	0.000401718582594355	0.000398374093811433	0.00037907532224052	0.00040425046956831	0.00040331416498065	0.000385740352590416	0.000391781840356796	0.000393223778958263	0.000465444618195838	0.000421247602646933
4	27	0.000551300026707464	0.000564059373345481	0.000508425124823156	0.000519277423406065	0.000507531070168041	0.00048568354502025	0.000473862359928444	0.000463143321481878	0.00046151589848103	0.000457336791954362	0.000458628600353195	0.000434090839628576	0.000429628946302983	0.000417930081923186	0.000414461591667877	0.000394443312695524	0.000420555849426651	0.000419584014087055	0.00040135580684975	0.000407620627145376	0.000409118875544044	0.000483976918722001	0.000438179831275212
4	28	0.000574380168661088	0.000587659451467435	0.000529755709972218	0.000541051212178553	0.000528825131169739	0.000506084538499374	0.000493779686986924	0.00048262179598193	0.000480927720239837	0.00047657762975792	0.000477922267583869	0.000452378374052339	0.000447732959900716	0.000435552309417422	0.000431940889115316	0.000411096487438771	0.000438286282241886	0.000437274151493045	0.000418293937398695	0.000424816717003255	0.000426377570452339	0.000504308104970558	0.000456635502532978
4	29	0.000600235661540233	0.000614142420031282	0.000553507678919986	0.000565334871528052	0.000552533320505884	0.000528724027568383	0.000515841844243328	0.000504161022802751	0.000502387601454635	0.000497833398663715	0.000499241178103359	0.000472503316678658	0.000467641953872617	0.000454896329571045	0.000451117588493355	0.000429309965227544	0.000457756965337721	0.000456698459188288	0.000436840661058217	0.000443666069857544	0.000445297432755542	0.0005268642041482	0.000476958440550795
4	30	0.000630011309432727	0.000644687159195639	0.000580712726299588	0.000593188517231602	0.000579684997833392	0.000554574625717882	0.000540990996859815	0.000528675717301729	0.000526806103393954	0.000522003901809558	0.000523488472676004	0.000495306824933411	0.000490186117820962	0.000476763897821376	0.000472785064006724	0.000449829395004443	0.000479775998517981	0.000478662817339161	0.000457758264777318	0.000464946210027462	0.000466659156788411	0.000552613422660491	0.000499999879681293
4	31	0.000665206370859868	0.000680833934133093	0.000612733668941779	0.000626009300310004	0.000611640157616378	0.000584927658100496	0.000570481558823562	0.00055738697553421	0.000555399276398188	0.000550292162176579	0.000551871210542843	0.000521920478798274	0.000516483560159989	0.000502238072205464	0.00049801602489458	0.000473668303952608	0.000505434275119018	0.000504255320541394	0.000482080828303162	0.000489709975737997	0.000491519695678618	0.000582841746065096	0.000526903769023889
4	32	0.000706758244591548	0.000723502202572948	0.000650561501509027	0.0006647756521299	0.000649390798363407	0.000620798145554651	0.000605339770757514	0.00059133043719918	0.000589204121640078	0.000583739167903331	0.000585429081364904	0.000553401274869634	0.000547592843691312	0.000532379842213759	0.00052787193126422	0.000501887510827163	0.000535792435296211	0.000534536048193853	0.000510868517708342	0.000519016113676308	0.000520940008995389	0.000618565869532793	0.000558725541720744
4	33	0.00075473581350945	0.000772737934393006	0.00069433771771643	0.000709611343216838	0.000693079853545677	0.000662363220744379	0.000645760464238396	0.00063071647918003	0.000628433333620856	0.000622563861755762	0.000624379056644208	0.000589999063784678	0.000583768818689003	0.000567456124766916	0.000562623120809215	0.000534775010448358	0.000571114808896267	0.000569769868368136	0.000544402709592086	0.000553139490564432	0.000555194954754503	0.000659965516393974	0.000595710384773809
4	34	0.000809518528823491	0.000828920778782252	0.000744439407520385	0.000760894314222464	0.000743084335205612	0.000709997614227919	0.000692116826843606	0.00067591669768915	0.000673458250721283	0.000667137019636085	0.000669092072835163	0.000632080123442478	0.000625376572038787	0.000607828516721451	0.000602630098890147	0.000572684271887027	0.000611763818863815	0.000610318756190284	0.000583039132802847	0.000592437704153834	0.000594643100454662	0.000707415208011503	0.000638225637204544
4	35	0.000870884101233663	0.000891834617742488	0.000800625490440894	0.000818387949539231	0.000799162804084746	0.000763451557436672	0.00074415494229169	0.00072667364016073	0.000724020902485464	0.000717199202034129	0.000719309163244903	0.000679378608836785	0.000672149459551231	0.000653228758558837	0.000647624198539643	0.000615345236564939	0.000657471512402346	0.000655914841275295	0.000626508456038318	0.000636642318606529	0.000639015500090794	0.000760664561187289	0.000686006223362058
4	36	0.000937491606811689	0.000960160451094437	0.000861491123092294	0.000880702127432269	0.000859909249155006	0.000821292688154767	0.000800429976168764	0.000781532277905591	0.000778664806676047	0.000771289560212434	0.000773570913891396	0.000730417733411106	0.000722609652784374	0.000702178545580487	0.00069612731570433	0.000661285475359103	0.000706759429244602	0.000705080618770568	0.000673337395140969	0.000684280380346905	0.000686835967050442	0.000818279334489286	0.000737576491194034
4	37	0.00100828457440325	0.00103278457550265	0.000926166202345737	0.000946920461552185	0.000924457352691576	0.000882745857860054	0.000860215018304769	0.000839808759929027	0.00083671259217286	0.000828747757628781	0.0008312116696789	0.000784626756564226	0.00077620236017043	0.000754163508744909	0.00074763685522809	0.000710067552839145	0.000759104289975445	0.000757295548775801	0.000723065323967784	0.000734869560982805	0.000737619043469355	0.000879491391614397	0.00079235097366733
4	38	0.00108120896540387	0.00110758793810435	0.000992811897540151	0.00101515013554703	0.000990972716498648	0.000946084253813422	0.000921840872032921	0.00089988576186879	0.000896554778735616	0.000887984665276908	0.000890635982913502	0.00084052699051447	0.000831469426442496	0.000807778583192383	0.000800763379276073	0.000760390729993346	0.000813089200468859	0.000811146820280246	0.000774360513655723	0.000787049680660933	0.00078999883342535	0.000942582264088115	0.000848832106767892
4	39	0.00115621308387886	0.00118448158722835	0.001061494824386	0.00108542884555317	0.00105952430698795	0.00101143275069577	0.00098546140781868	0.000961942663915786	0.000958374553506337	0.000949193671496844	0.000952034031689006	0.000898362849829819	0.000888663685537786	0.000863297139158854	0.00085578611124882	0.000812564927382775	0.0008689831007893	0.000866904408747706	0.000827521551098519	0.000841108302057569	0.000844262489655917	0.00100768106791717	0.00090725646453182
4	40	0.00123462755055273	0.00126477911101503	0.00113359367848726	0.00115912448607693	0.00113149166725433	0.00108018955844117	0.00105248326542622	0.00102739270808171	0.00102358607295285	0.00101379184404719	0.00101682190846818	0.000959560008283204	0.000949210639479162	0.000922142186763483	0.000914127009755875	0.000868001942800361	0.00092820979800463	0.000925991025856583	0.000883962772379326	0.000898461063706893	0.000901828911074848	0.00107618730352283	0.000969049712214019
4	41	0.00131568167665214	0.00134770530484182	0.00120835554567842	0.00123547925597	0.00120612229774843	0.00115161288824845	0.00112217092459303	0.00109550635309856	0.00109146072845738	0.00108105281378822	0.00108427257266459	0.00102340667336649	0.00101240180178076	0.000983614476984139	0.000975089652150092	0.000926022807371665	0.000990067903504644	0.00098770629637303	0.000942999448155629	0.00095841829343253	0.000962006427977257	0.0011473600662866	0.00103349707429556
4	42	0.00140032664515395	0.0014341234182916	0.00128700693482812	0.00131565298771603	0.00128464810697384	0.0012270620847386	0.00119594898934364	0.00116776507144541	0.0011634884317074	0.00115248948207583	0.00115589164240869	0.00109152629923731	0.00107987765871081	0.00104939447176481	0.00104036564364887	0.000988374064611605	0.00105622945160207	0.00105372350719473	0.00100635685132371	0.00102268369117902	0.00102650046788596	0.00122256828491454	0.00110220602409699
4	43	0.00148783331513782	0.00152327128098856	0.00136892821505947	0.00139899855932601	0.00136645172161601	0.00130597458269275	0.00127328424930717	0.00124366207740096	0.0012391663923196	0.00122760955178781	0.0012311835451035	0.00116348260655513	0.00115121207544612	0.00111908196634317	0.0011095623799576	0.00105470565305973	0.00112628849505083	0.00112363851824478	0.00107366977714179	0.00109087798904466	0.00109492958997141	0.00130125364558714	0.00117473094622611
4	44	0.00157999200171445	0.00161704147798942	0.0014555789755939	0.00148705734663207	0.0014529860524609	0.00138964295821456	0.00135538486264377	0.00132433043392595	0.00131961639426804	0.00130750516178998	0.00131124967398607	0.00124021266032397	0.00122731467856137	0.00119351725999719	0.00118350001887232	0.00112572674005379	0.00120110058868474	0.0011983022178586	0.00114568685229723	0.00116378684466074	0.00116808471273158	0.00138469643441088	0.00125203427552594
4	45	0.00168129124748068	0.00172014217431267	0.00155073107079864	0.00158377942411994	0.00154800837016675	0.00148147287734022	0.00144547015468905	0.00141282293746697	0.00140786615668801	0.00139513824935006	0.00139907248600601	0.00132433074651235	0.00131073743452531	0.00127509385148118	0.00126452582410585	0.00120352762122033	0.00128309422495237	0.00128013210872961	0.00122458951819619	0.00124367672209536	0.00124824539646144	0.00147627524351915	0.00133678780217721
4	46	0.00179488928360578	0.001836031915232	0.00165657132367285	0.00169159183643047	0.0016536858832655	0.00158316075679564	0.00154498879632852	0.0015103679902376	0.00150511101000925	0.00149161638841726	0.00149578706283925	0.00141649157924855	0.00140205676700907	0.00136419251185684	0.00135296397874305	0.00128812510705006	0.00137269296986148	0.00136953989231845	0.00131050578418204	0.00133078115684515	0.00133565570599572	0.00157765041438202	0.00142971871567902
4	47	0.00192690302841206	0.0019709928248702	0.00177866362536405	0.00181619813013768	0.00177557098787972	0.00169997860490783	0.00165906151131197	0.00162194941053602	0.00161631401031807	0.0016018489753995	0.00160631943468085	0.00152130949777483	0.00150583126819475	0.00146522664151605	0.00145318496266165	0.00138364388867623	0.00147434269876423	0.00147095989245857	0.00140764588493903	0.00142938840623407	0.00143462080637985	0.00169407209528529	0.00153549249962321
4	48	0.00207950145850817	0.00212730948443779	0.00191879904458125	0.00195948344455904	0.00191544705210582	0.00183352400157214	0.00178918731432297	0.00174897806684777	0.0017428727473592	0.0017271986779924	0.0017320431750076	0.00163996302990891	0.001623206604375	0.00157925850994363	0.00156622672452561	0.00149098706749761	0.0015891240779336	0.00158546711987162	0.00151696096735047	0.00154049452698557	0.00154614322313838	0.00182712354977017	0.00165531800313889
4	49	0.00225276006130848	0.00230506110938841	0.00207704211916986	0.00212151485793995	0.00207337841151973	0.00198385667281145	0.00193542370503285	0.0018915096032159	0.00188484259703543	0.00186772019286806	0.00187301318872405	0.0017725035737732	0.00175423362343327	0.00170633762463649	0.00169213840169849	0.0016102018636524	0.00171708690349721	0.00171311126094868	0.00163849885833432	0.00166414793707829	0.00167027154016648	0.00197686417080336	0.00178924714833367
4	50	0.00244577873018836	0.0025032303933321	0.00225287202838345	0.00230167773242944	0.00224885190620856	0.00215064735390516	0.00209753819847473	0.00204939758052326	0.00204209003913251	0.00202331441494318	0.00202911956504921	0.00191900869470931	0.0018990201489126	0.00184664708565929	0.00183112482776765	0.00174161045211421	0.00185839785151258	0.00185406334085954	0.00177253895131013	0.00180058724354511	0.00180724102701502	0.00214297878597822	0.00193732947806781
4	51	0.00265152446128059	0.00271446476488949	0.00244030310522652	0.00249372527466349	0.0024359032583549	0.00232844847019776	0.00227035789691591	0.00221771510074443	0.00220972526506875	0.00218918871931087	0.00219553937732281	0.0020752019363081	0.00205338283931569	0.00199624104826462	0.00197930958633719	0.00188172383587475	0.00200905854474244	0.00200434169668049	0.00191545501469735	0.00194605856350831	0.00195327736518006	0.00232005969174289	0.00209520269574643
4	52	0.00286719672709253	0.0029355012444707	0.00263801653596738	0.00269597443016228	0.00263324332668788	0.00251667978289178	0.00245367287834661	0.00239657975257292	0.00238791488835181	0.0023656403967744	0.00237252888037752	0.00224204489461135	0.0022183956569971	0.00215647116985531	0.00213812410988115	0.00203239998389602	0.00217036028208021	0.00216525319734776	0.00206894936384578	0.00210211484072511	0.00210992275875016	0.00250758069550135	0.00226372408252479
4	53	0.00308947261666088	0.0031626772987369	0.00284378210656887	0.00290592565918081	0.00283866386041878	0.00271365888808978	0.00264607637653955	0.00258482916046385	0.00257553316949299	0.00255164092687216	0.00255902908114174	0.00241900837386261	0.00239361523948851	0.00232710794668136	0.00230740060182605	0.00219380482539629	0.00234202686235767	0.00233653447593333	0.00223306722287236	0.00226868641943857	0.00227709648910897	0.00270389957830345	0.00244228488964246
4	54	0.00332089286075945	0.00339856642414065	0.00306002893583897	0.00312603657084283	0.00305459162335186	0.00292175460532417	0.00284990551986582	0.00278477149292571	0.00277488386072277	0.00274948312145777	0.00275733611830625	0.00260832066581181	0.00258125652066909	0.00251033022527548	0.0024893070794412	0.00236804178237006	0.00252624535475997	0.00252036901898003	0.00240993351886987	0.00244791717110201	0.00245694898445698	0.00291138059977359	0.00263312559642074
4	55	0.00357246627210956	0.00365472138226881	0.0032959940751273	0.00336598430888405	0.00329022766941358	0.00314930083752985	0.00307303523454712	0.00300387186330704	0.0029933703931633	0.00296640863182926	0.0029747421039306	0.00281636951955493	0.00278755438139742	0.00271198443114987	0.00268957669897967	0.00256021506184793	0.00272894793346956	0.00272266208122414	0.00260487544689245	0.00264534242163828	0.00265504760672981	0.00313829095088223	0.0028427750557681
4	56	0.00385656413466717	0.00394422865674349	0.00356171998857996	0.00363638965017055	0.00355556716534314	0.00340515371434321	0.00332371906935305	0.00324984600846125	0.0032386275763971	0.00320983919742475	0.00321873534631789	0.00304945852016815	0.00301861409870825	0.00293767409436284	0.0029136669493238	0.00277497569564825	0.00295584862623361	0.00294909419839197	0.0028228318106278	0.00286617074099987	0.00287663807544585	0.00339339916181583	0.00307771999588973
4	57	0.00418932903730705	0.00428405709608872	0.00387064424167957	0.00395136411764646	0.00386399248743502	0.0037013631734021	0.0036132993120259	0.00353340289095862	0.00352126892523154	0.00349013748917121	0.00349975682963678	0.00331662479729853	0.00328323554756449	0.00319559612909221	0.00316959876043815	0.00301936706186892	0.00321527745887725	0.00320795416021443	0.00307119392612737	0.00311811823743025	0.00312948441539209	0.00368865241969653	0.00334721638243043
4	58	0.0045841117735899	0.00468822852952421	0.00423391903269725	0.00432260795632787	0.00422661094706212	0.00404795241516864	0.00395122306789518	0.00386347381991989	0.00385014799592031	0.00381595278368944	0.00382651959875618	0.00362543700463982	0.00358879369292782	0.00349263292705973	0.00346411069958073	0.00329932810922669	0.00351422560521321	0.00350619932831875	0.00335618523203177	0.00340767374501582	0.00342011502033117	0.00403399029093602	0.00365901148810599
4	59	0.0050489494416358	0.00516512848155246	0.00465844146475298	0.00475730221645415	0.00465029639732012	0.00445123402969385	0.0043435048734849	0.00424580658236259	0.00423097237296344	0.0041928875098654	0.00420465884426868	0.00398093839939232	0.00394023065737482	0.00383346837510566	0.00380181115211237	0.003619045368643	0.0038574341049735	0.00384855231450076	0.00368214124004494	0.00373931118933046	0.00375302687593615	0.00443568208770115	0.00401824181412846
4	60	0.00558792451295265	0.00571886007561333	0.00514822308832652	0.00525947667515227	0.00513905887708472	0.00491518057597753	0.00479409651508453	0.00468433377979242	0.00466767171372816	0.00462486497677715	0.00463809967031337	0.00438700699303367	0.00434141301809813	0.00422193610211672	0.00418652364508881	0.0039822782592829	0.00424874432451924	0.00423885000708187	0.00405284100822926	0.00411682588272788	0.00413202527394812	0.00489769739324021	0.0044287957290671
4	61	0.00619512200952212	0.0063426902148332	0.00569998771577705	0.00582520377879326	0.00568967534557457	0.00543784277795231	0.00530171742756123	0.00517836835968116	0.00515964798775024	0.00511152431779494	0.00512640674615101	0.00484449572873829	0.00479340083369157	0.00465961040609214	0.00461997071569864	0.00439154734917628	0.00468961849117755	0.00467858411322835	0.00447051414769441	0.00454216950909719	0.00455903986397257	0.00541818437742257	0.0048913342168286
4	62	0.00685289700615024	0.00701801105002034	0.0062992242334385	0.00643919442842239	0.00628769831025375	0.0060063050061347	0.00585426216217936	0.00571652785361478	0.00569562750798721	0.00564190383486495	0.00565851747401072	0.00534390791655638	0.00528690851165438	0.00513769020882199	0.00509348880633985	0.00483886376293817	0.00517115445114042	0.00515884891375067	0.00492687193901827	0.00500674685027177	0.00502555448645256	0.00598434519875032	0.00539616505072887
4	63	0.0075458652950158	0.00772834846441689	0.00693406871288778	0.00708871487022157	0.00692133484556889	0.0066104777168792	0.00644253693961744	0.00629041458577458	0.00626733210471398	0.00620800074578169	0.00622634829959515	0.0058789380246833	0.00581600382421709	0.00565126068286935	0.00560246385319055	0.0053213971261002	0.00568820507830648	0.00567461971020761	0.00541853858691827	0.00550670822696917	0.00552746972119128	0.00658622077409417	0.00593663834496532
4	64	0.00826271462517265	0.00846180795061885	0.00759510194283695	0.00776387620681095	0.00758120414176443	0.00724190437161907	0.00705857378158214	0.00689249639773182	0.00686729518147627	0.00680251628066613	0.00682254866166643	0.00644319955168829	0.00637447108378994	0.00619454755119897	0.00614125070917683	0.00583423129854328	0.00623489783596438	0.00622006014775072	0.00594034887843944	0.00603665970535018	0.00605933741414342	0.0072154256057787	0.00650620994261757
4	65	0.00900901196358746	0.00922446508294684	0.00828625504847904	0.00846901269110887	0.00827120445119619	0.0079036962498174	0.0077050714995511	0.00752510640948487	0.00749779503929451	0.0074275886528633	0.00744929996768449	0.00703807563908581	0.00696355334771503	0.00676843394989741	0.00671062781399904	0.00637755917612948	0.00681219571195061	0.00679610379234133	0.0064926946650169	0.00659717686071622	0.00662177683234299	0.00787501083828902	0.00710639265758124
4	66	0.00980801139724705	0.0100402023848113	0.00902869258404498	0.00922581447839847	0.00901245712834503	0.00861592392027994	0.00840153606191972	0.00820724107856117	0.0081777509849032	0.00810193905585298	0.00812538464526524	0.007681193896673	0.00760067009283318	0.00738979610515675	0.00732731092680121	0.00696717625940275	0.00743709655857195	0.00741970375782029	0.0070916887222357	0.00720466115854456	0.00723125751825711	0.00858496535565063	0.00775500521347544
4	67	0.0106709814281264	0.0109220755563461	0.00982795201828744	0.0100412286009291	0.0098103847902635	0.00938126496798542	0.00914921017803448	0.00893887351247118	0.00890694602967421	0.0088248649977512	0.00885024985726719	0.00836924262673082	0.00828202713831236	0.00805360280837496	0.00798590976755499	0.00759569132910419	0.00810484326975259	0.00808600191969011	0.00773061823217516	0.00785302763092695	0.00788184399892804	0.009347757370472	0.0084491830089707
4	68	0.011626773812624	0.0119003324188859	0.010708317146404	0.0109406766142989	0.0106891780728446	0.0102216613112559	0.00996884181211684	0.00973968329988565	0.0097048987622688	0.00961547259389699	0.00964312906149069	0.00911907678214692	0.00902405613527772	0.00877518902652277	0.0087014376879905	0.00827629486787668	0.00883101529699419	0.00881048772797068	0.00842329789602004	0.00855666288026947	0.00858805827175242	0.0101851554258549	0.00920617117194822
4	69	0.0127217621910472	0.0130224681161495	0.0117124011044884	0.0119677222887828	0.0116913718327773	0.0111777367528829	0.0109000222313432	0.0106483263746532	0.0106101231881606	0.0105119110308778	0.0105422842614607	0.00996682205915508	0.00986249575524398	0.00958928027509989	0.00950832009638273	0.00904168358846731	0.00965056536559479	0.00962803035763009	0.00920302191169045	0.00934940339009226	0.00938386451105784	0.0111376341915309	0.0100624502293163
4	70	0.0140100537023933	0.0143435024522337	0.0128911884602387	0.0131741489270554	0.0128678845746375	0.0122987828487112	0.0119911523443773	0.0117123895546267	0.0116700819766389	0.0115613231038515	0.0115949572874121	0.0109578267543132	0.0108423470393736	0.0105399622017736	0.0104503696964237	0.00993408145638338	0.0106077852175951	0.0105828458198748	0.0101125665889534	0.0102745238101688	0.0103126543036474	0.012254357096639	0.0110636856909816
4	71	0.0156823553953186	0.0160583073876688	0.0144213500194622	0.0147401862731896	0.0143950937137288	0.0137539983278135	0.0134075390575883	0.0130936460114828	0.0130460113850226	0.0129235641013617	0.0129614306128429	0.0122442634616631	0.012114308566201	0.0117740674878618	0.0116732720119663	0.0110925473202977	0.0118503754169395	0.01182231560033	0.0112932848099153	0.0114754557399184	0.0115183482588956	0.0137039613425379	0.0123634002392659
4	72	0.0176932842401319	0.018117810358047	0.0162694178527546	0.0166294226714507	0.01623977159826	0.0155159189842409	0.0151247481480656	0.0147703537433969	0.0147165734900714	0.0145783293235554	0.0146210808620457	0.0138114129375296	0.0136647006230737	0.0132805925495971	0.0131668034045989	0.0125112333375599	0.0133667379811933	0.0133350606803786	0.0127378391834111	0.0129434888372713	0.0129919098767748	0.0154594240574404	0.0139459133277228
4	73	0.0200791746147743	0.0205566633218711	0.0184769211581041	0.0188821409984756	0.0184435479762808	0.0176285289251475	0.0171879535025395	0.0167887129464696	0.0167281198679993	0.0165723541306613	0.0166205255360329	0.0157079966942706	0.0155425963868454	0.0151094868527115	0.0149811603956935	0.0142416444223555	0.0152066314994338	0.0151709102211181	0.0144973048316329	0.0147292875108677	0.0147839040372733	0.0175649048200786	0.0158596159719464
4	74	0.0228612644248439	0.0233946718504983	0.0210696101834083	0.021522994530928	0.0210322620607963	0.0201197731066148	0.0196261833464615	0.0191786988935418	0.0191107665926647	0.0189361129536133	0.0189901287973504	0.0179663811590478	0.0177807051444774	0.017294327222017	0.0171501682892307	0.0163189589226846	0.0174034420689988	0.0173633207144877	0.0166064077864764	0.0168671531461989	0.0169285302100055	0.0200485074546619	0.0181365547984756
4	75	0.026048230001812	0.0266395592835043	0.0240592675279829	0.0245629944456031	0.0240177595298466	0.0230030151699922	0.0224536029676374	0.0219551910842817	0.0218795005080534	0.0216848672808358	0.0217450674010205	0.0206033162056409	0.0203960543588007	0.0198528563311755	0.0196917783258252	0.0187622985271058	0.0199747534450913	0.0199299344543938	0.0190838713244042	0.019375441750202	0.0194440571562655	0.0229237122176052	0.0207932231227479
4	76	0.0296928056300939	0.0303437298382919	0.0274996374604868	0.028055644859736	0.0274538039353298	0.0263324648483102	0.0257246423152535	0.0251728053288491	0.0250889644472426	0.0248733279382751	0.0249400313743492	0.02367384938953	0.0234437477406922	0.0228403114444511	0.0226612634587906	0.0216271050436532	0.0229757746759926	0.0229259709834977	0.0219850861861629	0.0223094909615364	0.02238580910113	0.0262447615892211	0.0238846146090373
4	77	0.0337373555813895	0.0344520831037737	0.0313253044588253	0.0319373888638752	0.0312748300645903	0.0300390646405748	0.0293684898723372	0.0287592243037097	0.0286666196208855	0.028428395474014	0.0285020933177226	0.027102001505206	0.0268473008096991	0.0261789568114883	0.025980537469306	0.0248334583439681	0.0263290415272362	0.0262738656083594	0.0252307299587385	0.0255905540990395	0.025675179472385	0.0299423388727308	0.0273352263370979
4	78	0.0381554143424193	0.0389400004058788	0.0355039735102594	0.0361773503414675	0.0354484277786797	0.0340876769639673	0.033348602949323	0.0326766756550969	0.0325745107502259	0.0323116489111558	0.0323929755721978	0.0308468894808892	0.0305653836502983	0.0298263308103395	0.0296068142924087	0.0283368029541409	0.029992341318423	0.0299313137773857	0.0287768392229544	0.0291752230620137	0.0292688933768707	0.0339811005083003	0.0311045918277159
4	79	0.0429333340576352	0.0437949514456066	0.0400183977920081	0.0407591696439735	0.0399572779161532	0.0384592516862991	0.0376450253252656	0.0369044009537291	0.0367917592662906	0.0365019028270912	0.0365915873040187	0.0348856789721153	0.0345748571914037	0.0337585136824409	0.0335159477738005	0.0321117338464225	0.0339419271865015	0.0338745049013154	0.0325984351433131	0.0330389140543882	0.0331424611532878	0.0383418641960374	0.0351701591938916
4	80	0.0480773363308403	0.0490238626473009	0.0448724506536162	0.0456873112196255	0.0448052052397515	0.0431564319357535	0.0422597656908683	0.0414438369126396	0.0413197153321014	0.0410002852192955	0.041099125165658	0.0392182743803064	0.0388753936194318	0.0379745727779806	0.0377068269982963	0.0361561219493982	0.0381770017234284	0.0381025918130853	0.0366937388036527	0.0371801675913696	0.0372944987494314	0.0430271812451491	0.0395320462740624
4	81	0.053619443638629	0.054652340282878	0.0501188367066959	0.0510093773693979	0.0500453305520545	0.0482423062671333	0.0472611386863468	0.0463679313451819	0.0462320212097937	0.045882212821238	0.0459904587845931	0.0439296496506189	0.0435537379034623	0.0425657988334013	0.0422720635181084	0.0405699489626216	0.0427878477925162	0.0427062287801612	0.0411602313591952	0.0416941521744214	0.0418196242452479	0.0481009021072757	0.0442735869043308
4	82	0.0597511379329803	0.0608776112735241	0.055929923328277	0.0569025450030224	0.0558496258983782	0.0538792298024096	0.0528063318712754	0.051829208692154	0.0516804952831759	0.051297691016987	0.0514161539082139	0.0491598048949155	0.0487479865957654	0.0476653212791243	0.0473433200010764	0.0454764707354446	0.0479087067003855	0.0478192481072532	0.0461240660196202	0.0467096583174999	0.0468472501922203	0.0537246342733785	0.0495365293215874
4	83	0.0666424969884011	0.0678709351328546	0.0624715325596785	0.063533756522057	0.0623838196629384	0.0602305759816358	0.0590573895659839	0.0579884732483776	0.0578257506119156	0.0574068375234368	0.0575364820184746	0.055066008151115	0.0546148422147222	0.0534283296058075	0.0530753284877129	0.0510276980636822	0.0536951114201708	0.0535970567448168	0.0517382110805175	0.0523805077115081	0.0525313971029358	0.0600615617350048	0.0554786541352934
4	84	0.0744486385012924	0.0757881923328756	0.069895967852868	0.0710560659113876	0.0698001522602113	0.0674469857543957	0.0661640382266644	0.064994591005516	0.0648165198799679	0.0643580389854751	0.0644999372922009	0.0617946351915657	0.0613002775340724	0.0599997122227453	0.0596126478106294	0.0573662132099476	0.0602921973053394	0.0601846994956073	0.0581459473568897	0.0588506009787231	0.0590161096167783	0.067262195597518	0.0622467012799285
4	85	0.083247544084923	0.0847074433549981	0.0782808506141847	0.0795472004314305	0.0781762359063926	0.0756058235254425	0.0742034886573207	0.0729246208903661	0.0727298378713511	0.0722282667697543	0.0723835109178362	0.0694222684494579	0.0688807930517858	0.0674557429230279	0.0670314811073292	0.0645677792670606	0.0677762905612128	0.0676584833991138	0.0654231965811541	0.0661959977785457	0.0663774790528241	0.0754038789643108	0.069917326114512
4	86	0.0931308499500543	0.0947175476607182	0.0877268031635439	0.0891055606205389	0.0876128742858961	0.0848122424729573	0.083283178636346	0.0818880281901748	0.0816754739226686	0.0811280672932072	0.0812975096976582	0.0780636429469741	0.0774719003766336	0.0759139267401594	0.0754499125771078	0.0727537104272236	0.0762644542535	0.0761356343892348	0.0736901775536023	0.074535903328392	0.0747344693390627	0.0845920979112574	0.0786045445543187
4	87	0.104036028461806	0.105756455023744	0.0981700198546717	0.0996676151276438	0.0980462406934111	0.0950019760899575	0.0933386653636781	0.091820249120325	0.0915888491817298	0.0909928270164694	0.0911773301944752	0.087654061539272	0.0870089080584476	0.0853096214653877	0.0848033243342048	0.0818596188964355	0.0856920307471046	0.0855515002057404	0.0828824052982815	0.0838057607146617	0.0840225088382748	0.0947625577520172	0.0882436604719316
4	88	0.115948356562674	0.117808332428362	0.109599566040134	0.111221461800252	0.109465480449605	0.106166136230109	0.104362134687649	0.102714449436448	0.102463278681717	0.101816245392071	0.102016552873382	0.09818937451166	0.0974880813715665	0.0956401842348745	0.0950893984643167	0.0918850721454929	0.0960561316251793	0.0959032826807744	0.092998793028192	0.0940038917284341	0.094239780412127	0.105906524961099	0.0988301447035534
4	89	0.128942519474854	0.130946696776442	0.122093947800119	0.123844655936695	0.121949177436959	0.118385181738957	0.116435037755892	0.114652965618721	0.114381232069374	0.11368113290139	0.113897883042462	0.109754242498526	0.108994426574153	0.106991512596124	0.106394292635928	0.102917689187157	0.107442456296535	0.107276754202631	0.104126462040773	0.105216959109238	0.105472837906625	0.118104602641413	0.110448338600454
4	90	0.143125780770703	0.145279043311831	0.135759610473806	0.137643856333098	0.135603759199319	0.131765094645034	0.129663106349856	0.127741296407384	0.127448172167056	0.12669285934493	0.126926719376632	0.122453499908714	0.121632671644103	0.119468049221433	0.118822363067607	0.115061309488901	0.119955512284213	0.119776398506925	0.116369434161916	0.11754914670614	0.117825902855593	0.131462737111833	0.123203172963414
4	91	0.158715187763272	0.161021821841448	0.150815370987114	0.152837468757961	0.150648075358808	0.146525465269558	0.144266282574832	0.142199671230399	0.141884369299156	0.141071796816495	0.141323403017666	0.136507991487343	0.135623733066418	0.13329086812377	0.1325947217412	0.128537181564928	0.133816342172025	0.133623270001156	0.129948927014045	0.131221629023243	0.13152013757598	0.146200571676092	0.137315421334145
4	92	0.176038484788111	0.178500732713143	0.167595468733981	0.169758146390532	0.167416494133121	0.16300371774572	0.160583566469447	0.158368468820694	0.158030407183139	0.157159050692429	0.157428878835831	0.152261572117056	0.151311962289112	0.148805572956408	0.148057329507205	0.143693193771101	0.149370274943444	0.149162799091929	0.145212188575601	0.146581048918278	0.146902039218054	0.162655761462761	0.153128474790453
4	93	0.195144139807063	0.197764805820637	0.186146751145235	0.188453106454931	0.185955833751684	0.18124601817148	0.178660821936404	0.17629331098286	0.175931873577121	0.175000124520411	0.17528867590979	0.169759367128515	0.168742430004754	0.166057119378578	0.165255115886385	0.160574198302324	0.166662288481833	0.166439955247635	0.16220408340739	0.163672295401263	0.164016504351333	0.180874426701315	0.170687513846311
4	94	0.215938318316889	0.218719790214294	0.206377169247246	0.208829789356214	0.206174089157041	0.201161525107894	0.198407912199117	0.195884747599042	0.195499426684177	0.194505960022098	0.194813647499426	0.188914028394464	0.187828142774483	0.18495948647795	0.18410236057115	0.17909632304394	0.18560613814156	0.185368575711062	0.180840077648156	0.182410255181837	0.182778286124786	0.200765824350993	0.189904873157309
4	95	0.236873199786949	0.239772679414466	0.22689217105222	0.229454635928636	0.226679928468474	0.221437908721017	0.218555508875535	0.215912600404839	0.215508845489547	0.214467669186466	0.214790160882146	0.208602251073708	0.207462270624616	0.204449136753673	0.203548395943242	0.198283453848296	0.205128556813243	0.204878969765878	0.20011820776458	0.201769578422374	0.202156538265107	0.221023821521333	0.20964217361172
4	96	0.260345638371249	0.263340555668234	0.250019110625714	0.252672825275136	0.249799229854278	0.244364617641883	0.241373045944461	0.238627960560667	0.238208419610132	0.237126317956605	0.237461519331757	0.231024424169341	0.229837299437851	0.226697669766023	0.225758578409199	0.220264456573312	0.227405853349135	0.227145716275534	0.222180056096975	0.223903292738208	0.224306970331543	0.243934990854973	0.232107014304572
4	97	0.28541421998392	0.288479633037611	0.27482658247191	0.277550106912684	0.274600832082345	0.269016945451748	0.265939714785259	0.263113813127616	0.262681732288451	0.261567054999148	0.261912383115829	0.255275135729633	0.254049775250278	0.250807002189152	0.249836485473215	0.244153131083855	0.251538708570342	0.251269948369682	0.246135759937694	0.247918330782368	0.248335776578807	0.268575170593338	0.25639223235411
4	98	0.312008204346425	0.315115269060618	0.301257924642984	0.30402610816394	0.301028383567206	0.295346353229174	0.292211393873726	0.289330163415751	0.288889425761754	0.287752172962311	0.288104532462614	0.281326191190083	0.280073395091097	0.276755898311606	0.275762415316073	0.269938918474118	0.277504735591329	0.277229701468577	0.271971539754523	0.273798045860214	0.274225642771568	0.294896451092106	0.282467919806724
4	99	0.339980756715228	0.343098385664608	0.329174873315714	0.331960237343981	0.328943817304634	0.323219832014944	0.320058018868823	0.317149750608762	0.31670467630978	0.315555986115265	0.315911927490748	0.309058610718938	0.307790541366226	0.30443043488667	0.303423575695423	0.297515886082956	0.305189166196988	0.304910516947421	0.299579023872931	0.301431915598961	0.30186554863611	0.322766239225182	0.310213871005313
4	100	0.415195000834213	0.418205132680234	0.404716678638469	0.407424385190648	0.404491850362947	0.398911555063096	0.395820285005457	0.392971273474775	0.392534787814506	0.391407672002665	0.391757019573426	0.385016096383865	0.383765420944427	0.380446189618781	0.379450093275802	0.37359156404659	0.381196356330159	0.380920897747658	0.375640267767046	0.37747768847359	0.377907360123546	0.398468471343614	0.386154578417722
5	0	0.0115441759445061	0.0122077810915095	0.010355328724624	0.0109166438387727	0.0106488028775075	0.0100075991972686	0.00976206173827109	0.00955216334629681	0.00961166949664815	0.00961166949664815	0.00979242139617003	0.00911745392633628	0.00894916080971929	0.00854189343334691	0.00838422421128967	0.00775799112609644	0.00856845841207767	0.00851541081459983	0.00792846453649405	0.00812788296758332	0.00815316038878329	0.0107151406527442	0.00908918688482383
5	1	0.000930415009804094	0.000991481727991696	0.000822232184115819	0.000873109474465275	0.000848786523720909	0.000790902434289232	0.000768869594748007	0.000750094946763665	0.000755411854899745	0.000755411854899745	0.000771589777246777	0.000711392966777275	0.000696477190915374	0.000660541678457808	0.000646692101524325	0.0005920427980175	0.000662878607796309	0.000658212987790262	0.000606861448872838	0.000624251759294922	0.000626460298586967	0.000854802988694095	0.000708885003666515
5	2	0.000687341135389121	0.000731187242046969	0.000609469269508444	0.000646124288322387	0.000628608062849165	0.000586866944162853	0.000570957166582091	0.000557390322135902	0.0005612333289362	0.0005612333289362	0.000572922058262339	0.000529394225217345	0.000518593548727153	0.000492546101050148	0.000482497198284418	0.00044278655173428	0.000494241148932436	0.00049085686649872	0.000453563947809662	0.000466202551807754	0.000467806941014113	0.000632942090485301	0.000527578616455734
5	3	0.00051460617194094	0.000546508110008727	0.000457807550142546	0.000484566481905417	0.000471784600521552	0.000441285582140288	0.000429645363144645	0.000419712323591292	0.000422526666585788	0.000422526666585788	0.000431083430510763	0.000399193723302746	0.000391269952151101	0.000372141822473106	0.000364755016355925	0.000335522187691168	0.00037338741955473	0.000370900380625452	0.000343462757872303	0.000352768064204993	0.000353948815318491	0.000474948109455547	0.000397862038005632
5	4	0.000393973008607662	0.000417748622477809	0.00035154681109141	0.000371550552556564	0.000361999058923528	0.000339180804955234	0.000330461444220372	0.000323016074711324	0.000325126038784112	0.000325126038784112	0.000331538986318189	0.000307621725632978	0.000301671408873148	0.000287294307116525	0.000281737182933823	0.000259716145669944	0.000288231093285669	0.000286360565616561	0.000265702481407899	0.000272713150349957	0.000273602391455901	0.000364363662633712	0.000306621917546293
5	5	0.000308730740485566	0.000326829158420862	0.000276358309892872	0.000291634536469441	0.00028434329291036	0.000266902767055929	0.000260229849970193	0.000254528045164828	0.000256144263040422	0.000256144263040422	0.00026105475430897	0.00024272706682675	0.000238161322964133	0.000227119173909605	0.000222847017582266	0.000205894353133908	0.000227839120495283	0.00022640150227603	0.00021050669128052	0.000215904587398388	0.000216588984791412	0.000286148833484521	0.000241960075966561
5	6	0.000251171031473523	0.000265470554441139	0.000225533919423234	0.00023764174970095	0.000231865039685923	0.000218030171255669	0.000212730188927414	0.000208198496740665	0.000209483324227125	0.000209483324227125	0.000213385576012575	0.00019881016372841	0.000195174457272183	0.000186373419661235	0.000182965148009403	0.000169422086990442	0.000186947605830481	0.000185800997032931	0.000173109763702313	0.000177422638584325	0.000177969248854027	0.000233295917337786	0.000198199543197533
5	7	0.000216070906752175	0.000228023967886693	0.000194592908167954	0.000204744427427498	0.000199902907450482	0.000188294078123379	0.000183841553811766	0.000180032049185756	0.000181112351654018	0.000181112351654018	0.000184392309743006	0.00017213254424701	0.000169070662047758	0.000161652124426907	0.000158776667235362	0.000147335913596667	0.000162136404854698	0.00016116929048199	0.000150453563187184	0.000154097451818291	0.000154559099817986	0.000201102447228584	0.000171618406646393
5	8	0.000198220922800554	0.000208889859523999	0.000179010558095007	0.000188096896256418	0.000183764906798697	0.00017336640827028	0.00016937367118691	0.000165955531129329	0.000166925042035217	0.000166925042035217	0.000169867690549899	0.000158861446039077	0.000156109460674975	0.000149436264609225	0.000146847553355964	0.000136535215918969	0.000149872131693716	0.000149001665139422	0.000139347393901994	0.000142632305324204	0.000143048327012369	0.000184838459936989	0.000158399435693721
5	9	0.000192751956269457	0.00020284211107008	0.000174546527636461	0.000183163724976549	0.000179056824096221	0.00016918793993325	0.000165394404398079	0.000162144901149106	0.00016306676058153	0.00016306676058153	0.000165863905105706	0.000155395053447818	0.000152774456624424	0.000146414686396968	0.000143945535329692	0.00013409770822027	0.000146830309882662	0.000146000239390993	0.000136785125064422	0.000139922469610649	0.0001403196638128	0.000180074834660001	0.000154955186271719
5	10	0.000194848856633748	0.000204706219592334	0.000177019961139816	0.000185466162225492	0.000181442419814451	0.000171760853254668	0.000168034451513756	0.000164840228778151	0.00016574661689031	0.00016574661689031	0.000168495794109889	0.000158198451560701	0.000155617285772553	0.000149347121317269	0.000146910373825119	0.000137177904182988	0.000149757157402445	0.000148938207913599	0.000139836094987574	0.000142937158270191	0.000143329595648872	0.000182440096495563	0.000157765303156418
5	11	0.000204099491180743	0.000214053367655923	0.000186050367891446	0.000194608488324269	0.000190533175023397	0.000180714361671383	0.000176930006486676	0.000173683761304609	0.000174605133989435	0.000174605133989435	0.000177398682564402	0.000166926682870792	0.000164298039916308	0.000157906108201461	0.000155419514856076	0.000145473245599822	0.000158324391210151	0.000157488930269973	0.000148192220702047	0.000151361903504208	0.000151762851340362	0.000191543931939882	0.000166485673152655
5	12	0.000218649232987824	0.000228894410869334	0.000200022266586833	0.000208862623183293	0.000204654811388228	0.000194502432460463	0.000190583925563431	0.000187220045011792	0.000188175048892262	0.000188175048892262	0.000191069388735155	0.000180210318250609	0.000177480472786268	0.000170835406444151	0.000168247573161587	0.00015788019559659	0.00017127056538009	0.000170401353146529	0.000160716911715437	0.000164021336919005	0.000164439138778295	0.000205698749493361	0.000179752445468085
5	13	0.000236766042109775	0.000247402473098374	0.000217375416210005	0.000226586897027652	0.00022220444261605	0.000211615561853399	0.000207522670495719	0.000204006380167395	0.000205004910326183	0.000205004910326183	0.000208029921057189	0.000196670806175569	0.000193810970935843	0.000186841999099957	0.000184125086795191	0.000173223394463492	0.000187298699607537	0.000186386412189825	0.000176209103763816	0.000179684409455559	0.000180123614566817	0.000223292045058615	0.000196191253155742
5	14	0.000258321516309318	0.000269409113730314	0.00023805163069587	0.00024769023164949	0.000243106746830432	0.00023201568360319	0.000227722254845437	0.000224030728616719	0.000225079301244543	0.000225079301244543	0.000228254558094942	0.000216320580510308	0.000213311337624294	0.000205970103606912	0.000203104846553937	0.000191589057413047	0.00020645156096612	0.000205489769034994	0.000194746017330744	0.000198417718859579	0.000198881522437232	0.000244244604489243	0.000215816108008635
5	15	0.00028357247528863	0.000295175020874947	0.000262301362531589	0.00027242599493332	0.000267613680406816	0.000255951526238892	0.00025143022771853	0.000247539656066244	0.000248645063825736	0.000248645063825736	0.000251990993086693	0.000239404242771354	0.000236225440024184	0.000228461869467838	0.00022542835924312	0.000213216257498557	0.000228971408458062	0.000227953464374568	0.000216567369560409	0.000220461753049766	0.000220953449363438	0.000268808730297282	0.000238871487188731
5	16	0.000311839077503048	0.000324027333885302	0.000289436553369586	0.000300109281189142	0.000295038664227443	0.000282733779908044	0.000277956737710727	0.000273843082042606	0.000275012160191798	0.000275012160191798	0.000278549425803634	0.000265231956390153	0.00026186380771854	0.000253629376031333	0.000250408567130367	0.000237422919443611	0.000254170190808565	0.000253089711981581	0.000240989473438789	0.000245131185898101	0.00024565387995574	0.000296298229570275	0.000264667604760429
5	17	0.000341296240919363	0.000354082771728631	0.000317740319151463	0.00032897145347405	0.000323637600863623	0.000310678265355462	0.000305641013462723	0.000301300460593463	0.00030253428993391	0.00030253428993391	0.000306266176085021	0.000292205724304418	0.000288645166263871	0.000279932429273337	0.00027652142264699	0.000262750563312784	0.00028050500717958	0.000279361020135745	0.000266535764003287	0.000270928524537932	0.000271482685725059	0.000324962901086633	0.000291609262431966
5	18	0.000369651676204488	0.000383034736193511	0.000344952900330884	0.000356736214262706	0.000351141808148559	0.00033753661905568	0.000332243304696508	0.000327679794102354	0.000328977220214078	0.000328977220214078	0.000332900402418048	0.000318110810505122	0.000314361921463237	0.000305181849563117	0.000301585326421409	0.000287050396254255	0.000305785426204599	0.000304579464295491	0.00029104807187521	0.000295685062045633	0.000296269856314825	0.000352532130527326	0.000317482905320081
5	19	0.000396044452588411	0.000410009872783611	0.000370236564089715	0.000382554711088226	0.000376707699540873	0.000362478166588648	0.000356938007327041	0.00035215987355111	0.000353518490135173	0.000353518490135173	0.000357625869732438	0.000342135300745636	0.000338205832346612	0.000328578474875681	0.000324804708383858	0.000309541591196055	0.000329211685056301	0.000327946482620034	0.000313741476654427	0.000318611167502577	0.000319225169484898	0.000378161020507795	0.000341477233108867
5	20	0.000421352048784327	0.0004359215611556	0.000394401728396852	0.000407269483399971	0.000401162592827831	0.000386292991957095	0.000380500637933973	0.000375503620869884	0.000376924605674695	0.000376924605674695	0.00038121990539664	0.000365015602721714	0.000360902880918154	0.000350822669291892	0.000346869862807946	0.000330873563040795	0.000351485835936126	0.000350160753878726	0.000335276665297814	0.000340380575639834	0.000341024003399406	0.00040268067658784	0.000364326908761387
5	21	0.000446355897312906	0.000461560253709151	0.000418210755910448	0.000431652390917428	0.000425273930768583	0.000409737098464792	0.000403682477179117	0.000398458120809944	0.000399943856292664	0.000399943856292664	0.00040443438472054	0.000387489623551954	0.000383187236722828	0.000372639106478305	0.000368501608371818	0.000351750760970652	0.000373333191979236	0.00037194631139219	0.000356362716989275	0.000361707614064772	0.00036238133833615	0.00042685965467737	0.000386769219003826
5	22	0.000469888663769266	0.000485678235866437	0.000440641142421294	0.00045461241627386	0.000447983359125124	0.000431830541083281	0.000425533684171907	0.00042009930090068	0.000421644861041722	0.000421644861041722	0.000426315742241835	0.000408686755166778	0.00040420902401051	0.000393228158384965	0.000388919797631743	0.000371470552511381	0.000393950844428459	0.000392506798078234	0.000376275876757323	0.000381843838691414	0.000382545602304045	0.000449631505699587	0.00040793703672272
5	23	0.000490504166365524	0.000506777873756503	0.000460341691056525	0.000474753042074482	0.000467915876279994	0.000451250652327666	0.000444751956687184	0.000439142418208149	0.000440737884626088	0.000440737884626088	0.000445559147524008	0.000427359079648863	0.000422734754267486	0.00041139167620494	0.000406940129342931	0.000388904614283388	0.000412138320680327	0.000410646384377304	0.000393872422693694	0.000399627668865812	0.000400352962566266	0.000469615880734293	0.000426584860703875
5	24	0.000508611280882246	0.000525295371080393	0.000477671766730273	0.000492457099914344	0.000485443136660328	0.000468342177166364	0.000461671677702508	0.000455912972149175	0.000457550947356157	0.000457550947356157	0.000462500266503944	0.00044381362240638	0.000439064273230803	0.000427412066502964	0.000422838234058004	0.000404301527257099	0.000428179167603177	0.000426646339696837	0.000409408320861284	0.000415323689112579	0.000416069094504312	0.000487187205969215	0.000443018511518703
5	25	0.000525850404792382	0.000542941417687726	0.000494142719931477	0.000509297392337367	0.000502108740456611	0.000484577900110852	0.00047773815994054	0.000471832628537308	0.000473512434411195	0.000473512434411195	0.000478587819672704	0.000459422580562377	0.000454550441117238	0.000442594945799379	0.000437901262064877	0.000418874068068881	0.000443382103147563	0.000441809185929096	0.000424116761798326	0.000430188808571679	0.000430953901542097	0.000503896334532425	0.000458606945791276
5	26	0.000544684205563761	0.000562281204867081	0.000512028773957497	0.000527637917153497	0.000520234032872291	0.000502175667461342	0.00049512907279889	0.000489044461546043	0.000490775251494181	0.000490775251494181	0.000496004461032544	0.000476256618680692	0.000471235604055281	0.000458913438421983	0.000454075267159402	0.000434459181266471	0.000459724797411649	0.000458103511383375	0.000439864651384422	0.000446124731987498	0.000446913480543336	0.000522075206641907	0.000475416083014289
5	27	0.000566048390844224	0.000584268154892881	0.00053223155324454	0.000548396790230812	0.000540729353636595	0.000522026500687315	0.000514727761588503	0.000508425124823156	0.000510217961743985	0.000510217961743985	0.000515634493763959	0.000495178132165893	0.000489976485959315	0.000477210171717877	0.000472197271676029	0.000451870749076645	0.000478050813799851	0.000476371007886937	0.000457472315673705	0.000463959183735236	0.000464776483192124	0.000542636103523735	0.000494307372062666
5	28	0.000589729491474373	0.000608691081591003	0.00055453405685998	0.000571358581771216	0.000563378500531746	0.000543912520823643	0.000536315774678898	0.000529755709972218	0.000531621783104894	0.000531621783104894	0.000537259534840687	0.000515967368839378	0.000510553047192859	0.000497264507874472	0.000492046445354187	0.000470887413513264	0.000498139549136655	0.00049639100372616	0.000476718501020316	0.000483471070319481	0.000484321839133466	0.000565363010492809	0.00051506101089519
5	29	0.000616310334357419	0.000636169196931304	0.00057945305045507	0.000597071392434567	0.000588714654960689	0.000568330948196602	0.000560376468058149	0.000553507678919986	0.000555461553440975	0.000555461553440975	0.000561364657378962	0.00053907103175632	0.000533402359372715	0.000519490101328606	0.000514027334796035	0.000491877308837716	0.000520406190064773	0.000518575625214635	0.000497981291934835	0.00050505007965489	0.000505940704303923	0.000590792809624605	0.000538122086663787
5	30	0.000646975128281856	0.00066793572570341	0.000608082762621474	0.000626672298707358	0.000617854531795791	0.000596349120987804	0.000587958024783879	0.000580712726299588	0.000582773652667974	0.000582773652667974	0.000589000420569965	0.000565486321045817	0.000559508138433493	0.000544837721766619	0.000539077831078583	0.000515726450607813	0.000545803669200501	0.000543873483838367	0.000522160943777453	0.000529613010980345	0.0005305519663949	0.000620047272954606	0.000564485539828077
5	31	0.000683270546999115	0.000705596245310305	0.00064186150860787	0.000661651253814647	0.000652263554564378	0.000629372909645237	0.000620443184872629	0.000612733668941779	0.00061492656013938	0.00061492656013938	0.000621552434553143	0.000596534333304053	0.000590175156899551	0.000574572218891959	0.000568447163060181	0.000543621055128966	0.000575599458880693	0.000573546812160672	0.000550460984770993	0.000558383491153382	0.000559381788377476	0.00065459791789354	0.000595469732022088
5	32	0.000726113172072098	0.000750040014035561	0.000681751822675866	0.000702949614407646	0.000692893307765012	0.00066837745311582	0.000658815731359674	0.000650561501509027	0.000652909243135411	0.000652909243135411	0.000660003425504757	0.000633220443437581	0.000626414143451624	0.000609716745875571	0.000603163080210007	0.000576605832119999	0.000610815925774844	0.000608619543980473	0.000583921723177958	0.00059239647078739	0.000593464426190443	0.000695393816106667	0.000632080945998393
5	33	0.000775545349418477	0.000801275539476402	0.000727855731032076	0.000750641395340313	0.000739831212343763	0.000713481960524554	0.00070320692026447	0.00069433771771643	0.000696860298859026	0.000696860298859026	0.000704483163954286	0.000675707155776182	0.000668395661682453	0.000650461180438192	0.000643422860600494	0.000614906977987664	0.000651641696376078	0.000649282803126313	0.000622761562863037	0.000631861160643508	0.000633007919578712	0.000742519074773448	0.000674483042784067
5	34	0.000831946738851815	0.000859682328928335	0.000780551962941384	0.000805105971119557	0.000793456383128551	0.000765064560362153	0.000753994356892732	0.000744439407520385	0.0007471569698967	0.0007471569698967	0.000755369324484045	0.000724370282171963	0.000716494948322797	0.00069717916951778	0.000689599456699946	0.000658894214065694	0.000698450530178059	0.000695910123062816	0.000667351182884823	0.000677149284571604	0.000678384119172494	0.000796352881073521	0.000723051740857385
5	35	0.000895102207507467	0.000925054558027037	0.000839609494145138	0.000866119684436303	0.000853541615331605	0.000822889799992012	0.000810939529197062	0.000800625490440894	0.00080355889940047	0.00080355889940047	0.000812423770178943	0.000778963569544725	0.000770463804226889	0.000749617945358051	0.000741438388748869	0.000708306605037683	0.000750989951081284	0.000748248446192598	0.000717431347957853	0.000728003651534387	0.000729336097192371	0.000856668903497768	0.000777540457991678
5	36	0.000963696288910213	0.000996110560813386	0.000903657083364861	0.000932336804562105	0.000918728811555088	0.000885571446422453	0.000872646020770303	0.000861491123092294	0.000864663606282487	0.000864663606282487	0.000874251325048738	0.00083806558823124	0.000828874710348172	0.000806336075994041	0.000797493168575762	0.000761679571243436	0.000807819397663813	0.000804855478006296	0.000771542072960403	0.000782969970944459	0.000784410308738165	0.000922112075332134	0.000836526728368121
5	37	0.00103660628720109	0.00107164439604963	0.000971722298926396	0.00100271377205529	0.000988008312051168	0.000952181291589195	0.000938216923800138	0.000926166202345737	0.000929593383864672	0.000929593383864672	0.000939951207876191	0.000900861886223242	0.000890934808308986	0.000866593069237871	0.000857043617707243	0.000818373829072536	0.000868194957375116	0.000864994136710518	0.000829022020546967	0.000841361137553357	0.000842916384731334	0.000991664333852697	0.000899199725027097
5	38	0.00111170297583303	0.00114943316587357	0.00104184744638151	0.0010752112808027	0.00105937960953033	0.00102081279036153	0.0010057820956356	0.000992811897540151	0.000996500506160121	0.000996500506160121	0.00100764876192356	0.000965579069153498	0.000954896257017459	0.000928703454575381	0.000918428620693556	0.000876826215115014	0.000930427067908419	0.000926983034230839	0.000888281164167799	0.000901555891434611	0.000903229120652506	0.00106331553814805	0.000963790336844329
5	39	0.00118889151345785	0.00122932706680125	0.00111403478028881	0.00114978598368453	0.00113282117454607	0.00109149620073334	0.00107539144299272	0.001061494824386	0.00106544686038134	0.00106544686038134	0.00107739147030135	0.00103231807993581	0.00102087318073426	0.000992812981827905	0.000981806059907366	0.000937242116365319	0.000994659428616149	0.000990969962711128	0.000949512073725513	0.000963731697676194	0.000965524058705384	0.00113703876464188	0.00103040172510289
5	40	0.00126948272385372	0.00131261025303633	0.00118963807589543	0.00122777220613288	0.00120967680832356	0.00116559653157351	0.0011484175037224	0.00113359367848726	0.00113780942314461	0.00113780942314461	0.00115055095866757	0.00110246950217974	0.00109026043467241	0.00106032602463306	0.00104858366623772	0.00100104062645947	0.00106229582898854	0.00105835987286576	0.00101413107639891	0.00102930133107516	0.00103121349978361	0.00121417550008463	0.0011004252041905
5	41	0.0013527007294578	0.0013985010657136	0.00126789404640353	0.0013084003354277	0.00128917982754164	0.00124235478618415	0.00122410449281554	0.00120835554567842	0.00121283445439537	0.00121283445439537	0.0012263710364569	0.00117528675464478	0.00116231403666048	0.00113050525311887	0.00111802682964432	0.00106749880076797	0.00113259848903789	0.00112841588585822	0.00108141190957304	0.00109753478528982	0.00109956697331248	0.00129395832074916	0.00117311462350231
5	42	0.00143939483228485	0.00148771808718887	0.00134988023091637	0.00139264118723139	0.00137235221961045	0.0013229135769981	0.00130364044980991	0.00128700693482812	0.00129173759209173	0.00129173759209173	0.0013060341507684	0.00125207487404753	0.00123836898290076	0.00120475705789178	0.00119156913324284	0.00113815549706555	0.00120696919247585	0.00120254897771063	0.0011528652286138	0.00116990928258216	0.00117205743084763	0.00137739658092681	0.00124978006971616
5	43	0.00152879769617804	0.00157944645781796	0.00143491648522135	0.00147977310928805	0.00145849206066735	0.00140661879265835	0.00138638979759858	0.00136892821505947	0.00137389467492477	0.00137389467492477	0.00138890242588212	0.00133224756257118	0.00131785199434406	0.00128253993743431	0.00126868148372642	0.00121253151140983	0.00128486435306919	0.00128021972684103	0.00122799815081053	0.00124591603261345	0.00124817407278937	0.0014637834573991	0.00132983742716928
5	44	0.00162281800341668	0.00167574422519886	0.00152464353643266	0.00157156338814223	0.00154930625457246	0.00149503273714388	0.0014738594624463	0.0014555789755939	0.00146077871170355	0.00146077871170355	0.00147648963517817	0.00141716639478985	0.00140208671373495	0.00136508578826908	0.00135056028274245	0.00129168245171976	0.00136752184917478	0.00136265406688653	0.00130790457671061	0.00132669376495177	0.00132906131345488	0.00155484081079502	0.00141464189863404
5	45	0.0017261984088675	0.00178167310319225	0.00162322705378025	0.00167245099083429	0.00164910355625234	0.00159215097979315	0.00156992453426558	0.00155073107079864	0.00155619084687789	0.00155619084687789	0.00157268578194605	0.00151038870337079	0.0014945471640908	0.00145566642456905	0.0014403988336556	0.00137848854420818	0.0014582267103985	0.00145311063396897	0.00139555015470343	0.00141530786841355	0.00141779716995863	0.00165490967977574	0.00150773683396899
5	46	0.00184244472027616	0.00190117733645481	0.00173338591083423	0.00178552651674436	0.00176079721773729	0.00170046203793163	0.00167691087036742	0.00165657132367285	0.00166235731728893	0.00166235731728893	0.00167983683498612	0.00161381347492661	0.00159702096234	0.00155580017107283	0.00153961131507373	0.00147395115324446	0.00155851481520495	0.00155309025534796	0.0014920484714091	0.00151300336184784	0.00151564333179674	0.00176694724660441	0.00161100251077195
5	47	0.00197786483941931	0.0020408012470711	0.00186099065191747	0.00191686933189869	0.00189036749977057	0.00182570487143857	0.00180046344093875	0.00177866362536405	0.0017848650697109	0.0017848650697109	0.00180359943536793	0.00173283444749774	0.00171483513261333	0.0016706505643885	0.0016532971665416	0.00158291041578217	0.00167356045455561	0.00166774573377018	0.00160231102343122	0.00162477447446134	0.00162760445900016	0.00189695840806697	0.00172982149513842
5	48	0.00213476149381326	0.00220301532359071	0.00200804012946054	0.00206862230446949	0.00203988867286142	0.00196978862312331	0.00194242781369943	0.00191879904458125	0.00192552063754855	0.00192552063754855	0.0019458270219461	0.00186912937269789	0.00184962339446721	0.00180174439047749	0.00178294163269557	0.00170668579606811	0.00180489740566154	0.00179859688336538	0.00172770252772974	0.00175203874206368	0.00175510477339751	0.00204703444531544	0.00186586414927047
5	49	0.00231321449932496	0.00238790512244316	0.00217460465966618	0.00224086010352558	0.00220943329833107	0.00213278103970898	0.00210286998272152	0.00207704211916986	0.00208438896747824	0.00208438896747824	0.00210658580266066	0.00202275990103245	0.00200144632905256	0.00194913976038876	0.00192860191476472	0.00184533115447966	0.00195258393546632	0.00194570166051328	0.00186827770949925	0.00189485194447164	0.00189820019172175	0.00221724843657046	0.00201919194212811
5	50	0.00251218810790849	0.00259426385832235	0.00235995565105388	0.00243270902043021	0.00239819689654641	0.00231404347764065	0.00228121482674071	0.00225287202838345	0.00226093384509084	0.00226093384509084	0.00228529280194457	0.00219331763871929	0.00216993904597064	0.00211257697930059	0.0020900590019783	0.00199878873735558	0.00211635349190118	0.00210880720567224	0.00202393497976434	0.00205306115153737	0.00205673127167242	0.00240677875275688	0.00218940378797016
5	51	0.0027242796173337	0.00281422575186151	0.00255753104335283	0.00263720827247447	0.00259940852994275	0.00250726256037402	0.00247132536108994	0.00244030310522652	0.00244912665497626	0.00244912665497626	0.00247578918908534	0.00237513188267359	0.00234955335800981	0.00228680571634723	0.00226217840329419	0.00216238712452896	0.00229093625599102	0.00228268262403321	0.00218987638457589	0.0022217208455599	0.00222573382574636	0.00260880736668346	0.00237084953899208
5	52	0.00294615309803061	0.00304377604224645	0.00276520330132783	0.00285166121178523	0.00281064346565919	0.00271066178217127	0.00267167214470833	0.00263801653596738	0.00264758892701394	0.00264758892701394	0.00267651501287157	0.00256731816924168	0.00253957221398635	0.00247151213731023	0.00244480159321158	0.00233657963943508	0.00247599218081728	0.00246704019996361	0.00236638953981466	0.00240092396816368	0.00240527605839706	0.00282084225629562	0.00256267288110881
5	53	0.00317409249616517	0.0032787012944383	0.00298014489040441	0.00307282130009895	0.00302885523259378	0.00292167258467072	0.00287986915988923	0.00284378210656887	0.00285404630083315	0.00285404630083315	0.00288506170115693	0.00276796815360907	0.00273821154898143	0.0026652120596433	0.00263656011818067	0.00252045509806451	0.00267001756393482	0.00266041520431043	0.00255243919322614	0.00258948973055939	0.00259415870388481	0.00303978741985028	0.0027629863576012
5	54	0.00341067639937053	0.00352162653744416	0.00320484720760211	0.00330322178616521	0.00325655726990671	0.00314275976686286	0.0030983620927946	0.00306002893583897	0.00307093261403473	0.00307093261403473	0.0031038773187148	0.00297947593287374	0.00294785163054772	0.00287025161234023	0.00283978662225963	0.0027162909694031	0.0028753607911953	0.00286515151189669	0.00275031810125398	0.00278972851326731	0.00279469435733133	0.00326816122962136	0.00297418175362429
5	55	0.00366754303226149	0.00378498110141346	0.00344952022805007	0.00355374875939716	0.00350431344229033	0.0033837128705683	0.00333664288051549	0.0032959940751273	0.00330755722262583	0.00330755722262583	0.00334249063286092	0.00321054928678085	0.00317699483663148	0.00309463496425118	0.00306229197077464	0.00293112806690376	0.00310005857700163	0.00308922084021668	0.00296727705614453	0.00300913640595157	0.00301441017515785	0.0035166074247098	0.00320493236838553
5	56	0.00395789125307091	0.00408300410465167	0.00372548505625887	0.00383661215360733	0.00378391006159196	0.00365530039082444	0.00360508891001059	0.00356171998857996	0.00357405759541521	0.00357405759541521	0.00361132742943233	0.00347053536527234	0.00343471854180736	0.00334678531926134	0.00331224562830914	0.00317212556522342	0.0033525768505483	0.00334100379276655	0.0032107506297561	0.00325546978860858	0.00326110330057183	0.00379701732291221	0.00346454006224231
5	57	0.00429881955901914	0.00443399204143358	0.00404766734410356	0.00416776787786717	0.00411081241554499	0.0039718057531315	0.00391752825026844	0.00387064424167957	0.00388398212230372	0.00388398212230372	0.00392427216482097	0.00377205930421825	0.00373333201330634	0.00363824440512707	0.00360089097610531	0.00344933518730509	0.00364450754040573	0.00363199203313071	0.00349111599960659	0.00353948554452332	0.00354557866920482	0.00412497789339397	0.00376557696951609
5	58	0.00470445505076974	0.00485304449696685	0.00442842912586194	0.00456041508346881	0.00449782105839751	0.00434506896028941	0.00428543067069099	0.00423391903269725	0.0042485731342845	0.0042485731342845	0.0042928404594596	0.00412561239862164	0.00408306951184984	0.00397862171487733	0.00393759458077709	0.00377115274929451	0.0039855010109768	0.00397175429299761	0.00381703417823554	0.00387015401780862	0.00387684576619462	0.00451338855654805	0.00411849125896978
5	59	0.0051832379350574	0.00534910710438598	0.00487529452187048	0.00502251216271019	0.00495268755765099	0.00478234349491308	0.00471585779314237	0.00465844146475298	0.00467477442324815	0.00467477442324815	0.00472411769239332	0.00453774951623886	0.00449035285716458	0.00437401578607596	0.00432832932095569	0.00414304919924297	0.00438167694366379	0.00436636802366452	0.004194113203193	0.00425324317950942	0.00426069280197337	0.00497005217217513	0.00452981547304375
5	60	0.00573927454137618	0.00592631542940635	0.00539231480054162	0.00555813686491344	0.0054794771442479	0.00528766371765907	0.00521283178006682	0.00514822308832652	0.0051666005661082	0.0051666005661082	0.00522212754661535	0.00501245963858536	0.0049591620608912	0.00482838432697001	0.00477704402552938	0.00456893656337933	0.00483699452875739	0.00481978945196755	0.00462627537891623	0.00469268710387604	0.00470105532399965	0.00549903709099962	0.00500353709615064
5	61	0.00636570293200813	0.006576611262053	0.00597477001206051	0.00616155831687811	0.0060729414590837	0.00585693525631325	0.00577269955293639	0.00569998771577705	0.00572066856266706	0.00572066856266706	0.00578316240208716	0.00554724587829243	0.00548730139307156	0.0053402588836132	0.00528255113516509	0.00504873842439254	0.00534993794669502	0.00533059733181153	0.00511314260638023	0.0051877540009219	0.00519715665336296	0.00609497546665527	0.00553720984734752
5	62	0.00704376393789053	0.00727983436923857	0.00660642872824647	0.00681534879727167	0.00671622298784071	0.00647467026753202	0.00638049945541972	0.0062992242334385	0.00632233950273584	0.00632233950273584	0.00639219549154848	0.00612853231184913	0.00606155771991424	0.00589730591735977	0.00583285824257691	0.00557182039178496	0.00590811621576254	0.00588651539895917	0.00564371034559514	0.00572700676937586	0.00573750489394311	0.0067408684516743	0.00611731870997628
5	63	0.0077568118447004	0.00801774625498223	0.00727349988523194	0.00750436944255949	0.00739482603599151	0.00712791233625934	0.00702386418071364	0.00693406871288778	0.00695960677391022	0.00695960677391022	0.00703678668143623	0.0067454966681425	0.00667151164733212	0.00649007984373013	0.00641889625030147	0.00613060508938428	0.00650202028837889	0.00647816132676108	0.00620999578694597	0.00630198768641243	0.00631358207923327	0.00742206105865669	0.00673310909843
5	64	0.00849286062076644	0.00877751314917663	0.00796552544219648	0.00821743930176069	0.0080979142768565	0.00780665255030259	0.00769310253718679	0.00759510194283695	0.00762297402369066	0.00762297402369066	0.00770720546947737	0.00738928409460847	0.00730852718666271	0.00711047515910606	0.00703276533221045	0.00671801115647737	0.00712351002367962	0.00709746414621432	0.00680469453362474	0.00690513166543303	0.00691779009600307	0.00812763155032691	0.00737576290671815
5	65	0.0092580659988652	0.00956603582603558	0.00868733065621426	0.00896001098031275	0.00883064075238957	0.00851532847689777	0.00839237885235852	0.00828625504847904	0.0083164384527912	0.0083164384527912	0.00840764994317694	0.00806334399368453	0.00797586775143759	0.00776130651925576	0.00767710697006588	0.00733599585486989	0.00777542928692513	0.00774720940323331	0.0074299494902345	0.00753879937847723	0.00755251726371524	0.00886280712894996	0.00804869827707407
5	66	0.0100764087341143	0.0104081981643801	0.00946123602430094	0.00975519598814087	0.00961574117565956	0.00927576377379006	0.00914316265544581	0.00902869258404498	0.0090612512900271	0.0090612512900271	0.00915963357010713	0.00878820243434046	0.0086938096415854	0.00846223950418786	0.00837134783143336	0.00800302237211029	0.00847748377249738	0.0084470226482241	0.0081044885073043	0.00822202598095261	0.00823683751754874	0.00965041685952233	0.00877239942964441
5	67	0.0109612263919154	0.0113199598919996	0.0102959079829191	0.0106138612822946	0.0104630312566943	0.010095267034894	0.00995180657834407	0.00982795201828744	0.00986318090234578	0.00986318090234578	0.0099696270470769	0.00956771530063588	0.00946556038522846	0.00921491952324613	0.00911653142380918	0.00871776170906158	0.00923142046545666	0.00919844807607322	0.00882762534485725	0.00895488014550627	0.00897091544124709	0.0105005366204115	0.00955061323949011
5	68	0.0119429858839882	0.012333812820803	0.0112181427867992	0.0115645432517481	0.0114002186414728	0.010999550054196	0.0108432536284304	0.010708317146404	0.0107466981609531	0.0107466981609531	0.0108626685757166	0.0104247951546189	0.0103134994992762	0.0100404310161213	0.00993323885231484	0.00949878490003956	0.0100584085019931	0.0100224856615751	0.00961847995579974	0.00975712229415174	0.00977459251310056	0.0114410795864336	0.0104061628225188
5	69	0.0130693572774922	0.0134990305240988	0.0122726400402157	0.012653360501838	0.0124727486596406	0.012032417546649	0.0118606689349761	0.0117124011044884	0.0117545731920066	0.0117545731920066	0.0118820027214022	0.0114008958798662	0.0112786260209271	0.010978657560085	0.01086091603123	0.010383765226926	0.010998404872561	0.0109589457033279	0.0105152137940264	0.0106674795203922	0.0106866671168963	0.0125176584815785	0.0113804259066243
5	70	0.0143955019882979	0.0148720634781884	0.0135121289611845	0.0139342114696469	0.013733966693478	0.0132458542310361	0.0130555016501644	0.0128911884602387	0.0129379229186794	0.0129379229186794	0.0130791453124274	0.0125460190802954	0.0124105531301737	0.0120782530523409	0.0119478378174307	0.0114194265557701	0.0121001269062569	0.0120564187406123	0.0115649804285017	0.0117336008255791	0.011754850510385	0.0137837564779996	0.0125233391703477
5	71	0.0161169407470475	0.0166543692900473	0.0151210819884478	0.0155968547664587	0.0153711251571596	0.0148209907183641	0.0146064900068824	0.0144213500194622	0.0144740063908968	0.0144740063908968	0.0146331318943851	0.0140324854347387	0.0138798915589976	0.0135056271343902	0.0133587624896103	0.0127638208265727	0.0135302610744126	0.0134810380442784	0.0129276816041058	0.0131175285078166	0.0131414545652509	0.0154272494225405	0.014006937117329
5	72	0.0181840200930384	0.018790902554343	0.0170595088525773	0.0175967378782242	0.0173418486835178	0.0167206617562553	0.0164784625464072	0.0162694178527546	0.016328872821275	0.016328872821275	0.0165085445393328	0.0158303517603606	0.0156580611934081	0.0152354939076652	0.0150696775112333	0.0143979793045849	0.0152633068191342	0.0152077316770909	0.0145829780058405	0.0147973175257016	0.0148243305313064	0.0174052227437882	0.0158015055753726
5	73	0.0206311242609114	0.021313527850094	0.0193661431950674	0.0199705694553654	0.0196838189479566	0.0189848270003798	0.0187122304283293	0.0184769211581041	0.0185438487950685	0.0185438487950685	0.0187460897849568	0.0179826034483203	0.0177885992819114	0.0173126964200626	0.0171259195027538	0.0163691263585676	0.017344023351639	0.017281426071473	0.016577592214145	0.0168190917418327	0.0168495255069371	0.0197551182449201	0.0179501231076076
5	74	0.0234778319832623	0.0242397023338751	0.022064288246612	0.0227399077365723	0.0224194300903792	0.021637856885174	0.0213329106416116	0.0210696101834083	0.0211445055096319	0.0211445055096319	0.0213707926421311	0.0205162866006825	0.0202990475051495	0.0197659602010325	0.0195566660241676	0.0187081961032392	0.0198010596831043	0.0197309229365218	0.0189419866937277	0.0192127555440221	0.0192468726707343	0.0224991235690791	0.0204799193029093
5	75	0.0267317169445941	0.0275756156276351	0.0251640208774964	0.0259136441577671	0.0255581384462867	0.0246905655166421	0.0243518390524131	0.0240592675279829	0.0241424988532205	0.0241424988532205	0.0243939244138202	0.0234441108119978	0.0232024748782434	0.0226092249701893	0.0223761941151935	0.021430805485368	0.022648298709218	0.0225702186427176	0.0216914137280475	0.0219931345081666	0.0220311435066762	0.0256465550088864	0.0234036641065128
5	76	0.0304451307975153	0.0313731246321782	0.0287185443829325	0.0295445863344808	0.0291529420225887	0.0281963944330081	0.0278226218111635	0.0274996374604868	0.0275915341927491	0.0275915341927491	0.0278690710696968	0.0268200979474498	0.026553007372197	0.0258968598966059	0.0256389634780104	0.0245917507869646	0.0259400941377461	0.0258536977137857	0.0248805818914235	0.0252148307767261	0.0252569263851692	0.0292503636744762	0.0267753970078191
5	77	0.0345633771548565	0.0355813423742241	0.0326666196560815	0.0335745354344548	0.0331441797131134	0.0320922696471902	0.0316809134906631	0.0313253044588253	0.0314264977603776	0.0314264977603776	0.0317320432622383	0.0305766687811691	0.0302822482948877	0.0295585403576514	0.0292739233547937	0.0281172199536107	0.0296062448348922	0.02951091274653	0.0284364103825119	0.0288056387661513	0.0288521281368137	0.0332512487114952	0.0305274006619563
5	78	0.03906212968259	0.0401786749082702	0.0369791152488818	0.0379766126887724	0.0375038939728805	0.0363476807002761	0.0358952383224607	0.0355039735102594	0.0356153262210962	0.0356153262210962	0.0359514841815237	0.0346798505635498	0.0343555827871622	0.0335581164383802	0.0332443372374782	0.0319681943500444	0.0336107001563279	0.0335056149873111	0.0323204937780273	0.0327278782039429	0.0327791609843595	0.0376215191243191	0.034625594166866
5	79	0.0439290341133154	0.0451544025943968	0.041640752006881	0.0427369188219155	0.042217526750594	0.0409464953130682	0.0404488626900279	0.0400183977920081	0.0401409181592255	0.0401409181592255	0.040510734509006	0.0391113366258794	0.0387542951670827	0.0378758862825128	0.0375301230624807	0.0361230925616737	0.0379338223979895	0.0378180386525424	0.0365116569274071	0.0369608510554985	0.0370173875050721	0.0423467799732586	0.0390516020994868
5	80	0.0491711269560447	0.0505165727716731	0.0466567030068368	0.047861515409122	0.0472907176401747	0.0458933280482605	0.045346002936726	0.0448724506536162	0.045007244406501	0.045007244406501	0.0454140600010395	0.0438742822386692	0.0434812598527943	0.0425140378804044	0.0421332004570127	0.0405827534552905	0.0425778446202022	0.0424503267607601	0.0410110352913325	0.0415060374527423	0.0415683313458615	0.0474327757006213	0.0438085326701884
5	81	0.0548130039694907	0.0562803985533397	0.052068360474378	0.0533838686538783	0.0527607163029881	0.0512344740811753	0.0506364117118609	0.0501188367066959	0.0502661730701958	0.0502661730701958	0.050710786041468	0.0490274924819688	0.048597637991277	0.0475394180675478	0.0471226104498887	0.0454248854059577	0.0476092435593067	0.0474696949844586	0.0458939861840982	0.0464360361672354	0.0465042410210707	0.0529158191063758	0.0489555869334592
5	82	0.0610527898791726	0.0626522561380145	0.0580586681542921	0.059494156823648	0.0588142643548927	0.0571483318150291	0.0564952471681092	0.055929923328277	0.0560908646953529	0.0560908646953529	0.0565764728357145	0.0547374914395015	0.0542676676754224	0.0531106752532116	0.0526548148053898	0.0507971328628954	0.0531870347749528	0.0530344253592506	0.0513105759090081	0.0519037257938307	0.051978350031977	0.0589835055686394	0.0546589059593122
5	83	0.0680619250877984	0.0698052022686975	0.0647958668292479	0.0663621835637082	0.0656204319389943	0.063802122689623	0.0630889856946687	0.0624715325596785	0.062647328504813	0.062647328504813	0.063177690068937	0.0611686918214355	0.0606551953160324	0.059390234201651	0.0588916674216608	0.056858959077699	0.0594737380574271	0.0593068475891179	0.0574209389283016	0.0580700062002493	0.0581516537890801	0.0658050889400344	0.0610828081728419
5	84	0.0759964060527261	0.0778962602767553	0.072433871839421	0.0741428884058283	0.0733336796653738	0.0713490865827269	0.0705703698948882	0.069895967852868	0.0700879938007264	0.0700879938007264	0.070667242775484	0.0684724438122224	0.0679111852811178	0.0665280839686084	0.0659827630686005	0.0637582918749651	0.0666194079498226	0.066436885177182	0.0643734736022818	0.0650838099406474	0.0651731513477917	0.0735351500760466	0.068378579631125
5	85	0.0849343044622498	0.0870035913963001	0.0810505234536354	0.0829142332944307	0.0820319143704535	0.0798669759296023	0.0790170839211545	0.0782808506141847	0.0784905002003788	0.0784905002003788	0.0791228238438963	0.0767262250956096	0.0761130542828297	0.074601480308398	0.0740052897587094	0.0715720168996866	0.0747013113116796	0.0745017827194975	0.0722451534621425	0.0730222079360563	0.0731199255718185	0.0822516099507589	0.076623687992916
5	86	0.0949640429425462	0.0972115685673038	0.0907415223191282	0.0927684799752005	0.0918090383533155	0.0894536225891087	0.0885284642943589	0.0877268031635439	0.0879551055594961	0.0879551055594961	0.0886435837749049	0.0860333183894129	0.0853651136193886	0.0837172190769773	0.0830670030192031	0.0804116844583495	0.0838260821737193	0.0836084973583545	0.0811464989001051	0.0819945126677191	0.0821011356141484	0.0920479644587962	0.0859215888033462
5	87	0.106023649528503	0.108458983751635	0.10144370880392	0.103642998214736	0.102602161356266	0.100045570108426	0.0990408604928304	0.0981700198546717	0.0984180471720713	0.0984180471720713	0.0991658953188026	0.0963296304656164	0.095603171682711	0.0938109028924495	0.0931034388026456	0.0902126446100055	0.0939293351219261	0.093692619990049	0.0910128974480763	0.0919361682350455	0.0920522336926618	0.102861386513582	0.0962081717872824
5	88	0.118097118890696	0.120728262106571	0.113144033518844	0.115523318624199	0.114397485916521	0.111630672177868	0.110542775263075	0.109599566040134	0.109868230151557	0.109868230151557	0.110678180445046	0.107605415624893	0.106817952028943	0.104874412733216	0.104106934798259	0.100969099819366	0.105002874669389	0.104746107959112	0.101838035615579	0.102840265607463	0.102966235892228	0.114677911286925	0.107473769704937
5	89	0.131257784618797	0.134091043841667	0.125918901930552	0.128484390377166	0.12727065482548	0.124286241411096	0.123112163927105	0.122093947800119	0.122384004317166	0.122384004317166	0.123258314914392	0.11994032420782	0.119089549178465	0.116988920381312	0.116159080601996	0.112764301955265	0.117127802240504	0.1168502031984	0.113704712457735	0.114789074379919	0.114925344720844	0.127573009557439	0.119798107459111
5	90	0.145613177638612	0.148655181664063	0.139875221777441	0.14263342363625	0.141328735889514	0.138118989951513	0.13685559635703	0.135759610473806	0.136071850594719	0.136071850594719	0.137012886385262	0.133440534444031	0.132524034382365	0.130260229187045	0.129365572188106	0.125703497925302	0.130409939068641	0.130110691171556	0.126718300919484	0.127888111244726	0.128035094818388	0.141653784712419	0.133287345455872
5	91	0.161379651894538	0.164636118634667	0.155230874606931	0.158187597360658	0.156789247834074	0.15334721530587	0.151991653874356	0.150815370987114	0.15115051979856	0.15115051979856	0.152160441554993	0.148325328768525	0.147340861485028	0.144908185271591	0.143946398308466	0.140007185194961	0.145069106716117	0.144747442333102	0.141099169751693	0.14235758485317	0.142515673840006	0.157137672067725	0.148160795280276
5	92	0.178882584858444	0.182356223587734	0.172316567552033	0.175475114235645	0.173981591460405	0.170303162366924	0.168853659667933	0.167595468733981	0.167953992132211	0.167953992132211	0.16903417065342	0.164930825416181	0.163876868488944	0.161271348149644	0.160240776368303	0.156017138082731	0.161443753355682	0.161099127054508	0.157188406913325	0.158537770738303	0.158707253646101	0.17435377617322	0.164754696378378
5	93	0.198171097170288	0.201865486966156	0.191179995629711	0.194544319308332	0.192953796173238	0.189034146480686	0.187488672501444	0.186146751145235	0.186529174167582	0.186529174167582	0.187681163632011	0.183303459226962	0.182178340170067	0.179395663603847	0.178294530648165	0.173778757513383	0.179579845792803	0.179211670317373	0.17503151870598	0.17647430804412	0.176655490931695	0.193350203703598	0.183115457994337
5	94	0.219150877461422	0.223069098780587	0.21172804274407	0.215301479921032	0.213612411196793	0.209447485194206	0.207804341836614	0.206377169247246	0.206783929722253	0.206783929722253	0.208009027714736	0.203351861432064	0.202154192465745	0.199190789776537	0.198017628018331	0.193203366209972	0.199386991363852	0.198994781256295	0.194539437198028	0.196077692757063	0.196270827964766	0.214033432020767	0.203151758317395
5	95	0.240221892520528	0.24430287225355	0.232480777939645	0.236209083887698	0.234447196930862	0.230099761295405	0.228383443863725	0.22689217105222	0.22731725258006	0.22731725258006	0.228597281465219	0.223729294611042	0.222476523984362	0.219375201655072	0.218146811741569	0.213102122065159	0.21958060475328	0.219169990697845	0.214502758319976	0.2161147614364	0.216317111753266	0.234886432767898	0.223520010688517
5	96	0.263804360210577	0.268015533359442	0.255804446164466	0.259659354791124	0.257838096671035	0.25334064335267	0.251563704854823	0.250019110625714	0.250459452975894	0.250459452975894	0.251785138770056	0.246741126298693	0.245441997972186	0.242224023871997	0.240948678754249	0.235706618428914	0.242437236720013	0.242010998535269	0.237162791445756	0.238838008045942	0.23904824042131	0.258292210091284	0.246524128369775
5	97	0.288954148417264	0.293260064855408	0.280761683270012	0.284711455440457	0.282845864776448	0.278235194816403	0.27641204027896	0.27482658247191	0.275278640174381	0.275278640174381	0.27663927966968	0.271459728461128	0.270124564386205	0.266815314004257	0.265502993300493	0.260104107203056	0.267034663889768	0.266596144298995	0.26160463194743	0.263330119995163	0.26354660468941	0.283311113263818	0.271236743701428
5	98	0.315596017582507	0.319955893856566	0.307287820445087	0.311295551125521	0.309403090382123	0.30472211934829	0.302869620504581	0.301257924642984	0.301717532019077	0.301717532019077	0.303100565565932	0.297833112195132	0.296474113788907	0.293103685487068	0.291766267231254	0.28625906301889	0.293327183798038	0.292880357468855	0.287790516665326	0.28955078432923	0.289771573471236	0.309875124247104	0.297606180627916
5	99	0.343580551811508	0.347950653780951	0.335239631018083	0.339265336335353	0.337364900065159	0.332660253212592	0.330796816123245	0.329174873315714	0.329637472345481	0.329637472345481	0.331029173713784	0.325726010775234	0.324356604780583	0.320958224665123	0.319608863231437	0.314047316440311	0.321183671453339	0.320732936123602	0.31559472126193	0.317372522256794	0.317595450383609	0.337839008777879	0.325497375606344
5	100	0.418670162912287	0.422878773553235	0.410606280738712	0.414503437569524	0.41266489512544	0.408104137666498	0.406293979509292	0.404716678638469	0.405166710157156	0.405166710157156	0.406519809460342	0.401357337136354	0.400021421098391	0.396701052473723	0.395380634857696	0.389926036214067	0.39692155039833	0.39648067704016	0.391445693566826	0.393189698280282	0.393408244492617	0.413123764797149	0.401134375042774
6	0	0.0106488028775075	0.0114371365058495	0.00979242139617003	0.010484749690969	0.0103875334213305	0.0099148071430306	0.00982287547150376	0.00973179620508252	0.00997657241893392	0.0101326742376992	0.010484749690969	0.0099148071430306	0.00961166949664815	0.00906100748023749	0.00878397410563033	0.00800266653565362	0.00870252769819854	0.00854189343334691	0.00783059767536822	0.00790388374475178	0.0078063203023927	0.0101641864870278	0.00848901030049396
6	1	0.000848786523720909	0.000920609333171725	0.000771589777246777	0.000833929975483116	0.000825141158033418	0.000782567085615066	0.000774319583474819	0.000766159002050769	0.000788114166451283	0.000802154501341498	0.000833929975483116	0.000782567085615066	0.000755411854899745	0.000706385882193581	0.000681874154116063	0.000613325305922599	0.000674687858335387	0.000660541678457808	0.000598348817325258	0.000604722003870998	0.000596239382974203	0.000804992442457602	0.000655892506748848
6	2	0.000628608062849165	0.00068029345250222	0.000572922058262339	0.000617902386304926	0.000611566696718603	0.000580849477862188	0.000574893711919739	0.00056899901368814	0.000584854227145994	0.000594987316643833	0.000617902386304926	0.000580849477862188	0.0005612333289362	0.000525769234500195	0.000508013227139015	0.000458262765446868	0.000502804290931232	0.000492546101050148	0.000447373718039834	0.000452008406327781	0.000445839406550408	0.000597034905669338	0.000489173425340771
6	3	0.000471784600521552	0.000509473251163169	0.000431083430510763	0.00046396770849769	0.00045933987925464	0.000436883994951865	0.000432526311236752	0.00042821209308133	0.000439813481034332	0.000447223424504354	0.00046396770849769	0.000436883994951865	0.000422526666585788	0.00039653479512739	0.000383503463405462	0.000346923130173004	0.000379678221884871	0.000372141822473106	0.000338902559093731	0.000342316987590694	0.000337772001350073	0.000448720327455747	0.000369663080150167
6	4	0.000361999058923528	0.000390144099207206	0.000331538986318189	0.000356154468637183	0.000352693106657593	0.000335884405089829	0.00033262004197861	0.000329387404265653	0.000338078426015824	0.000343626383598037	0.000356154468637183	0.000335884405089829	0.000325126038784112	0.000305625358957698	0.000295836188891574	0.000268310109540311	0.00029296104277777	0.000287294307116525	0.000262265023363151	0.000264838915972079	0.000261412630084771	0.0003447468528713	0.000285429858890233
6	5	0.00028434329291036	0.000305813313037312	0.00026105475430897	0.000279879126938563	0.000277234339944435	0.000264380603382175	0.000261882273517518	0.000259407552238486	0.000266059383639454	0.000270303120069221	0.000279879126938563	0.000264380603382175	0.000256144263040422	0.000241195508713212	0.000233681461641489	0.000212514903392293	0.000231473230905318	0.000227119173909605	0.000207858564015727	0.000209841513266665	0.000207201753793051	0.000271159955734136	0.000225686098405959
6	6	0.000231865039685923	0.000248863811199049	0.000213385576012575	0.000228326123012258	0.00022622875271794	0.000216027378064842	0.000214042982238665	0.000212076814781644	0.000217360518877628	0.000220729475325994	0.000228326123012258	0.000216027378064842	0.000209483324227125	0.000197590798111179	0.000191605238168453	0.000174714667021116	0.000189845180539179	0.000186373419661235	0.000170992801800942	0.000172578078732945	0.000170467618815054	0.000221409506910474	0.000185230332529074
6	7	0.000199902907450482	0.00021414055657158	0.000184392309743006	0.000196935268007483	0.000195175873205665	0.000186611882620181	0.000184944715639065	0.000183292442917112	0.000187731668115671	0.000190560617488918	0.000196935268007483	0.000186611882620181	0.000181112351654018	0.000171105804708155	0.000166063244404543	0.000151809812874396	0.000164579656360947	0.000161652124426907	0.000148664059520881	0.000150004177893312	0.000148220019242534	0.000191131502515544	0.000160687898699488
6	8	0.000183764906798697	0.000196496513788082	0.000169867690549899	0.000181108224064644	0.000179532685774349	0.000171858219363391	0.000170363150840096	0.000168881088560538	0.000172862213727456	0.000175397935453798	0.000181108224064644	0.000171858219363391	0.000166925042035217	0.000157938768994446	0.000153405148447641	0.000140570275149487	0.000152070611120273	0.000149436264609225	0.000137733418127811	0.000138942135488539	0.000137332853575096	0.000175909526043618	0.000148568329597753
6	9	0.000179056824096221	0.000191119752022208	0.000165863905105706	0.000176536905052192	0.000175042008233507	0.000167755273414647	0.000166334738572535	0.000164926232677095	0.000168709030085625	0.000171117212656213	0.000176536905052192	0.000167755273414647	0.00016306676058153	0.000154516564200457	0.000150198053792785	0.000137953299780685	0.000148926191726771	0.000146414686396968	0.000135242931812221	0.000136397935862711	0.000134860108001658	0.000171602958547809	0.000145586965534549
6	10	0.000181442419814451	0.000193252742427287	0.000168495794109889	0.000178972032066738	0.000177505973667032	0.000170353865588792	0.000168958403333127	0.000167574372076696	0.000171290570905052	0.000173654929865367	0.000178972032066738	0.000170353865588792	0.00016574661689031	0.000157333340715323	0.000153078234282996	0.000140991030099917	0.000151824286229823	0.000149347121317269	0.000138310884749934	0.000139453222836756	0.000137932188634811	0.000174131703618925	0.000148530414117528
6	11	0.000190533175023397	0.00020248610738959	0.000177398682564402	0.00018802955595267	0.000186543203213245	0.000179285834729633	0.000177868600134569	0.000176462568621448	0.000180236925779568	0.000182636785750224	0.00018802955595267	0.000179285834729633	0.000174605133989435	0.000166045828554247	0.000161710790965847	0.00014937299764491	0.000160432485138186	0.000157906108201461	0.000146632358091652	0.000147800706245772	0.000146244964693546	0.000183120578714988	0.000157072854496145
6	12	0.000204654811388228	0.000216986852324839	0.000191069388735155	0.000202068086409518	0.000200531771486922	0.000193023638877667	0.00019155608849853	0.000190099695841463	0.000194008246717809	0.000196491795638264	0.000202068086409518	0.000193023638877667	0.000188175048892262	0.000179295736034513	0.00017479197931737	0.000161948196852706	0.000173463043457448	0.000170835406444151	0.000159089748071388	0.000160308567175123	0.00015868553777795	0.000196992307578326	0.000169968402678051
6	13	0.00022220444261605	0.000235038303624526	0.000208029921057189	0.000219508556456836	0.000217906749975415	0.000210071352442988	0.00020853841149829	0.000207016656790614	0.000211099568230844	0.000213692179714404	0.000219508556456836	0.000210071352442988	0.000205004910326183	0.000195712869455873	0.00019099272121538	0.000177504395830382	0.000189599001609705	0.000186841999099957	0.000174496738937753	0.000175779443615093	0.000174071254140417	0.000214214510493412	0.000185931936161793
6	14	0.000243106746830432	0.000256518464109035	0.000228254558094942	0.000240285240200027	0.000238608078973862	0.000230396242858192	0.000228788105609087	0.000227191192958872	0.000231474609184572	0.000234192658549738	0.000240285240200027	0.000230396242858192	0.000225079301244543	0.000215312811966937	0.000210343956417485	0.000196114874875811	0.000208875781645003	0.000205970103606912	0.000192935724884797	0.000194291857997767	0.000192485787261824	0.000234740086438334	0.000205010554631959
6	15	0.000267613680406816	0.000281683550419381	0.000251990993086693	0.00026464924782188	0.000262886373814697	0.000254246589246179	0.000252553009131042	0.000250870710243374	0.000255381947342102	0.000258242573520095	0.00026464924782188	0.000254246589246179	0.000248645063825736	0.00023833991716785	0.000233088845329756	0.000218019635727964	0.000231536200573808	0.000228461869467838	0.000214646051644213	0.000216085433760895	0.000214168391428264	0.000258818532477495	0.000227446190654947
6	16	0.000295038664227443	0.000309852747870003	0.000278549425803634	0.000291913126688564	0.00029005371991229	0.000280932843060131	0.000279143377687368	0.000277365310719596	0.000282132188487309	0.000285153000727054	0.000291913126688564	0.000280932843060131	0.000275012160191798	0.000264104453939109	0.000258538430761273	0.000242534350918928	0.000256891611669791	0.000253629376031333	0.000238944933315351	0.000240476704148345	0.000238436514328567	0.000285761033435955	0.000252551196210831
6	17	0.000323637600863623	0.000339210502086436	0.000306266176085021	0.000320347948934974	0.000318390229871493	0.000308779639924215	0.000306892617424137	0.000305017126947078	0.00031004409660218	0.000313227938308501	0.000320347948934974	0.000308779639924215	0.00030253428993391	0.00029101401808106	0.000285127994004319	0.000268174640128661	0.000283385512083488	0.000279932429273337	0.000264366164981671	0.000265991700668281	0.000263826530317931	0.000313868619338416	0.000278790777381066
6	18	0.000351141808148559	0.000367467075554084	0.000332900402418048	0.000347689943823486	0.000345635134590062	0.000335541814852178	0.000333558799721581	0.000331587503991769	0.000336870370106423	0.000340214817748356	0.000347689943823486	0.000335541814852178	0.000328977220214078	0.000316856239529957	0.000310657212526472	0.000292778359700748	0.000308821262651968	0.000305181849563117	0.000288756917801554	0.000290473584660719	0.000288186952997101	0.000340887681214427	0.000303978268050118
6	19	0.000376707699540873	0.000393763573620163	0.000357625869732438	0.000373098785868341	0.00037095005441104	0.000360390600859049	0.000358315057731298	0.000356251467965441	0.000361780971210248	0.000365280409811808	0.000373098785868341	0.000360390600859049	0.000353518490135173	0.000340820431208237	0.000334321494402894	0.00031555882692121	0.00033239608714057	0.000328578474875681	0.000311334613589331	0.000313138022080612	0.000310735788408291	0.000365984349028646	0.000327315705946788
6	20	0.000401162592827831	0.000418971585176566	0.00038121990539664	0.00039739237477785	0.000395147273350457	0.000384110597420412	0.000381940532504025	0.000379782727550713	0.000385564152837633	0.000389222151885216	0.00039739237477785	0.000384110597420412	0.000376924605674695	0.000363639514195845	0.000356836498176561	0.000337181600927128	0.000354820520562874	0.000350822669291892	0.000332753481640184	0.000334644081340559	0.000332125658305031	0.0003899579057886	0.000349500087335867
6	21	0.000425273930768583	0.000443870984083311	0.00040443438472054	0.000421335345147662	0.000418989724131885	0.000407456046186195	0.000405187692780893	0.000402931967552837	0.000408975332339121	0.000412798378237864	0.000421335345147662	0.000407456046186195	0.000399943856292664	0.00038605015380179	0.000378932620288836	0.00035835773459965	0.000376823059987406	0.000372639106478305	0.00035371995956844	0.000355700182287703	0.000353062338171251	0.000413567265249887	0.000371254804321807
6	22	0.000447983359125124	0.000467307432508991	0.000426315742241835	0.000443889375232183	0.000441450965413435	0.000429458373849357	0.000427099237600624	0.000424753060754196	0.000431038366349786	0.000435013825614051	0.000443889375232183	0.000429458373849357	0.000421644861041722	0.000407188693605214	0.000399780352619587	0.000378354283793048	0.000397584246130983	0.000393228158384965	0.000373522416735466	0.000375585614689143	0.000372837205772411	0.000435813306561167	0.000391786761076259
6	23	0.000467915876279994	0.000487843148481981	0.000445559147524008	0.000463692740175301	0.000461177176070681	0.00044880258738114	0.000446367803350557	0.000443946228186059	0.000450433150557826	0.000454535523392373	0.000463692740175301	0.00044880258738114	0.000440737884626088	0.00042581204436153	0.000418160467334456	0.000396020862338452	0.000415891918852977	0.00041139167620494	0.000391025956228684	0.000393158869370319	0.00039031755966544	0.00045536047065562	0.000409902442746914
6	24	0.000485443136660328	0.000505882579404765	0.000462500266503944	0.000481110230048818	0.000478529071814796	0.000465829519585149	0.000463330342421517	0.000460844573352977	0.000467503122334734	0.000471713482545657	0.000481110230048818	0.000465829519585149	0.000457550947356157	0.000442224825105832	0.00043436574790662	0.00041161664574834	0.000432035373999018	0.000427412066502964	0.000406482306393777	0.000408674848527431	0.000405754076138677	0.000472560093953723	0.00042588198472269
6	25	0.000502108740456611	0.000523054672322773	0.000478587819672704	0.000497667450434229	0.000495021555256501	0.000482001596741969	0.000479438990528997	0.000476890008649734	0.00048371760590382	0.000488034404550941	0.000497667450434229	0.000482001596741969	0.000473512434411195	0.000457792759055399	0.000449729970318302	0.000426383670143872	0.000447338939201625	0.000442594945799379	0.00042111295416386	0.000423363807127473	0.000420365332295651	0.000488902376206186	0.000441024821055704
6	26	0.000520234032872291	0.000541805385929156	0.000496004461032544	0.000515659455978733	0.000512934040863924	0.000499521518219008	0.000496881396952653	0.000494255229520211	0.000501289387790374	0.000505736483298433	0.000515659455978733	0.000499521518219008	0.000490775251494181	0.000474577030792271	0.000466267524311779	0.000442201820832826	0.000463803160391812	0.000458913438421983	0.000436767629380768	0.000439088343164491	0.000435996787032284	0.000506630625434556	0.000457295013768605
6	27	0.000540729353636595	0.00056306748706001	0.000515634493763959	0.000535991740208808	0.000533169119682827	0.000519277423406065	0.000516542823217238	0.00051382262388209	0.000521108528305059	0.000525714589510537	0.000535991740208808	0.000519277423406065	0.000510217961743985	0.000493438143172366	0.000484829480944464	0.00045989419402453	0.000482276289277777	0.000477210171717877	0.000454262972490096	0.00045666786043842	0.000453464160815825	0.000526640675820599	0.000475533319707559
6	28	0.000563378500531746	0.000586627157868107	0.000537259534840687	0.000558447648113589	0.000555509875912725	0.000541051212178553	0.000538204955746547	0.000535373672343886	0.000542957073902066	0.000547751151215935	0.000558447648113589	0.000541051212178553	0.000531621783104894	0.000514156245076343	0.000505195540920067	0.000479239590960677	0.000502537906993004	0.000497264507874472	0.000473377666185879	0.000475881088372471	0.000472546122111079	0.000548715034322677	0.000495519033991595
6	29	0.000588714654960689	0.000613061324217792	0.000561364657378962	0.000583551193559397	0.000580474880151732	0.000565334871528052	0.000562354589310662	0.000559390018280645	0.000567330495876861	0.000572350430973504	0.000583551193559397	0.000565334871528052	0.000555461553440975	0.000537174812031612	0.000527793296659636	0.000500620418239051	0.000525010922785828	0.000519490101328606	0.00049448408617097	0.000497104678510413	0.000493613628996933	0.000573359735639009	0.000517662758884104
6	30	0.000617854531795791	0.00064354621064175	0.000589000420569965	0.000612406544573395	0.000609160837726548	0.000593188517231602	0.000590044664428411	0.000586917473799489	0.000595293719685795	0.000600589470698187	0.000612406544573395	0.000593188517231602	0.000582773652667974	0.000563486529763782	0.000553593155700664	0.000524943101206843	0.000550659155220514	0.000544837721766619	0.000518474324023453	0.000521236838550286	0.000517556743268532	0.000601654260882237	0.00054291095239031
6	31	0.000652263554564378	0.000679618888093632	0.000621552434553143	0.000646464001365248	0.000643009050704741	0.000626009300310004	0.000622663667388416	0.000619335914807647	0.000628249703202565	0.000633885852421031	0.000646464001365248	0.000626009300310004	0.00061492656013938	0.000594407030674169	0.000583883770599133	0.000553418665601198	0.000580763272606003	0.000574572218891959	0.00054654198434672	0.000549478608003484	0.000545566601598907	0.000635019135365262	0.000572523235415121
6	32	0.000692893307765012	0.000722200240648594	0.000660003425504757	0.000686681303454583	0.000682980865349939	0.0006647756521299	0.000661193260790853	0.000657630174502563	0.000667174689679912	0.000673210229059316	0.000686681303454583	0.0006647756521299	0.000652909243135411	0.000630943499115892	0.000619681002378932	0.000587085451920886	0.000616341620365193	0.000609716745875571	0.000579729922853411	0.000582870940128954	0.00057868668306329	0.000674423873192879	0.000607524316530076
6	33	0.000739831212343763	0.00077133804016826	0.000704483163954286	0.000733154047382261	0.000729176709618971	0.000709611343216838	0.000705761723886887	0.000701932988621328	0.000712189414589453	0.000718675645173638	0.000733154047382261	0.000709611343216838	0.000696860298859026	0.000673261147398507	0.000661163281662662	0.000626158452874505	0.00065757649155048	0.000650461180438192	0.000618261024698424	0.000621633366256602	0.000617140981279642	0.000719979962908214	0.000648106560566101
6	34	0.000793456383128551	0.000827411928515702	0.000755369324484045	0.000786261145781844	0.000781975360401285	0.000760894314222464	0.000756746799436136	0.000752621892098151	0.000763671944933298	0.000770660463860241	0.000786261145781844	0.000760894314222464	0.0007471569698967	0.000721735599629118	0.000708705234887336	0.000671008745626747	0.000704842194533504	0.00069717916951778	0.000662505426557772	0.000666136431082295	0.0006612994952854	0.000772065823399113	0.000694643386600712
6	35	0.000853541615331605	0.000890205298737676	0.000812423770178943	0.000845773249809967	0.00084114620899886	0.000818387949539231	0.000813910727727489	0.000809457999818869	0.000821386438311136	0.000828930812750444	0.000845773249809967	0.000818387949539231	0.00080355889940047	0.000776119946363162	0.000762056785236716	0.000721377848685853	0.000757887738927361	0.000749617945358051	0.000712202911688327	0.000716120651437869	0.000710901767152994	0.000830447982698549	0.000746881449005621
6	36	0.000918728811555088	0.000958397400086148	0.000874251325048738	0.000910324860810825	0.000905319435048861	0.000880702127432269	0.000875859582416702	0.00087104366415892	0.000883945356085417	0.000892105776121123	0.000910324860810825	0.000880702127432269	0.000864663606282487	0.000834990694166514	0.00081978462676742	0.000775807856305954	0.000815277036931382	0.000806336075994041	0.000765890825747276	0.00077012536388004	0.000764484493512872	0.000893746878223393	0.000803377598699344
6	37	0.000988008312051168	0.00103087900654516	0.000939951207876191	0.000978927118865018	0.000973518517334554	0.000946920461552185	0.000941688697758046	0.000936485839614919	0.000950424442044577	0.0009592412250315	0.000978927118865018	0.000946920461552185	0.000929593383864672	0.000897540630649389	0.000881117122164348	0.000833627839223529	0.000876248923783062	0.000866593069237871	0.000822920489321518	0.000827492409566221	0.000821402136146874	0.000961014372306364	0.000863398154339723
6	38	0.00105937960953033	0.00110553613479437	0.00100764876192356	0.00104960340981768	0.00104378104761959	0.00101515013554703	0.00100951889262299	0.0010039188873413	0.00101892173775065	0.00102841216271178	0.00104960340981768	0.00101515013554703	0.000996500506160121	0.000962004918156358	0.000944331635590787	0.000893236125443745	0.000939093237195651	0.000928703454575381	0.00088171727902235	0.000886635625994145	0.000880083900426102	0.0010303208289354	0.000925265800959787
6	39	0.00113282117454607	0.00118228276202291	0.00107739147030135	0.00112234551581956	0.00111610667699011	0.00108542884555317	0.00107939521728737	0.00107339512845642	0.00108946998995582	0.00109963879773086	0.00112234551581956	0.00108542884555317	0.00106544686038134	0.00102848892771598	0.00100955516656967	0.00095481967820161	0.00100394330116379	0.000992812981827905	0.00094248113395094	0.000947749436717821	0.000940731548904343	0.00110168392059233	0.000989130364902821
6	40	0.00120967680832356	0.0012624338439683	0.00115055095866757	0.00119850286764939	0.00119184810772423	0.00115912448607693	0.00115268837700583	0.00114628800482104	0.00116343517777547	0.00117428217364475	0.00119850286764939	0.00115912448607693	0.00113780942314461	0.00109838469692224	0.00107818657392509	0.00101979354194492	0.00107219987752438	0.00106032602463306	0.00100663000064334	0.00101225058345447	0.00100476341686741	0.00117646367828245	0.0010563973669137
6	41	0.00128917982754164	0.00134521451469893	0.0012263710364569	0.00127731065601897	0.00127024167048765	0.00123547925597	0.00122864177681522	0.00122184213813487	0.00124005870183672	0.00125158171650893	0.00127731065601897	0.00123547925597	0.00121283445439537	0.00117094650683007	0.00114948451046425	0.00108743004401138	0.00114312294968445	0.00113050525311887	0.00107343950776307	0.00107941327521649	0.00107145560777002	0.00125389913679278	0.00112633038010598
6	42	0.00137235221961045	0.00143149495516992	0.0013060341507684	0.00135982199073359	0.00135235883581318	0.00131565298771603	0.00130843224696045	0.00130125113602942	0.00132048893940697	0.00133265672956839	0.00135982199073359	0.00131565298771603	0.00129173759209173	0.00124748947130493	0.00122481312387748	0.00115922745406435	0.0012180909424785	0.00120475705789178	0.00114443654509301	0.00115075225583961	0.00114233902042009	0.00133510370924854	0.00120034494450149
6	43	0.00145849206066735	0.00152051556940451	0.00138890242588212	0.00144534710154519	0.0014375170610129	0.00139899855932601	0.00139141960793611	0.00138388171484738	0.00140407411414333	0.00141684370894528	0.00144534710154519	0.00139899855932601	0.00137389467492477	0.00132743165188245	0.00130361197707488	0.00123468695858554	0.00129654977408713	0.00128253993743431	0.00121913607363627	0.00122577661038525	0.00121693056537088	0.00141941153047903	0.0012779037136821
6	44	0.00154930625457246	0.00161416093057454	0.00147648963517817	0.00153555590085379	0.00152736433577447	0.00148705734663207	0.00147912450157913	0.00147123397502236	0.00149236953230667	0.00150573316754573	0.00153555590085379	0.00148705734663207	0.00146077871170355	0.00141212189953719	0.00138716749145296	0.00131491913453857	0.00137976751807796	0.00136508578826908	0.00129861000699733	0.00130557471616056	0.0012962967035048	0.00150842022042944	0.00136022667729685
6	45	0.00164910355625234	0.00171712202963824	0.00157268578194605	0.00163467721140763	0.00162608205211889	0.00158377942411994	0.00157545188622222	0.00156716813465383	0.00158935555603439	0.00160338192844125	0.00163467721140763	0.00158377942411994	0.00155619084687789	0.00150508962059468	0.00147887177698489	0.00140292676639376	0.0014710958451972	0.00145566642456905	0.0013857749714827	0.00139309991342072	0.00138334189300664	0.00160620202235926	0.00145055933070574
6	46	0.00176079721773729	0.00183283388771474	0.00167983683498612	0.00174551563287692	0.00173641041615249	0.00169159183643047	0.00168276790498586	0.00167399000223711	0.00169750014802969	0.00171236136844732	0.00174551563287692	0.00169159183643047	0.00166235731728893	0.00160819644279618	0.00158040318399831	0.00149987232720331	0.00157215925124213	0.00155580017107283	0.00148168011211656	0.00148944959933664	0.0014790992998055	0.00171534918900896	0.00155038505979434
6	47	0.00189036749977057	0.00196756577649264	0.00180359943536793	0.00187399024192238	0.00186423207086799	0.00181619813013768	0.00180674089198025	0.00179733289919538	0.0018225304413551	0.00183845797945349	0.00187399024192238	0.00181619813013768	0.0017848650697109	0.00172681378152649	0.00169702278038816	0.00161069819007926	0.00168818610760098	0.0016706505643885	0.00159119603152839	0.00159952501765591	0.00158842935185842	0.0018416601516558	0.00166484595390342
6	48	0.00203988867286142	0.00212359324046483	0.0019458270219461	0.00202213318311966	0.00201155415789422	0.00195948344455904	0.00194923217873646	0.0019390345436048	0.00196634755582576	0.00198361321574749	0.00202213318311966	0.00195948344455904	0.00192552063754855	0.00186260462993404	0.00183032097795477	0.001736788740274	0.00182074544061724	0.00180174439047749	0.00171566147888413	0.00172468436598473	0.00171266435191357	0.00198708449759057	0.00179545487470304
6	49	0.00220943329833107	0.00230099519760813	0.00210658580266066	0.00219001575430744	0.00217844723644008	0.00212151485793995	0.00211030818853965	0.00209916071714053	0.00212901901382655	0.00214789573667514	0.00219001575430744	0.00212151485793995	0.00208438896747824	0.00201563027676891	0.00198035733555591	0.00187819909005969	0.00196989631527553	0.00194913976038876	0.0018551306786888	0.00186498224270362	0.00185185840202345	0.00215169111816382	0.00194226962512378
6	50	0.00239819689654641	0.00249876352087494	0.00228529280194457	0.00237687589394661	0.00236417438596407	0.00230167773242944	0.00228937806707201	0.00227714412845198	0.00230991419848901	0.00233063454268398	0.00237687589394661	0.00230167773242944	0.00226093384509084	0.00218549692126539	0.00214680964585567	0.00203480855425793	0.00213533756188053	0.00211257697930059	0.00200952721386292	0.00202032338274943	0.00200594132668792	0.00233480086220939	0.00210504415899081
6	51	0.00259940852994275	0.00270957060675056	0.00247578918908534	0.00257605931541434	0.00256215058024188	0.00249372527466349	0.00248026107986385	0.00246686958134052	0.00250274198614333	0.00252542665772448	0.00257605931541434	0.00249372527466349	0.00244912665497626	0.00236657491634178	0.00232425029633347	0.0022017642146388	0.00231170113581812	0.00228680571634723	0.00217412572806278	0.00218592805506746	0.00217020579686135	0.00252998820611166	0.00227856696562146
6	52	0.00281064346565919	0.0029301897683715	0.00267651501287157	0.00278530752068599	0.0027702157109004	0.00269597443016228	0.00268136665957155	0.00266683803919798	0.00270575712907459	0.00273036946118655	0.00278530752068599	0.00269597443016228	0.00264758892701394	0.00255803599812887	0.0025121261195127	0.0023792813520562	0.00249851450597576	0.00247151213731023	0.00234930905084101	0.00236210781058501	0.0023450582269326	0.00273531872839499	0.00246257635411018
6	53	0.00302885523259378	0.00315698510422213	0.00288506170115693	0.00300169646341706	0.00298551823359051	0.00290592565918081	0.00289026360482386	0.0028746859641703	0.00291641415104328	0.00294280130234829	0.00300169646341706	0.00290592565918081	0.00285404630083315	0.00275801352784225	0.00270877483803386	0.00256627061030533	0.00269417536656424	0.0026652120596433	0.00253411319647611	0.00254784530678039	0.00252955229320515	0.00294810731326639	0.00265562698236978
6	54	0.00325655726990671	0.00339252757024622	0.0031038773187148	0.0032277273056256	0.00321055198188616	0.00312603657084283	0.00310940236198883	0.00309285666678395	0.00313717545139309	0.00316519660920578	0.0032277273056256	0.00312603657084283	0.00307093261403473	0.00296889698151037	0.00291656299010324	0.00276503133562676	0.0029010434282511	0.00287025161234023	0.00273082217059008	0.00274543110859182	0.00272596981990989	0.00317083080361521	0.00286006047373341
6	55	0.00350431344229033	0.00364832737615703	0.00334249063286092	0.00347376619298302	0.00345556580761209	0.00336598430888405	0.00334834863389305	0.00333080535892647	0.00337779299911657	0.00340749628918282	0.00347376619298302	0.00336598430888405	0.00330755722262583	0.00319932527689815	0.00314379107448726	0.00298290563592883	0.00312731955455683	0.00309463496425118	0.00294656625079587	0.0029620857472463	0.00294141117585425	0.00341346821819371	0.00308381618829744
6	56	0.00378391006159196	0.00393741505494202	0.00361132742943233	0.00375133951854771	0.00373193191830833	0.00363638965017055	0.00361757674446149	0.003598861167547	0.00364898590870503	0.00368066777914617	0.00375133951854771	0.00363638965017055	0.00357405759541521	0.0034585551160174	0.00339927135723324	0.00322744787023493	0.00338168518587228	0.00334678531926134	0.00318862193928022	0.00320520410135249	0.00318311363789091	0.00368703708597836	0.0033352322537808
6	57	0.00411081241554499	0.00427669488628758	0.00392427216482097	0.00407561117881584	0.004054635289441	0.00395136411764646	0.00393102768883247	0.00391079592522386	0.00396498015146745	0.00399922586304652	0.00407561117881584	0.00395136411764646	0.00388398212230372	0.0037591057747934	0.00369500233095262	0.00350917662843632	0.0036759853156552	0.00363824440512707	0.00346717967099863	0.00348511646975609	0.00346122127605113	0.00400611041773858	0.00362575040591982
6	58	0.00449782105839751	0.00468013626906617	0.0042928404594596	0.00445913682426824	0.00443608616827399	0.00432260795632787	0.00430026306023563	0.00427803367181525	0.00433756902091713	0.00437519862103252	0.00445913682426824	0.00432260795632787	0.0042485731342845	0.00411138241097915	0.00404096532291002	0.00383686813511177	0.00402007632460969	0.00397862171487733	0.00379074829848547	0.00381044566947301	0.00378420516127085	0.00438276362443446	0.00396489872484178
6	59	0.00495268755765099	0.0051560974955242	0.00472411769239332	0.00490954098626851	0.00488383367706467	0.00475730221645415	0.004732392058988	0.00470761233593966	0.00477398179056455	0.00481593702562245	0.00490954098626851	0.00475730221645415	0.00467477442324815	0.0045218953021528	0.0044434512547882	0.00421618999206006	0.00442018448185392	0.00437401578607596	0.00416485719964885	0.00418677999204942	0.00415757514126172	0.00482437221522643	0.00435873363300865
6	60	0.0054794771442479	0.0057086800890634	0.00522212754661535	0.00543088112371147	0.00540193062964504	0.00525947667515227	0.00523143988981153	0.00520355256065832	0.00527825129196327	0.00532548156681882	0.00543088112371147	0.00525947667515227	0.0051666005661082	0.0049946304364899	0.00490643119734396	0.00465106891424451	0.00488027639777637	0.00482838432697001	0.00459342280356578	0.00461804027252947	0.00458524617715069	0.00533497821575978	0.00481120987646722
6	61	0.0060729414590837	0.00633121507263352	0.00578316240208716	0.00601820430273836	0.00598559910801007	0.00582520377879326	0.00579364421484608	0.00576225563308499	0.00584633893793035	0.00589951293342727	0.00601820430273836	0.00582520377879326	0.00572066856266706	0.00552719197350604	0.00542800467818344	0.00514099529202559	0.00539859704417579	0.0053402588836132	0.00507624028285132	0.00510389195145178	0.00506705639129861	0.00591020562812225	0.00532095325960873
6	62	0.00671622298784071	0.00700516993605541	0.00639219549154848	0.00665500282570192	0.00661853891329194	0.00643919442842239	0.00640391296757581	0.00636882481996015	0.00646282332426019	0.00652227560431896	0.00665500282570192	0.00643919442842239	0.00632233950273584	0.00610612562604484	0.00599531504807647	0.00567480357665491	0.0059624656791868	0.00589730591735977	0.00560251755522117	0.00563338384037645	0.00559226642197211	0.00653423152903031	0.00587574462436854
6	63	0.00739482603599151	0.00771415596532078	0.00703678668143623	0.0073271749065548	0.00728688166556032	0.00708871487022157	0.00704973295696719	0.00701096541113888	0.00711482249049795	0.00718051298968247	0.0073271749065548	0.00708871487022157	0.00695960677391022	0.00672074427750695	0.00659833809876368	0.00624433432410114	0.00656205284140771	0.00649007984373013	0.00616450463100523	0.00619859162213652	0.00615318400709621	0.00719372369278126	0.00646626469720332
6	64	0.0080979142768565	0.00844632421853775	0.00770720546947737	0.00802409559474353	0.00798012777791567	0.00776387620681095	0.00772133425514741	0.00767902541096821	0.00779236764603101	0.00786405451757657	0.00802409559474353	0.00776387620681095	0.00762297402369066	0.0073622664604022	0.0072286528646478	0.00684218610909199	0.0071890436549478	0.00711047515910606	0.0067550251357263	0.0067922430495368	0.00674266453855686	0.00787847083763142	0.00708447694135969
6	65	0.00883064075238957	0.00920771038395425	0.00840764994317694	0.00875073463769082	0.00870313845252024	0.00846901269110887	0.00842294882185132	0.00837713549892407	0.00849986180602086	0.00857747711039428	0.00875073463769082	0.00846901269110887	0.0083164384527912	0.00803407916195986	0.00788934050664923	0.0074705827920801	0.00784642953663639	0.00776130651925576	0.00737611533809125	0.00741645422887033	0.0073627178574663	0.00859308501302238	0.00773313789226584
6	66	0.00961574117565956	0.0100221480253877	0.00915963357010713	0.00952959609447782	0.0094782799309905	0.00922581447839847	0.00917613415623335	0.00912672135889395	0.00925908403301579	0.00934278375520599	0.00952959609447782	0.00922581447839847	0.0090612512900271	0.00875662484201764	0.00860043070796602	0.00814836685445695	0.00855411803071341	0.00846223950418786	0.00804635137351455	0.00808991496158812	0.00803188237038317	0.00935961427651795	0.00843183315531302
6	67	0.0104630312566943	0.0109025526087944	0.0099696270470769	0.0103698528763855	0.0103143446260392	0.0100412286009291	0.0099874794265089	0.0099340179632708	0.0100772219877026	0.0101677709312622	0.0103698528763855	0.0100412286009291	0.00986318090234578	0.0095335417478676	0.00936449618232804	0.00887513258408298	0.00931436945394991	0.00921491952324613	0.00876467770003831	0.00881184617671983	0.0087490110493031	0.0101859781223423	0.00918200607121625
6	68	0.0114002186414728	0.011879062845485	0.0108626685757166	0.0112987035909179	0.0112382289766384	0.0109406766142989	0.010882118285648	0.0108238733816577	0.0109798904573864	0.0110785410791945	0.0112987035909179	0.0109406766142989	0.0107466981609531	0.0103875637921568	0.0102033920421392	0.00967023845498059	0.0101487799184451	0.0100404310161213	0.00954989930197491	0.00960128875825801	0.00953283067926546	0.0110983773108673	0.0100045723809259
6	69	0.0124727486596406	0.0129990866576492	0.0118820027214022	0.0123611777572598	0.012294714839111	0.0119677222887828	0.0119033748809122	0.011839373452736	0.0120108136948279	0.0121192222420211	0.0123611777572598	0.0119677222887828	0.0117545731920066	0.0113599926866172	0.0111576674552901	0.0105720570639074	0.0110976755068386	0.010978657560085	0.0104398979105535	0.0104963340369209	0.0104211533809016	0.012141021088307	0.0109392692386297
6	70	0.013733966693478	0.0143175731640771	0.0130791453124274	0.013610277659893	0.0135365995807113	0.0131741489270554	0.0131028317936321	0.0130319007294378	0.013221909202799	0.0133420687772258	0.013610277659893	0.0131741489270554	0.0129379229186794	0.0125007002597251	0.012276549876986	0.0116279272223893	0.0122100918195887	0.0120782530523409	0.0114815811174803	0.0115440739789748	0.0114608254320206	0.0133662314158215	0.0120346238995891
6	71	0.0153711251571596	0.0160290707470102	0.0146331318943851	0.0152317061563162	0.0151486624793847	0.0147401862731896	0.0146598223760517	0.0145798966250704	0.0147940068047188	0.0149294194516027	0.0152317061563162	0.0147401862731896	0.0144740063908968	0.013981435314596	0.0137289570393999	0.0129985500531234	0.0136541063915941	0.0135056271343902	0.01283379100477	0.0129041447535223	0.0128104250965933	0.0149566503546686	0.0134564937224212
6	72	0.0173418486835178	0.01808479594895	0.0165085445393328	0.0171844212311359	0.0170906515652649	0.0166294226714507	0.0165386814479579	0.0164484353691134	0.0166901932417558	0.0168430930436444	0.0171844212311359	0.0166294226714507	0.016328872821275	0.015772711954118	0.0154876457610016	0.0146629890557287	0.0154031348340053	0.0152354939076652	0.0144769753395489	0.0145564047946067	0.0144505952871639	0.0168738406819242	0.01518002003506
6	73	0.0196838189479566	0.0205195336909737	0.0187460897849568	0.01950669449473	0.0194011857920176	0.0188821409984756	0.0187800104093222	0.0186784322287776	0.0189505364344383	0.019122610867921	0.01950669449473	0.0188821409984756	0.0185438487950685	0.0179177014331796	0.0175966881170355	0.0166677454793815	0.017501510344309	0.0173126964200626	0.0164581459321721	0.0165476496174093	0.0164284190803894	0.0191572127986478	0.0172502122036692
6	74	0.0224194300903792	0.0233532023090529	0.0213707926421311	0.0222214291820152	0.0221034689938088	0.021522994530928	0.021408741911763	0.0212950957909628	0.0215995014849092	0.0217919607943078	0.0222214291820152	0.021522994530928	0.0211445055096319	0.0204436164700353	0.0200841086711378	0.019043074912777	0.0199774942306624	0.0197659602010325	0.0188080366456427	0.0189084100098026	0.0187746974024095	0.0218306579549532	0.0196959477792851
6	75	0.0255581384462867	0.0265935996641683	0.0243939244138202	0.025338428313437	0.0252075098686484	0.0245629944456031	0.0244360825080357	0.024309826298333	0.0246479683782939	0.0248616915161255	0.025338428313437	0.0245629944456031	0.0241424988532205	0.0233632871812808	0.022963329460122	0.0218040708752762	0.0228446826623452	0.0226092249701893	0.021542109130168	0.0216539908447635	0.0215049438330705	0.0249046580153043	0.022531279610502
6	76	0.0291529420225887	0.0302931560768415	0.0278690710696968	0.0289108051029448	0.0287664893646023	0.028055644859736	0.0279155978742512	0.0277762499694057	0.0281493996260607	0.0283851595397334	0.0289108051029448	0.028055644859736	0.0275915341927491	0.0267307705710485	0.0262885766446274	0.025005402807196	0.0261573504357781	0.0258968598966059	0.0247151226947067	0.0248391135346977	0.0246739301080985	0.0284325479426999	0.0258106074691864
6	77	0.0331441797131134	0.0343965705379793	0.0317320432622383	0.0328780131239173	0.0327193402571349	0.0319373888638752	0.0317832555520635	0.0316298661043765	0.0320405594436326	0.0322999463594691	0.0328780131239173	0.0319373888638752	0.0314264977603776	0.0304782119283557	0.0299906627617323	0.0285743131250775	0.0298459245617938	0.0295585403576514	0.0282535747780335	0.0283905908569535	0.0282080498550827	0.0323520751871223	0.0294633618776737
6	78	0.0375038939728805	0.0388790790329618	0.0359514841815237	0.0372114375284631	0.0370370594833198	0.0361773503414675	0.0360078181747463	0.0358390804596719	0.0362908149943817	0.0365760359754348	0.0372114375284631	0.0361773503414675	0.0356153262210962	0.0345714226539557	0.0340343470189608	0.032472665267927	0.0338748572680917	0.0335581164383802	0.0321187071422393	0.0322699285794194	0.0320684576374876	0.0366333486068785	0.0334531956744149
6	79	0.042217526750594	0.0437280636604099	0.040510734509006	0.0418961170593877	0.0417044469762557	0.0407591696439735	0.0405727009690131	0.040387085367534	0.0408839579590433	0.0411976027840346	0.0418961170593877	0.0407591696439735	0.0401409181592255	0.0389919588053034	0.0384005130855996	0.0366794613901434	0.0382248350024733	0.0378758862825128	0.0362891112157089	0.0364558928773255	0.0362336870584521	0.0412606198987881	0.0377602793729347
6	80	0.0472907176401747	0.048950395968193	0.0454140600010395	0.0469374310666387	0.0467267272213552	0.0456873112196255	0.0454822192080714	0.0452780478620606	0.0458245527575582	0.0461694629680159	0.0469374310666387	0.0456873112196255	0.045007244406501	0.0437428816333652	0.0430917581306867	0.0411959654875776	0.0428983176519083	0.0425140378804044	0.0407657524092877	0.0409495765566075	0.0407046612530808	0.0462387559135247	0.0423867111179741
6	81	0.0527607163029881	0.0545721851228559	0.050710786041468	0.0523749453670764	0.0521448380381133	0.0510093773693979	0.0507852696114561	0.0505621464624187	0.0511593316911629	0.0515361489485137	0.0523749453670764	0.0510093773693979	0.0502661730701958	0.0488837868443081	0.0481715523020029	0.0460965094438037	0.0479599124204807	0.0475394180675478	0.0456253385944704	0.0458266763527608	0.0455584227717047	0.0516118448044995	0.0474000741598428
6	82	0.0588142643548927	0.060790210550749	0.0565764728357145	0.0583932827883831	0.0581421416200701	0.0569025450030224	0.0566578152849857	0.0564141381145088	0.0570662851413582	0.0574776998275431	0.0583932827883831	0.0569025450030224	0.0560908646953529	0.0545804333026655	0.0538018765106364	0.0515322085771819	0.0535704823248826	0.0531106752532116	0.0510165477474983	0.0512369103803081	0.0509433043489263	0.0575603380099555	0.0529582849356796
6	83	0.0656204319389943	0.0677756412272782	0.063177690068937	0.0651610532495419	0.0648869711124913	0.063533756522057	0.0632665191633278	0.0630004058654099	0.0637125415833178	0.0641617084152617	0.0651610532495419	0.063533756522057	0.062647328504813	0.0609970451088297	0.0601460094907045	0.0576634845947597	0.0598930217626954	0.059390234201651	0.057099130944983	0.0573403172966468	0.0570189611464953	0.0642519210591059	0.0592235780552131
6	84	0.0733336796653738	0.0756842994934484	0.070667242775484	0.0728324152675793	0.0725333027737954	0.0710560659113876	0.070764248634765	0.070473629810686	0.0712512790091795	0.0717416613387152	0.0728324152675793	0.0710560659113876	0.0700879938007264	0.0682848441220014	0.0673545273034796	0.0646389366307994	0.0670779117257129	0.0665280839686084	0.0640212180199609	0.0642852284185603	0.0639334557192787	0.0718401420665754	0.0663458114039293
6	85	0.0820319143704535	0.0845942401339694	0.0791228238438963	0.0814852392902311	0.081158984506143	0.0795472004314305	0.0792287052668139	0.0789114853094872	0.0797602415203112	0.0802953437892802	0.0814852392902311	0.0795472004314305	0.0784905002003788	0.0765212879210411	0.0755047837299698	0.0725355751214033	0.0752024738008586	0.074601480308398	0.0718597325859097	0.0721486048738283	0.071763699074936	0.0804027942674233	0.0744022183666828
6	86	0.0918090383533155	0.0945945400563215	0.0886435837749049	0.0912144328272985	0.0908595195869741	0.0891055606205389	0.0887588529530075	0.0884134943169607	0.0893374511288983	0.0899198210507954	0.0912144328272985	0.0891055606205389	0.0879551055594961	0.0858100043180456	0.0847020986714361	0.0814634713758185	0.0843725247721096	0.0837172190769773	0.0807257866198047	0.0810411157194654	0.0806209498089879	0.0900367498055486	0.0834999168342461
6	87	0.102602161356266	0.105623110390422	0.0991658953188026	0.101956952979507	0.101571777122523	0.0996676151276438	0.099291087995864	0.0989159833189185	0.0999194261311286	0.100551740542816	0.101956952979507	0.0996676151276438	0.0984180471720713	0.0960868662519686	0.0948821914048172	0.0913580324035168	0.0945237427819532	0.0938109028924495	0.0905547448831608	0.090898142453357	0.0904405675570648	0.100678682789859	0.0935744862264433
6	88	0.114397485916521	0.117664204122078	0.110678180445046	0.113699418903899	0.113282625013504	0.111221461800252	0.110813751486461	0.110407535737634	0.111494101704637	0.112178628989405	0.113699418903899	0.111221461800252	0.109868230151557	0.107342284842379	0.106036251144019	0.10221272212244	0.10564754852739	0.104874412733216	0.101340589303462	0.101713445586283	0.101216607856708	0.112316037948384	0.104617960154803
6	89	0.12727065482548	0.130791429450022	0.123258314914392	0.126517899391587	0.126068384899969	0.123844655936695	0.123404639402902	0.122966186235316	0.124138871581312	0.124877472289903	0.126517899391587	0.123844655936695	0.122384004317166	0.119656059340959	0.118244808968136	0.114110142542808	0.117824688531064	0.116988920381312	0.113166378874918	0.113569889456168	0.113032194191217	0.125025718939811	0.116711650496508
6	90	0.141328735889514	0.145112263781621	0.137012886385262	0.140519373314693	0.140035982302901	0.137643856333098	0.137170357189098	0.136698486896871	0.137960430122565	0.138755053712988	0.140519373314693	0.137643856333098	0.136071850594719	0.133134332327816	0.131613829052406	0.127155720550402	0.131161073389675	0.130260229187045	0.126137414551934	0.126572829017862	0.125992609504617	0.138914526813811	0.129961324824874
6	91	0.156789247834074	0.16084320445862	0.152160441554993	0.155921563486217	0.155403259462417	0.152837468757961	0.152329416675404	0.15182305342557	0.153177111167507	0.15402952297533	0.155921563486217	0.152837468757961	0.15115051979856	0.147996444304811	0.14636292832379	0.141569766492651	0.145876398475132	0.144908185271591	0.140474139927433	0.140942652056562	0.140318315561878	0.154200573722328	0.144586877702637
6	92	0.173981591460405	0.178310112419934	0.16903417065342	0.173054601841359	0.172500780517779	0.169758146390532	0.169214874612018	0.16867334144948	0.17012129622973	0.171032573213443	0.173054601841359	0.169758146390532	0.167953992132211	0.164578755428142	0.162829646659296	0.157693067189683	0.16230854794553	0.161271348149644	0.156518037949124	0.157020545976513	0.156350892896928	0.171215413540398	0.160927089873662
6	93	0.192953796173238	0.19756197262032	0.187681163632011	0.191966329338733	0.191376276573031	0.188453106454931	0.187873852389639	0.187296378795247	0.188840267692492	0.189811654195571	0.191966329338733	0.188453106454931	0.186529174167582	0.182927649581114	0.181060127108821	0.175571177192114	0.180503597069794	0.179395663603847	0.174314553476849	0.174852001410432	0.174135771521198	0.190006530288209	0.179027865739638
6	94	0.213612411196793	0.218504564688678	0.208009027714736	0.212563478868255	0.211936593441178	0.208829789356214	0.208213915207071	0.207599857374311	0.209241383839383	0.210273922698578	0.212563478868255	0.208829789356214	0.206783929722253	0.202951852108995	0.200963577336764	0.195114863726269	0.200370901969027	0.199190789776537	0.193774840785328	0.194348005720415	0.193584161688945	0.210481041097229	0.198798965613144
6	95	0.234447196930862	0.239548387969086	0.228597281465219	0.233352697462692	0.232698451914198	0.229454635928636	0.228811319284903	0.228169806293131	0.22988451822364	0.230962750811786	0.233352697462692	0.229454635928636	0.22731725258006	0.223310922537227	0.22123076823808	0.215105845592866	0.220610508661553	0.219375201655072	0.213701271365849	0.21430210521046	0.213501367994242	0.23117900344303	0.218964971701863
6	96	0.257838096671035	0.263108959273919	0.251785138770056	0.256706303025077	0.256029612907343	0.252672825275136	0.25200676759806	0.251342465680943	0.25311784143982	0.254233813900348	0.256706303025077	0.252672825275136	0.250459452975894	0.246307321280956	0.244149709747424	0.2377896162706	0.24350611941136	0.242224023871997	0.236329594566573	0.236954217239534	0.236121753120227	0.254457598125617	0.241798160544922
6	97	0.282845864776448	0.288242667643091	0.27663927966968	0.281686083413835	0.280992498518796	0.277550106912684	0.276866705874769	0.276184987549154	0.278006644495485	0.279151276566268	0.281686083413835	0.277550106912684	0.275278640174381	0.271013942107767	0.268795967263651	0.26225036100478	0.268134121209767	0.266815314004257	0.260746132455846	0.261389742444955	0.260531948149327	0.279380767893569	0.266377154625977
6	98	0.309403090382123	0.314875169491652	0.303100565565932	0.308226149171529	0.307522134485653	0.30402610816394	0.303331686728211	0.30263885140998	0.304489938756953	0.305652613494633	0.308226149171529	0.30402610816394	0.301717532019077	0.297379421969399	0.295121316428141	0.288449359484973	0.294447234292544	0.293103685487068	0.286914399860473	0.287571236973771	0.286695787719138	0.305885680652237	0.292657199613647
6	99	0.337364900065159	0.342857556394739	0.331029173713784	0.336182537120104	0.335475109321137	0.331960237343981	0.331261694516444	0.330564621630264	0.332426750726882	0.33359590447107	0.336182537120104	0.331960237343981	0.329637472345481	0.325268900922151	0.322992955995109	0.316260226608898	0.322313282988003	0.320958224665123	0.314709558721982	0.315373197496528	0.314488656274129	0.333830228191247	0.320507805717698
6	100	0.41266489512544	0.417972811296517	0.406519809460342	0.411519949562773	0.410834507591574	0.407424385190648	0.406745764934214	0.406068275011333	0.407877427589183	0.409012238796577	0.411519949562773	0.407424385190648	0.405166710157156	0.400911536809132	0.398689951650773	0.392098786972706	0.398025879771275	0.396701052473723	0.390576594202615	0.391228237591102	0.390359621029112	0.4092395796348	0.396260424029594
7	0	0.0139516037787795	0.0144812704502381	0.0121699330412011	0.0125537544845027	0.012057091483044	0.0111565252043277	0.010681920268184	0.0102593124668057	0.0101326742376992	0.00994564183359767	0.0099148071430306	0.00906100748023749	0.00883869474480518	0.00841029884445909	0.00822946530224184	0.00754418588432433	0.00833231721358544	0.00822946530224184	0.00761479144383356	0.00778168563852803	0.00775799112609644	0.0102275052963246	0.00859510600692868
7	1	0.00115408335198598	0.00120404443359767	0.00098798633273911	0.00102350205391173	0.000977573909902036	0.00089496313859887	0.000851789444193754	0.000813566650102278	0.000802154501341498	0.000785335728444675	0.000782567085615066	0.000706385882193581	0.000686707491886761	0.000648980032466939	0.000633132908661208	0.000573520701966322	0.000642140408995499	0.000633132908661208	0.000579629437064711	0.000594065287292036	0.0005920427980175	0.000810698481253428	0.000665223804953347
7	2	0.000847588875579397	0.000883261758000267	0.000728679564592623	0.000754148270960199	0.000721208016284218	0.000661850911775382	0.00063077135429224	0.000603220049260081	0.000594987316643833	0.000582848412937056	0.000580849477862188	0.000525769234500195	0.000511515796539674	0.000484157663878234	0.000472653312767997	0.000429305336954306	0.000479193331748825	0.000472653312767997	0.000433752840991541	0.000444263028390776	0.00044278655173428	0.000601151247685666	0.000495942030151577
7	3	0.000630954816703415	0.000656769042654884	0.000544684993129957	0.000563193224493511	0.000539252052230644	0.000496034379702201	0.000473363712263574	0.000453241165177742	0.000447223424504354	0.000438346290765606	0.000436883994951865	0.00039653479512739	0.000386075011165521	0.000365975889035221	0.000357514834190468	0.000325582035945119	0.000362325475675608	0.000357514834190468	0.000328862260752517	0.000336614233130476	0.000335522187691168	0.000451729180994422	0.000374637185778321
7	4	0.000480517050583587	0.000499659912637559	0.000416390888559323	0.000430169193496808	0.000412344106285827	0.00038011461908962	0.000363179436338752	0.000348130229599076	0.000343626383598037	0.000336979629942272	0.000335884405089829	0.000305625358957698	0.00029776861200875	0.0002826558488794	0.000276287550018497	0.000252217182748281	0.000279908798667272	0.000276287550018497	0.000254692464942587	0.000260542486384031	0.000259716145669944	0.000346998763939241	0.000289170934051806
7	5	0.000374476101676895	0.000388971744349149	0.000325796414192419	0.000336272425318182	0.000322717720441961	0.000298167581581916	0.0002852446346129	0.000273746793729738	0.000270303120069221	0.000265218665221904	0.000264380603382175	0.000241195508713212	0.000235165306595609	0.00022355342183108	0.000218655221355622	0.000200112388325302	0.000221440898510677	0.000218655221355622	0.000202021439859512	0.000206533635249534	0.000205894353133908	0.000272881783941	0.000228561349244449
7	6	0.000303013172713036	0.000314407367224381	0.000264655194864722	0.000272922763894457	0.000262224111042059	0.000242814309912594	0.000232579378131616	0.000223462197901759	0.000220729475325994	0.00021669292325304	0.000216027378064842	0.000197590798111179	0.000192787665901614	0.000183528833848468	0.000179619204535452	0.000164795983765285	0.00018184296488531	0.000179619204535452	0.000166323809900644	0.000169935363652941	0.000169422086990442	0.000222775861733854	0.000187523560973852
7	7	0.000259324031225885	0.000268801837753818	0.00022734288984741	0.000234246224993989	0.000225311837194045	0.000209076849609895	0.000200501780282373	0.000192854439712988	0.000190560617488918	0.000187170937953766	0.000186611882620181	0.000171105804708155	0.000167059725495712	0.000159252333315251	0.00015595235848427	0.000143422245679242	0.000157829593090775	0.00015595235848427	0.0001447151122071	0.000147771684360379	0.000147335913596667	0.000192278408496252	0.000162622136098762
7	8	0.000236759413612333	0.000245180446617517	0.000208282353558604	0.000214437773811349	0.000206470415835073	0.000191971075872038	0.000184300901688341	0.000177453268302661	0.000175397935453798	0.000172359485513315	0.000171858219363391	0.000157938768994446	0.000154301340116743	0.000147275869836661	0.000144303686812723	0.000133002789417519	0.000145994653738593	0.000144303686812723	0.00013416999184943	0.000136929910319391	0.000136535215918969	0.000176937188109404	0.000150309270090199
7	9	0.000229136509272882	0.000237064856741947	0.000202267938439674	0.000208083567705384	0.00020055515380914	0.000186834460936712	0.000179565107952163	0.000173068485134249	0.000171117212656213	0.000168231475858514	0.000167755273414647	0.000154516564200457	0.000151051990559463	0.000144354149701762	0.00014151802425867	0.000130719895496848	0.000143131773229889	0.00014151802425867	0.000131836271833529	0.000134476501971264	0.00013409770822027	0.000172578590867098	0.000147247113187719
7	10	0.000230320457650998	0.000238024301324118	0.000204145732612288	0.000209820359211159	0.000202473462578785	0.000189060067890736	0.000181940574307483	0.000175569893227262	0.000173654929865367	0.000170821576191612	0.000170353865588792	0.000157333340715323	0.000153919948061319	0.000147313719761911	0.000144513384302778	0.000133834344209842	0.000146106992019287	0.000144513384302778	0.000134939709626253	0.000137554591196765	0.000137177904182988	0.000175089181701065	0.000150168319251477
7	11	0.000239841663880022	0.000247577623772549	0.000213487852222963	0.000219210895555605	0.000211800254481332	0.000198245828181873	0.000191037885009679	0.000184579660413649	0.000182636785750224	0.000179760751243125	0.000179285834729633	0.000166045828554247	0.000162568648398909	0.000155831211040749	0.000152972078618264	0.000142050594910236	0.000154599382638853	0.000152972078618264	0.000143182436152612	0.000145860826967273	0.000145473245599822	0.000184092012647498	0.000158743782223321
7	12	0.000255354532593731	0.000263270212770449	0.000228312843055534	0.000234195638733786	0.000226576990383105	0.000212615367266044	0.000205176116495947	0.000198501505943878	0.000196491795638264	0.00019351531658695	0.000193023638877667	0.000179295736034513	0.000175683588004423	0.000168676140262723	0.000165698940658519	0.00015430643608225	0.000167393702862656	0.000165698940658519	0.000155488609254351	0.000158287252595447	0.00015788019559659	0.000197997159479457	0.000171706832770673
7	13	0.000274786301537872	0.000282955513202586	0.000246799218322568	0.000252898554929259	0.000244998265348799	0.000230492389169071	0.00022274758003814	0.000215789175763587	0.000213692179714404	0.000210584832783333	0.000210071352442988	0.000195712869455873	0.000191927554685225	0.000184575146316083	0.000181447681734552	0.000169458841711257	0.000183228257290659	0.000181447681734552	0.000170704513408063	0.000173654929737041	0.000173223394463492	0.000215263005393435	0.000187756516434545
7	14	0.000297860950595352	0.000306324245495567	0.000268780835601361	0.000275130117840369	0.000266904778647419	0.000251771613665148	0.000243675011497415	0.000236390059787493	0.000234192658549738	0.000230934796583784	0.000230396242858192	0.000215312811966937	0.000211328468303374	0.000203579606343595	0.000200279448188392	0.00018760519045764	0.000202158645897114	0.000200279448188392	0.000188923855578352	0.000192049037490811	0.000191589057413047	0.000235838784062593	0.000206934143737146
7	15	0.000324850369509287	0.000333651988435318	0.00029451815640838	0.000301153119976608	0.000292556320480831	0.000276707704256491	0.000268210539763707	0.00026055412819081	0.000258242573520095	0.000254813635951408	0.000254246589246179	0.00023833991716785	0.000234129721859897	0.000225931132589079	0.000222435127881149	0.000208983766340867	0.000224426166584707	0.000222435127881149	0.000210385178077275	0.000213708826524488	0.000213216257498557	0.000259974306944695	0.000229482083874172
7	16	0.000355107054494889	0.000364300728964323	0.000323337879430258	0.000330298957231658	0.000321278305573957	0.000304617506251506	0.000295667776170096	0.000287592921687989	0.000285153000727054	0.000281531877112551	0.000280932843060131	0.000264104453939109	0.000259642171005047	0.000250942514165875	0.000247228658893745	0.000232914800081011	0.000249344078985558	0.000247228658893745	0.000234407914383066	0.000237951729396084	0.000237422919443611	0.000286980991148923	0.000254712158766978
7	17	0.000386601214735134	0.000396197814119004	0.000353360003981589	0.000360654571807018	0.000351200540753039	0.000333710636359696	0.000324299573970366	0.000315798535905754	0.000313227938308501	0.000309411222339219	0.000308779639924215	0.00029101401808106	0.000286295596881833	0.000277087023630132	0.000273151979501641	0.00025796275717484	0.000275393681905276	0.000273151979501641	0.00025954891956303	0.000263316473805626	0.000262750563312784	0.00031515391545387	0.00028107875624509
7	18	0.000416999656921495	0.000427004728989998	0.000382278680476559	0.000389906882132842	0.000380019455623098	0.000361704386003554	0.000351836282585848	0.000342914266722729	0.000340214817748356	0.000336205436237182	0.000335541814852178	0.000316856239529957	0.000311887238871037	0.000302181790001081	0.000298031187775132	0.000281991105676436	0.000300395928939244	0.000298031187775132	0.000283667549618903	0.000287652216265135	0.000287050396254255	0.00034223740306708	0.000306390196576189
7	19	0.000445397730423964	0.000455807625298493	0.000409221254282548	0.000417176181248088	0.000406864488151492	0.00038774524448932	0.000377433660517342	0.000368104316593784	0.000365280409811808	0.000361085116826811	0.000360390600859049	0.000340820431208237	0.000335611291341211	0.000325430646063251	0.0003210742840907	0.000304224244173847	0.000323556442520245	0.0003210742840907	0.000305986465787664	0.000310177305725373	0.000309541591196055	0.000367396299802832	0.000329846115508983
7	20	0.000472798500859913	0.000483635588397442	0.000435099085228254	0.000443394161718212	0.000432640956589401	0.000412689224902111	0.000401920917969745	0.000392173522876087	0.000389222151885216	0.000384836688856921	0.000384110597420412	0.000363639514195845	0.000358186842656693	0.000347525557388254	0.00034296159358019	0.000325297292113476	0.000345562182712573	0.00034296159358019	0.000327145528110801	0.000331542787411443	0.000330873563040795	0.000391433588652477	0.000352150256176653
7	21	0.000500011360443673	0.000511302546828341	0.000460702140134498	0.000469355559624742	0.000458137359765706	0.000437311971686354	0.000426066055009273	0.000415882529832611	0.000412798378237864	0.000408214982457263	0.000407456046186195	0.00038605015380179	0.000380345550808056	0.000369187987281048	0.000364410049862877	0.000345908697887388	0.000367132676442041	0.000364410049862877	0.000347845190991093	0.000352453970179111	0.000351750760970652	0.000415109338377232	0.000374028570298539
7	22	0.000525578966366971	0.000537287940592762	0.000484787279830541	0.000493770886580962	0.000482124206260636	0.000460493259456874	0.000448806675854747	0.000438220576063601	0.000435013825614051	0.000430247644827096	0.000429458373849357	0.000407188693605214	0.000401251158633441	0.000389634565645665	0.000384658640955809	0.000365382341331045	0.000387494192832964	0.000384658640955809	0.000367400576556478	0.000372205394374798	0.000371470552511381	0.000437416679083122	0.000394674858645194
7	23	0.000547873143759706	0.000559925150203658	0.000505859776892654	0.000515116091992132	0.000503115453795766	0.000480817465248227	0.00046876510786191	0.00045784430661733	0.000454535523392373	0.000449617129803337	0.00044880258738114	0.00042581204436153	0.000419679703361948	0.000407678694600717	0.000402536751344346	0.000382609389581327	0.000405467010436829	0.000402536751344346	0.000384696393224312	0.000389666408799841	0.000388904614283388	0.0004570148595483	0.000412886320258418
7	24	0.00056740090947892	0.000579742427219768	0.000524354282191486	0.000533841542186872	0.000521541119451451	0.000498677399860376	0.000486314389470923	0.000475109055865175	0.000471713482545657	0.000466665570705346	0.000465829519585149	0.000442224825105832	0.000435926309613121	0.000423597126237189	0.000418313347220514	0.000397829138434761	0.000421324526026248	0.000418313347220514	0.000399975005879158	0.000405086584707328	0.000404301527257099	0.000474257877883968	0.000428947645464002
7	25	0.000586052408197217	0.000598683048692973	0.000541977507950431	0.000551694116660698	0.000539096034240483	0.00051567183861794	0.000503001743389403	0.000491515564310518	0.000488034404550941	0.000482858839018034	0.000482001596741969	0.000457792759055399	0.000451331086900988	0.000438680071672815	0.000433257354468147	0.000412228576455552	0.000436347788367584	0.000433257354468147	0.000414431942331207	0.000419681663063506	0.000418874068068881	0.00049064295333807	0.000444170660459069
7	26	0.000606654214736861	0.000619650886999742	0.000561288846149741	0.000571291758772474	0.00055832226600206	0.000534202701872644	0.000521153806677025	0.000509322548087728	0.000505736483298433	0.000500404672296457	0.000499521518219008	0.000474577030792271	0.000467917703810123	0.000454878072261954	0.000449288103122164	0.000427606784374021	0.000452473905017149	0.000449288103122164	0.000429878823077799	0.000435292963798388	0.000434459181266471	0.000508423655031801	0.000460537590884062
7	27	0.000630202492232819	0.000643654120170723	0.000583240731899379	0.000593596790381414	0.000580169290423795	0.000555194931399208	0.000541681889597824	0.000529428734480621	0.000525714589510537	0.000520192170157508	0.000519277423406065	0.000493438143172366	0.000486539113594986	0.000473029083152586	0.000467237030123709	0.000444769400864573	0.000470538034318564	0.000467237030123709	0.000447124029431501	0.000452735491118423	0.000451870749076645	0.000528497745429325	0.000478892936736912
7	28	0.000656492920355425	0.000670490725552668	0.000607621843436277	0.000618399293229296	0.00060442538524308	0.000578433822672976	0.00056436988323931	0.000551616872514807	0.000547751151215935	0.000542003305336446	0.000541051212178553	0.000514156245076343	0.000506975100456496	0.000492912304340254	0.000486883138755619	0.000463494981603578	0.000490319287662601	0.000486883138755619	0.000465946139955998	0.000471787804194078	0.000470887413513264	0.000550647891984746	0.000499016130217583
7	29	0.000686238769039125	0.000700902121338744	0.000635049326632427	0.000646337315808248	0.000631701529935909	0.000604480788277214	0.000589752816925367	0.000576398341274623	0.000572350430973504	0.000566331804687403	0.000565334871528052	0.000537174812031612	0.000529656399763652	0.000514933790280527	0.000508622012703912	0.000484139140505474	0.000512219208011511	0.000508622012703912	0.000486704908258805	0.000492819385963222	0.000491877308837716	0.000575383687648152	0.000521323894266895
7	30	0.000720798421764535	0.00073628375557384	0.000666753632513773	0.000678669320102166	0.000663219890346276	0.000634491014658193	0.000618949931353599	0.000604859971481211	0.000600589470698187	0.000594240186202264	0.000593188517231602	0.000563486529763782	0.000555557835791648	0.000540033566753243	0.000533378832541389	0.000507569903114697	0.00053717143103528	0.000533378832541389	0.000510274317134386	0.000516718336764606	0.000515726450607813	0.000603789507923929	0.000546771329170809
7	31	0.000761927512817695	0.000778435612995943	0.000704337007366453	0.000717031180217644	0.000700572761246512	0.000669976258854374	0.000653429693797031	0.000638431155427437	0.000633885852421031	0.000627128501283274	0.000626009300310004	0.000594407030674169	0.000585973411899864	0.000569463452463284	0.000562387401559923	0.000534951597577941	0.000566420022160797	0.000562387401559923	0.000537825944950447	0.00054467345424153	0.000543621055128966	0.000637291783242856	0.000576628535404434
7	32	0.000810438886152391	0.000828146205706441	0.000748690296596494	0.000762297494477405	0.000744655699923823	0.00071186853702647	0.000694142435989533	0.000678077948915434	0.000673210229059316	0.000665974090649574	0.0006647756521299	0.000630943499115892	0.000621917302684114	0.000604250445348385	0.000596679857965828	0.000567334209477832	0.000600994216641608	0.000596679857965828	0.000570408065911196	0.000577729372328542	0.000576605832119999	0.000676857729173058	0.000611917087244182
7	33	0.000866250779206944	0.000885306045330982	0.000799823946445675	0.000814459004055166	0.000795484926566374	0.000760229799378211	0.00074117392512015	0.000723907136469178	0.000718675645173638	0.000710899210234218	0.000709611343216838	0.000673261147398507	0.00066356533758436	0.000644590602757263	0.000636460698952751	0.00060495361713933	0.000641093718909507	0.000636460698952751	0.000608253372650918	0.000616111453537403	0.000614906977987664	0.000722595704255886	0.000652824354821345
7	34	0.000929740378188156	0.000950291132253151	0.000858117484682232	0.000873894966301212	0.000853440021742109	0.00081543958150572	0.000794903312806405	0.000776297297415194	0.000770660463860241	0.000762281864424805	0.000760894314222464	0.000721735599629118	0.000711292350323155	0.000690856995161981	0.00068210215031207	0.00064817825288876	0.000687091242745234	0.00068210215031207	0.000651730734233954	0.000660189693600741	0.000658894214065694	0.000774884235498893	0.000699724209263786
7	35	0.00100072752048342	0.00102292938872694	0.000923364548532118	0.00094040451809347	0.00091831302266446	0.000877277450582165	0.000855103829774981	0.000835016173895679	0.000828930812750444	0.000819885823166118	0.000818387949539231	0.000776119946363162	0.000764848882450968	0.000742795423647897	0.000733348084467139	0.000696745114324983	0.000738731752042895	0.000733348084467139	0.000700577822651349	0.000709703247902703	0.000708306605037683	0.000833490658184148	0.000752364467949983
7	36	0.0010780268215948	0.00110206650975076	0.000994281498049335	0.00101272428287274	0.000988814436301129	0.000944409037667654	0.000920418888925302	0.000898688320410253	0.000892105776121123	0.00088232225158289	0.000880702127432269	0.000834990694166514	0.000822803523745329	0.00079896022298851	0.000788747239345533	0.000749184232769835	0.000794567136239929	0.000788747239345533	0.000753326401725879	0.000763187453212604	0.000761679571243436	0.000897038144809257	0.000809305448026053
7	37	0.00116021572795819	0.00118621475263913	0.00106966712765986	0.0010896050981128	0.00106375718487427	0.00101576048476724	0.000989834634982606	0.000966353504240993	0.0009592412250315	0.000948670834025864	0.000946920461552185	0.000897540630649389	0.000884377604256494	0.000858627853784177	0.000847599396679573	0.000804884016528777	0.000853883909281484	0.000847599396679573	0.000809355731083897	0.000820000113627349	0.000818373829072536	0.00096457050584682	0.000869799806585667
7	38	0.00124483148271905	0.00127284015385639	0.00114730384440554	0.001168775776793	0.00114093951815536	0.00108925795302834	0.00106134574932527	0.00103606810807979	0.00102841216271178	0.00101703418830902	0.00101515013554703	0.000962004918156358	0.000947840124781722	0.000920133164601809	0.000908267463799556	0.00086231521252608	0.000915029000014815	0.000908267463799556	0.000867125331954569	0.000878574179683953	0.000876826215115014	0.00103414879503891	0.000932153880155929
7	39	0.00133157788271806	0.00136160159314844	0.00122704499220476	0.0012500576789479	0.00122022415509627	0.00116483847092003	0.00113492801043327	0.00110784213876562	0.00109963879773086	0.00108744754055659	0.00108542884555317	0.00102848892771598	0.0010133138267778	0.000983632035875827	0.0009709211673442	0.000921699151325311	0.000978164270688708	0.0009709211673442	0.000926851286486684	0.000939113595557812	0.000937242116365319	0.00110578558402924	0.000996509309450688
7	40	0.00142166140897473	0.00145368008072545	0.00131017629318924	0.00133472037726316	0.00130290145978988	0.00124382758907799	0.00121192406679917	0.0011830325382646	0.00117428217364475	0.0011612778317538	0.00115912448607693	0.00109838469692224	0.00108219626397092	0.00105053165640759	0.00103697134613011	0.00098445802759894	0.00104469851561512	0.00103697134613011	0.000989954811784446	0.00100303773790331	0.00100104062645947	0.00118083885305662	0.00106426929271775
7	41	0.00151428879523068	0.00154827972672971	0.00139591639630792	0.00142197951621238	0.00138819101426249	0.0013254532035099	0.00129156686423486	0.00126087717495801	0.00125158171650893	0.00123776686104628	0.00123547925597	0.00117094650683007	0.00115374520692262	0.00112009696059841	0.00110568614197594	0.00104987321793391	0.00111389803853442	0.00110568614197594	0.00105571583730291	0.00106962295293327	0.00106749880076797	0.00125854685806493	0.00113469560077844
7	42	0.00160982619995364	0.00164565752705552	0.00148499139569374	0.0015124847170495	0.00147684126948822	0.00141063993877283	0.00137487208682072	0.00134247163967725	0.00133265672956839	0.00131806874569453	0.00131565298771603	0.00124748947130493	0.00122931517506637	0.00119375705260109	0.00117852557077498	0.00111951843210753	0.00118720531724044	0.00117852557077498	0.00112569662925004	0.00114040539221767	0.00113815549706555	0.00134001115604538	0.00120918538890739
7	43	0.00170733744116579	0.00174484139796223	0.00157658912114095	0.001605396650399	0.00156804808853494	0.00149864859158343	0.00146113536373355	0.00142714295163366	0.00141684370894528	0.00140153403914192	0.00139899855932601	0.00132743165188245	0.00130834147018698	0.0012709807829454	0.00125497277719877	0.00119293172825105	0.00126409535657579	0.00125497277719877	0.0011994295320252	0.00121490400729625	0.00121253151140983	0.00142456114338125	0.00128719298136668
7	44	0.00180927199167519	0.00184839933276617	0.00167275910653518	0.0017028511564342	0.00166383561825606	0.00159130051291275	0.00155207106571485	0.00151651018437137	0.00150573316754573	0.00148971107161977	0.00148705734663207	0.00141212189953719	0.00139212284256504	0.00135297042218853	0.00133618933915809	0.00127112073247357	0.00134575287624469	0.00133618933915809	0.00127793801107556	0.00129417943606854	0.00129168245171976	0.0015138087202774	0.00136996225734774
7	45	0.00192152011582645	0.00196247052747268	0.00177854492540873	0.0018100754566103	0.00176919330734654	0.00169315098685377	0.00165200406724517	0.00161469209960602	0.00160338192844125	0.00158656504034911	0.00158377942411994	0.00150508962059468	0.00148407855261756	0.00144293226621976	0.00142529137512438	0.00135685833057684	0.00143534530496254	0.00142529137512438	0.00136403042467157	0.00138112335907507	0.00137848854420818	0.00161185709920995	0.0014607914993637
7	46	0.00204917379575735	0.00209249406578218	0.00189786583768035	0.00193124205263888	0.00188796590929214	0.00180744938806462	0.00176386955178369	0.00172434396695933	0.00171236136844732	0.00169454341719135	0.00169159183643047	0.00160819644279618	0.00158592314115486	0.00154229771201592	0.00152359091197973	0.00145100533812464	0.00153425255065671	0.00152359091197973	0.00145861397600716	0.00147675099363597	0.00147395115324446	0.00172134047916056	0.00156123419599472
7	47	0.00219937556895307	0.00224578820797861	0.00203725281984475	0.00207301651245776	0.00202664451407433	0.00194036303656566	0.0018936600864533	0.0018513001718361	0.00183845797945349	0.00181936153078714	0.00181619813013768	0.00172681378152649	0.00170293957779597	0.00165617683106917	0.00163612402207818	0.00155831153833895	0.0016475528497632	0.00163612402207818	0.00156646839326317	0.00158591310085499	0.00158291041578217	0.001848081238124	0.00167647541308408
7	48	0.00237503069867452	0.00242538860310295	0.00219916682741349	0.0022379562732843	0.00218766163006232	0.00209409605012464	0.00204345843558319	0.00199753483368646	0.00198361321574749	0.00196291249980474	0.00195948344455904	0.00186260462993404	0.00183673263041418	0.00178606174344483	0.00176433509791957	0.00168003951023355	0.00177671775344664	0.00176433509791957	0.00168887505676296	0.00170993512638946	0.00170668579606811	0.0019940452959202	0.00180805593855653
7	49	0.00257624112217131	0.00263140249679037	0.0023836930815875	0.00242614999803741	0.00237110148449491	0.00226872503147194	0.00221333741811574	0.00216311754921488	0.00214789573667514	0.00212526362380522	0.00212151485793995	0.00201563027676891	0.00198736219347692	0.00193200979899362	0.00190828047389084	0.00181624207899366	0.00192180416926898	0.00190828047389084	0.00182588712735234	0.00184887105514063	0.00184533115447966	0.00215930201257263	0.00195603419648096
7	50	0.00280135267782848	0.00286204054114251	0.00258963454181748	0.00263630188604299	0.00257579609787998	0.00246331430131579	0.00240248399277402	0.00234734456117046	0.00233063454268398	0.00230579228780147	0.00230167773242944	0.00218549692126539	0.00215449192236871	0.00209379526069658	0.00206778104398201	0.00196691638738174	0.00208260647406903	0.00206778104398201	0.00197748362994372	0.00200265786357516	0.00199878873735558	0.00234315585812671	0.00212013675552081
7	51	0.00304130229458973	0.00310788130526371	0.00280915172546544	0.00286030640511142	0.00279398447090147	0.00267073367742053	0.00260410370798371	0.00254372234657147	0.00252542665772448	0.00249822956247161	0.00249372527466349	0.00236657491634178	0.00233265422700775	0.00226626445988803	0.00223781630933863	0.00212755022345451	0.00225402837820516	0.00223781630933863	0.002139099713501	0.00216660698543967	0.00216238712452896	0.00253913603563951	0.00229507425641629
7	52	0.00329028190638404	0.00336257023665096	0.00303826865446041	0.00309379394996454	0.00302180620919356	0.00288804248259875	0.00281573824339419	0.00275022042351911	0.00273036946118655	0.00270086135042405	0.00269597443016228	0.00255803599812887	0.00252124170057385	0.00244923321923451	0.00241837971982398	0.00229880374786914	0.00243596238231947	0.00241837971982398	0.00231132736065523	0.00234115213230635	0.00233657963943508	0.0027452441932843	0.00248048034517857
7	53	0.00354276902964543	0.00362018714584962	0.0032728002796458	0.00333229152842425	0.00325516088280943	0.00311181481716359	0.00303431640284698	0.00296408281699326	0.00294280130234829	0.00291116518155784	0.00290592565918081	0.00275801352784225	0.00271855174432058	0.002641313961657	0.00260821619489116	0.00247992089590837	0.00262707808376709	0.00260821619489116	0.00249335934346306	0.00252536689761103	0.00252045509806451	0.00295874805332358	0.00267483173277947
7	54	0.00380150441225608	0.0038835063543851	0.00351536902016297	0.00357844781966717	0.00349666310257207	0.00334460143382322	0.00326235409046147	0.00318779363302347	0.00316519660920578	0.0031316010585969	0.00312603657084283	0.00296889698151037	0.00292695546185711	0.00284484157204208	0.00280964498906405	0.00267315966120741	0.00282970365289318	0.00280964498906405	0.00268746012506768	0.00272153155584398	0.0027162909694031	0.00318212929765587	0.0028804790646219
7	55	0.00408097575022804	0.00416763502212102	0.00377835920339059	0.00384510287681245	0.00375856293911971	0.00359757639938273	0.00351045505165193	0.00343144687653258	0.00340749628918282	0.00337188348459504	0.00336598430888405	0.00319932527689815	0.00315482025690394	0.00306765889965967	0.00303028700399239	0.00288529714145134	0.00305158626521664	0.00303028700399239	0.00290049393491665	0.00293671505492103	0.00293112806690376	0.0034254434935094	0.00310549169509781
7	56	0.00439812877524399	0.00449033332482461	0.00407595077013586	0.00414703591070831	0.00405486378967166	0.00388332827154559	0.00379045802670422	0.00370621121439195	0.00368066777914617	0.00364268233476832	0.00363638965017055	0.0034585551160174	0.0034110462507303	0.00331797738949384	0.00327806239590964	0.00312314674436121	0.00330081179345536	0.00327806239590964	0.00313938840815098	0.00317811258678805	0.00317212556522342	0.00369980878451156	0.0033583784039405
7	57	0.00477436014449798	0.00487392645300426	0.0044263721664101	0.00450316391758464	0.00440359102051053	0.00421825086022918	0.00411788906334454	0.00402683527286051	0.00399922586304652	0.00395816627969176	0.00395136411764646	0.0037591057747934	0.00370773496586272	0.0036070898085079	0.00356392105036269	0.00339635088765567	0.00358852525132402	0.00356392105036269	0.0034139212670886	0.00345581913728831	0.00344933518730509	0.00401991510222587	0.00365078145749538
7	58	0.00522728402546084	0.00533678120529574	0.00484466775085975	0.00492909000356849	0.00481962416638758	0.00461589900960596	0.00450559808398088	0.00440553720744858	0.00437519862103252	0.00433008202704495	0.00432260795632787	0.00411138241097915	0.00405495158856489	0.00394440293828933	0.00389699051422464	0.00371297178260803	0.0039240131007902	0.00389699051422464	0.00373226501362986	0.00377826586520181	0.00377115274929451	0.0043979328950061	0.00399239220182732
7	59	0.00576715532323271	0.00588954503548863	0.0053397544403243	0.0054340216948105	0.00531179445000058	0.00508441574352274	0.00496136226796714	0.00484976653379909	0.00481593702562245	0.00476563470626573	0.00475730221645415	0.0045218953021528	0.0044590304362524	0.0043359104579798	0.00428312004960821	0.00407830795498215	0.00431320678952379	0.00428312004960821	0.00409977517327002	0.00415094246602383	0.00414304919924297	0.00484128694341455	0.00438935151988988
7	60	0.00639818277028006	0.00653644810380346	0.00591576615724995	0.00602210945506633	0.00588423087795868	0.00562788985447791	0.00548924840533783	0.00536356989265625	0.00532548156681882	0.00526885562106926	0.00525947667515227	0.0049946304364899	0.00492394555691415	0.00478556267487908	0.00472624962648043	0.0044962582386732	0.00476005219128208	0.00472624962648043	0.00452035497489293	0.00457776386359968	0.00456893656337933	0.00535402234845252	0.00484562008466115
7	61	0.00710916862266477	0.00726534125857845	0.00656471291184702	0.00668467156275101	0.00652914686389337	0.00624015817486456	0.00608394848791053	0.00594240013395397	0.00589951293342727	0.00583576179031821	0.00582520377879326	0.00552719197350604	0.00544769870898935	0.00529212560464017	0.0052254669864906	0.00496712361547275	0.0052634541310268	0.0052254669864906	0.00499418089575489	0.00505861752337495	0.00504873842439254	0.00593164919322773	0.00535963455279567
7	62	0.00787630485502567	0.00805131814006771	0.00726651418747839	0.00740082016313987	0.00722669969846949	0.00690328327393902	0.00672853443575532	0.00657023096172423	0.00652227560431896	0.00645099805777791	0.00643919442842239	0.00610612562604484	0.00601731510978614	0.00584355040252704	0.00576911487291965	0.00548073439067754	0.00581153257839959	0.00576911487291965	0.00551092972855834	0.00558284707623342	0.00557182039178496	0.00655820916752156	0.00591894633042602
7	63	0.00867717533318568	0.00887069689712615	0.00800302229979302	0.00815148686214976	0.00795901247195045	0.00760155024545236	0.00740843103209264	0.00723350181128303	0.00718051298968247	0.00710175668320027	0.00708871487022157	0.00672074427750695	0.00662263966945619	0.00643070573142164	0.00634849340288758	0.00603002088176373	0.00639534230976113	0.00634849340288758	0.00606336423708938	0.00614278201715583	0.00613060508938428	0.00722021805882401	0.0065139827010499
7	64	0.00949673645813153	0.00970776781991436	0.00876145172793742	0.00892339740319919	0.00871344358793314	0.00832346999649887	0.00811275930669841	0.00792187855895027	0.00786405451757657	0.00777810888081052	0.00776387620681095	0.0073622664604022	0.00725518017114391	0.00704565773976855	0.00695590478993521	0.00660818168214212	0.00700705124695248	0.00695590478993521	0.00664459053797144	0.00673130689407007	0.00671801115647737	0.00790738280982648	0.00713656878365968
7	65	0.0103438508153423	0.0105719897972667	0.00954866072088028	0.00972384143612421	0.00949672453007813	0.00907476371752268	0.0088467093211812	0.00864007933210597	0.00857747711039428	0.00848442322776641	0.00846901269110887	0.00803407916195986	0.00791807811524024	0.0076910765250425	0.00759382087070126	0.00721694194915886	0.00764924393411117	0.00759382087070126	0.00725641034406622	0.0073504073034759	0.00733599585486989	0.00862438607215215	0.00778957775291811
7	66	0.0112457049602465	0.0114912305049995	0.0103894820724719	0.0105781675244751	0.0103335354871923	0.00987887701625172	0.00963306341505069	0.00941028797468776	0.00934278375520599	0.0092424342858635	0.00922581447839847	0.00875662484201764	0.00863144504278068	0.00838642836329393	0.00828143241279834	0.00787443028957179	0.00834126807268992	0.00828143241279834	0.00791706308318532	0.00801858699379611	0.00800302237211029	0.00939336633159109	0.00849275550253451
7	67	0.0122251801587203	0.0124904790370196	0.0112997257357609	0.0115037055858513	0.0112392400169699	0.010747620087504	0.0104817671635764	0.0102407955483772	0.0101677709312622	0.0100592091955994	0.0100412286009291	0.0095335417478676	0.00939806378111751	0.00913285618473685	0.0090191938184201	0.00857851517131677	0.00908396939014849	0.0090191938184201	0.00862468178538617	0.00873461502148509	0.00871776170906158	0.0102224903724657	0.00924795095552086
7	68	0.0133200119005665	0.0136090424583333	0.0123117684838995	0.0125339965368967	0.0122458715919092	0.011710269117101	0.0114206308398369	0.0111580993621263	0.0110785410791945	0.0109602659983547	0.0109406766142989	0.0103875637921568	0.0102399632916703	0.0099510244096123	0.00982719107762503	0.00934707733780532	0.00989776304577403	0.00982719107762503	0.00939737537834347	0.00951714638203324	0.00949878490003956	0.0111381563886828	0.0100764181767219
7	69	0.0145835254550223	0.014901434904771	0.0134747934118111	0.013719135762491	0.0134023428646879	0.0128135399811138	0.0124951833939302	0.0122066531669193	0.0121192222420211	0.0119892486320874	0.0119677222887828	0.0113599926866172	0.0111978421491232	0.010880451562006	0.0107444372312233	0.0102171715609511	0.010821950133114	0.0107444372312233	0.0102724036705245	0.0104039292339183	0.010383765226926	0.0121847364801664	0.0110181877045299
7	70	0.0160753586167999	0.0164282113419374	0.0148451786904112	0.0151162281724422	0.014764815579654	0.0141118192009076	0.0137588390636659	0.0134389822016258	0.0133420687772258	0.0131980074608889	0.0131741489270554	0.0125007002597251	0.0123210560846015	0.0119694754878701	0.0118188307442325	0.0112349744052907	0.0119046797515305	0.0118188307442325	0.0112961250161883	0.0114417534806297	0.0114194265557701	0.013414688048702	0.0121220403739717
7	71	0.018011890613104	0.0184101087908669	0.0166240474261937	0.0169297669946139	0.0165334126667264	0.0157970857775194	0.0153991617208402	0.0150386414374933	0.0149294194516027	0.014767072019476	0.0147401862731896	0.013981435314596	0.0137790852909367	0.0133831285520425	0.0132134948994264	0.0125561908598842	0.0133101633705715	0.0132134948994264	0.0126250228282957	0.0127889549346932	0.0127638208265727	0.0150112612569371	0.0135549399461509
7	72	0.0203239347428797	0.0207736567002675	0.0187566616316282	0.0191018974543873	0.0186543127732992	0.0178228372207041	0.017373506817154	0.0169664207919721	0.0168430930436444	0.0166597802472105	0.0166294226714507	0.015772711954118	0.0155442438212093	0.01509718771924	0.0149056657873306	0.0141635681344191	0.0150148073917921	0.0149056657873306	0.0142412780477266	0.0144263555638211	0.0143979793045849	0.0169355044535257	0.0152911705040174
7	73	0.0230364834393677	0.0235416996527263	0.021275031163652	0.0216631478512633	0.0211599578005638	0.0202249007957611	0.0197194363719778	0.0192613947126627	0.019122610867921	0.0189163078044267	0.0188821409984756	0.0179177014331796	0.0176604273484797	0.0171569084657338	0.0169411576162636	0.0161049461934357	0.01706410939333	0.0169411576162636	0.0161925290864784	0.0164011036777266	0.0163691263585676	0.0192266046076222	0.0173754069685876
7	74	0.026161309575075	0.0267242591583234	0.0241967348861167	0.0246298591557495	0.0240682889892409	0.0230240813911592	0.0224592414821109	0.0219471622250185	0.0217919607943078	0.0215612140736664	0.021522994530928	0.0204436164700353	0.0201555008733543	0.0195913938512763	0.0193495879831253	0.0184118431972609	0.0194873949371204	0.0193495879831253	0.0185101021849964	0.0187440616560365	0.0187081961032392	0.0219082585481764	0.0198362214932203
7	75	0.0297010160419381	0.0303228637870365	0.0275280410869411	0.0280075034663063	0.0273858093635446	0.0262287657368411	0.0256023085597261	0.0250340035600386	0.0248616915161255	0.0246054447302103	0.0245629944456031	0.0233632871812808	0.0230427694655424	0.0224148651253881	0.0221455650842077	0.021100333179145	0.0222990521299622	0.0221455650842077	0.021209920473516	0.0214707907334433	0.021430805485368	0.0249908139088198	0.022687439976306
7	76	0.0337061166937075	0.0343876111428102	0.0313208351829392	0.0318476755393251	0.0311644891580246	0.0298915886921289	0.0292016122216161	0.0285751883635486	0.0283851595397334	0.0281024831451518	0.028055644859736	0.0267307705710485	0.0263764263223891	0.025681767166721	0.0253836353461876	0.0242253178386675	0.0255535700038469	0.0253836353461876	0.0243468514254099	0.024636073993648	0.0245917507869646	0.0285275622224183	0.0259834005575063
7	77	0.0381361669419398	0.0388813329812426	0.0355240102354489	0.0361015133644399	0.035352567498857	0.0339556780361474	0.0331976710475182	0.0325089669971637	0.0322999463594691	0.0319889325606123	0.0319373888638752	0.0304782119283557	0.030087544635126	0.0293211684891451	0.0289920469080439	0.0277120911713976	0.0291796613413729	0.0289920469080439	0.0278464813185138	0.0281662100808253	0.0281172199536107	0.0324565853700817	0.0296540263023064
7	78	0.0429768790498495	0.0437919887902126	0.0401158156372922	0.0407488592841919	0.0399278272666518	0.0383951267524848	0.0375626605066409	0.036805825898711	0.0365760359754348	0.0362340382545077	0.0361773503414675	0.0345714226539557	0.0341410904740568	0.033296429280721	0.0329334919732023	0.0315208747130038	0.0331403975164608	0.0329334919732023	0.0316692814329308	0.0320222736476261	0.0319681943500444	0.0367482434276857	0.033663366270062
7	79	0.0482218215771299	0.049114445221397	0.0450854385270391	0.0457798456454635	0.0448791776523555	0.0431966259670633	0.0422821039722784	0.0414502501905069	0.0411976027840346	0.0408215161179705	0.0407591696439735	0.0389919588053034	0.038518080135361	0.0375875302879482	0.0371875162624313	0.0356295798180811	0.0374155715108423	0.0371875162624313	0.0357933303296171	0.0361827452569958	0.0361230925616737	0.0413869434544659	0.0379918471343224
7	80	0.053881606440245	0.0548600686298926	0.0504408691318324	0.051203038901923	0.0502144382248995	0.0483666121792993	0.0473616934087858	0.0464472593600843	0.0461694629680159	0.0457558805328311	0.0456873112196255	0.0437428816333652	0.04322120280581	0.0421964356210301	0.0417557745454483	0.0400386707930739	0.0420070142777533	0.0417557745454483	0.0402192163266006	0.0406485092136903	0.0405827534552905	0.0463776539533581	0.0426417471236642
7	81	0.0599468304051441	0.0610120005803479	0.0561978556223545	0.0570287620819759	0.0559509524826933	0.0539351614992402	0.0528382107930589	0.0518396001144717	0.0515361489485137	0.0510842995077815	0.0510093773693979	0.0488837868443081	0.0483131641550843	0.047191823738174	0.0467094572436044	0.0448287944811462	0.0469844882568064	0.0467094572436044	0.0450266172100451	0.0454969150901979	0.0454248854059577	0.0517635702240562	0.0476791716101523
7	82	0.0666448822064785	0.0678038370751346	0.0625623075944465	0.0634676349298795	0.0622932360459507	0.0600955069271644	0.0588988241741059	0.0578089661157237	0.0574776998275431	0.0569843562603934	0.0569025450030224	0.0545804333026655	0.053956694308366	0.0527305189167901	0.0522028671066886	0.0501445340246101	0.0525037324870136	0.0522028671066886	0.0503611300513224	0.050875978482392	0.0507971328628954	0.0577259709831011	0.0532635040820909
7	83	0.0741525852952586	0.0754134260293593	0.0697071925633542	0.0706935140868145	0.069413988335479	0.0670180909283477	0.065712695577255	0.064523320748929	0.0641617084152617	0.0636230862529943	0.063533756522057	0.0609970451088297	0.0603152613747428	0.058974470282584	0.0583972859902798	0.0561444878002841	0.058726410313624	0.0583972859902798	0.0563816417456153	0.0569452662408899	0.056858959077699	0.0644327270474735	0.0595573593212927
7	84	0.0826292833527713	0.0840007225664925	0.0777894776314407	0.0788639244762457	0.0774700071791839	0.0748582675167867	0.0734343457778579	0.072136396107486	0.0717416613387152	0.0711536055133324	0.0710560659113876	0.0682848441220014	0.0675395711242509	0.0660733384805991	0.0654419120836456	0.062975974524189	0.0658019845652724	0.0654419120836456	0.0632356745525629	0.0638527789412758	0.0637582918749651	0.0720375092652621	0.0667108572926744
7	85	0.0921532663210354	0.0936440302952213	0.0868873195977776	0.0880570643498182	0.0865394356872402	0.0836940436783787	0.0821416887111082	0.0807260092071298	0.0802953437892802	0.0796536497511288	0.0795472004314305	0.0765212879210411	0.0757069985314247	0.0741043229453729	0.0734138637682503	0.0707157632352102	0.0738076202530433	0.0734138637682503	0.0710000368274233	0.0716754159433263	0.0715720168996866	0.080618126783802	0.0748012759078762
7	86	0.102798336731611	0.10441396580077	0.0970853220325862	0.0983552005618071	0.0967075652986738	0.0936162127305167	0.0919284237836276	0.0903884491626112	0.0899198210507954	0.0892214305380186	0.0891055606205389	0.0858100043180456	0.084922529501827	0.083175020596536	0.0824218370685209	0.0794766919561414	0.0828513885225434	0.0824218370685209	0.0797871418726789	0.0805245703515046	0.0804116844583495	0.0902710636636068	0.0839350868324238
7	87	0.114505571823085	0.116252367874925	0.1083222315939	0.10969754835099	0.107913008807564	0.104562388216283	0.102731692171383	0.10106047189528	0.100551740542816	0.0997934412043816	0.0996676151276438	0.0960868662519686	0.09512191199811	0.0932209778891415	0.0924013099715689	0.0891940786556351	0.092868805045622	0.0924013099715689	0.0895323163694705	0.0903355972823347	0.0902126446100055	0.100933048263643	0.0940479168669979
7	88	0.12725351015693	0.129136655647744	0.120580561518851	0.122065735457118	0.120138543065054	0.116517507410962	0.114537612780178	0.112729275533624	0.112178628989405	0.111357698313568	0.111221461800252	0.107342284842379	0.106296180414011	0.10423445664143	0.103345073317929	0.0998627821477323	0.103852358956889	0.103345073317929	0.10023020122433	0.101102619943346	0.100969099819366	0.112591361014198	0.10513149396014
7	89	0.141109418881594	0.143132790328211	0.133932048171011	0.135530525555039	0.133456191420034	0.129555900314433	0.12742174251058	0.125471515659845	0.124877472289903	0.123991676492243	0.123844655936695	0.119656059340959	0.118525721151468	0.116296977327801	0.115335127141292	0.111566622318733	0.115883777481047	0.115335127141292	0.111964428743817	0.11290882100381	0.112764301955265	0.125322740415734	0.11726684897147
7	90	0.156181926480299	0.158349619413709	0.148484526345883	0.15019993277606	0.147973734960092	0.143784901739609	0.14149116695883	0.139394046666958	0.138755053712988	0.137802052319415	0.137643856333098	0.133134332327816	0.131916534089298	0.129514253828049	0.12847705989773	0.12441068364361	0.129068720769349	0.12847705989773	0.124840137597196	0.125859466825024	0.125703497925302	0.139234023080023	0.130559821013874
7	91	0.172683937155366	0.174999243626433	0.164453492004976	0.16628891174139	0.163906826715528	0.159421379849348	0.156963363272759	0.154714866524867	0.15402952297533	0.153007195721307	0.152837468757961	0.147996444304811	0.14668818271362	0.144106251682564	0.142990994933408	0.138615613693538	0.143627223327332	0.142990994933408	0.139077927229222	0.140175035709168	0.140007185194961	0.154543245286035	0.145230206864912
7	92	0.190929858708945	0.193393646915855	0.182161486029627	0.184118256550829	0.181578520224473	0.176792460101457	0.174167584400049	0.171765108136907	0.171032573213443	0.169939624306733	0.169758146390532	0.164578755428142	0.163177974920757	0.160412079853904	0.159216790246527	0.154524036066345	0.159898718004883	0.159216790246527	0.155020142263211	0.156197197606826	0.156017138082731	0.171581680793061	0.161616342869445
7	93	0.210972168528664	0.213586110368049	0.201658447990818	0.203738429317266	0.201038604264192	0.195946778256462	0.193151898244563	0.190592359841931	0.189811654195571	0.188646587751888	0.188453106454931	0.182927649581114	0.181432100085033	0.17847758232441	0.177200156461128	0.172181230744571	0.177928990332111	0.177200156461128	0.172712101201568	0.173971369041781	0.173778757513383	0.190396882905869	0.179764217078185
7	94	0.23271521393228	0.235480839681654	0.222849593430904	0.225054402035988	0.222192372523081	0.216790367338736	0.213822817984145	0.211103621158545	0.210273922698578	0.209035485293242	0.208829789356214	0.202951852108995	0.201359667856247	0.19821267404921	0.196851375758866	0.191499034864212	0.197628111557644	0.196851375758866	0.192065468212538	0.193408811946481	0.193203366209972	0.210895890126164	0.19958338620841
7	95	0.25433472375238	0.257207118130052	0.244074343113107	0.246369287429315	0.243390037535243	0.237761593095039	0.234666712082312	0.231828976971705	0.230962750811786	0.229669476497499	0.229454635928636	0.223310922537227	0.221645243151567	0.21835106468656	0.21692530018883	0.211314734263628	0.217738878868125	0.21692530018883	0.211908858217122	0.213317526962181	0.213102122065159	0.231612116333317	0.219786200172373
7	96	0.278349684117923	0.281304100812539	0.267779825528611	0.270146262255508	0.267073945074846	0.261263505529603	0.258065053494059	0.255130133384639	0.254233813900348	0.252895235471416	0.252672825275136	0.246307321280956	0.244579714704713	0.241160769005256	0.239680048516155	0.233847525881465	0.240525057660237	0.239680048516155	0.234465588409559	0.235930601557877	0.235706618428914	0.254905757694297	0.24265063724437
7	97	0.303807947311938	0.306818676340997	0.293019172677913	0.295437025744905	0.29229768274961	0.286353938477304	0.283078393438784	0.280070374490175	0.279151276566268	0.277778281912316	0.277550106912684	0.271013942107767	0.269238105306855	0.265721264322157	0.264197127194869	0.258187500890253	0.265066988992006	0.264197127194869	0.258824795307895	0.260334952079267	0.260104107203056	0.279840316700356	0.267254194103656
7	98	0.330616518825102	0.333654471105535	0.319712106012098	0.322158366712378	0.31898185642591	0.312960947154778	0.309639017364734	0.306585948981665	0.305652613494633	0.304257935073768	0.30402610816394	0.297379421969399	0.295571561625951	0.29198874573	0.290434951551694	0.284302019896083	0.291321818651759	0.290434951551694	0.284952876451712	0.286494707652063	0.28625906301889	0.306352348260186	0.293550852531618
7	99	0.358616665950319	0.361651156253949	0.347706418583696	0.350156505016812	0.346974741119149	0.340936997864591	0.337601871195143	0.334534187373303	0.33359590447107	0.332193412142361	0.331960237343981	0.325268900922151	0.323446867396547	0.319833362204086	0.318265174736278	0.312068939197097	0.319160337919725	0.318265174736278	0.312727009607235	0.314285457857782	0.314047316440311	0.334299369526709	0.321409276599404
7	100	0.433104723785257	0.436002357019247	0.422643855867776	0.424998917272208	0.42193988553052	0.416118880341087	0.41289426621575	0.409922360606151	0.409012238796577	0.407650843453888	0.407424385190648	0.400911536809132	0.399133281649008	0.395600398855982	0.394064612245589	0.387980856584319	0.394941473043303	0.394064612245589	0.388628169208285	0.390160008900844	0.389926036214067	0.409694640469331	0.397142170882063
