reg_code	age	2000	2001	2002	2003	2004	2005	2006	2007	2008	2009	2010	2011	2012	2013	2014	2015	2016	2017	2018	2019	2020	2021	2022
1	0	0.0172090363500104	0.017114987767792	0.0155691011000453	0.0156169185002835	0.0152852557074457	0.014598076411178	0.0150989062376809	0.015029612398258	0.0150989062376809	0.014598076411178	0.0148919772965085	0.0132335959531714	0.0123702409611439	0.0116700808075366	0.0115987250397479	0.0112331283868161	0.0115278055710459	0.0107909963482462	0.0104550004462692	0.00955993043990717	0.0105182120957213	0.0133969239154845	0.0103666316197457
1	1	0.00104621264904529	0.00103971210452869	0.000933582752925632	0.000936844603952514	0.000914248762992356	0.000867647430700817	0.000901582394229903	0.000896877879481899	0.000901582394229903	0.000867647430700817	0.000887542367269366	0.000776017674695319	0.000718699492730327	0.000672616137854718	0.000667940540203105	0.000643872187785122	0.000663297444319097	0.000615182068933839	0.000593129946349624	0.000535720150170553	0.000597202374082418	0.000786919979461673	0.000587593513866127
1	2	0.000849860234430938	0.000844723055205428	0.000760724322642713	0.000763309727700722	0.000745394755113575	0.000708408736524654	0.00073534704716715	0.000731614173471448	0.00073534704716715	0.000708408736524654	0.000724205177926305	0.000635524167779291	0.000589814142790446	0.000552991910524277	0.000549252178801166	0.000530018495121961	0.000545537737851923	0.000507021528802551	0.000489383964560093	0.000443243531407462	0.000492653575563468	0.00064420790596161	0.000484913204686257
1	3	0.000696606977631503	0.00069251102011771	0.000625437523886464	0.000627504900008417	0.000613175518954224	0.000583561982879911	0.000605134698819834	0.000602146650341163	0.000605134698819834	0.000583561982879911	0.000596214743899011	0.000525079404242655	0.000488309140383024	0.000458631929639299	0.000455614892514877	0.000440112925958539	0.000452617702488797	0.000421520589906243	0.000407294393536969	0.000369894830370586	0.000409941966316457	0.000532056477370376	0.000403652699129938
1	4	0.000575165480749351	0.000571870472892974	0.00051783917213694	0.000519506707459572	0.00050794576388251	0.000484031304653226	0.000501455391224143	0.000499042939586709	0.000501455391224143	0.000484031304653226	0.000494252798665478	0.00043671001023658	0.000406888521312086	0.000382777593689739	0.000380324225002872	0.000367730546988488	0.000377886580898669	0.00035258200135465	0.000341017755121738	0.000310474043551975	0.000343178062363609	0.000442362378841403	0.000338029369070326
1	5	0.000479932876520387	0.00047725967626596	0.000433361681549647	0.000434718319373157	0.000425310301284276	0.000405830222978576	0.000420025990248318	0.000418061344444826	0.000420025990248318	0.000405830222978576	0.000414159578385155	0.000367203225927494	0.000342801672750967	0.000323036562386491	0.000321023489646064	0.000310701300868814	0.000319022961807144	0.00029824536450925	0.000288761782228435	0.000263585730608382	0.000290540814896081	0.000371822978286298	0.00028628538617886
1	6	0.000406961137912342	0.000404757808176195	0.000368524729148875	0.000369645979431197	0.000361868290525622	0.000345748465754985	0.000357497594762308	0.000355872228155842	0.000357497594762308	0.000345748465754985	0.0003526436305849	0.000313719146617666	0.000293437287720346	0.00027697950067348	0.000275301720617039	0.000266708894719434	0.000273634103572341	0.000256305999055735	0.000248407873890924	0.000227331567589804	0.000249895904981819	0.000317554615625237	0.000246323177562911
1	7	0.000355136714013031	0.000353266808141548	0.00032247533357507	0.0003234294017445	0.000316809736361057	0.000303077410954623	0.000313088079791176	0.000311703757699621	0.000313088079791176	0.000303077410954623	0.000308953448835483	0.000275738667263914	0.000258387644795643	0.000244283877463969	0.000242844801613627	0.000235483524713939	0.00024141420335634	0.000226542749639904	0.000219774514231868	0.000201619918663294	0.000221055232393214	0.000279016353924095	0.00021796865875617
1	8	0.000322532606987785	0.000320879017558298	0.000293615442948007	0.00029446119796393	0.00028859168229627	0.000276405130281625	0.000285290353475374	0.000284062114864691	0.000285290353475374	0.000276405130281625	0.000281621478401588	0.000252099693563057	0.00023664119118265	0.000224055655077472	0.000222770432720127	0.000216204266299792	0.000221492582622622	0.000208204237985482	0.000202165915448313	0.000185888117968773	0.000203313400838339	0.00025501694601818	0.000200537732375143
1	9	0.000306322772883729	0.000304794160292344	0.00027955992070686	0.000280343635735976	0.000274903425989589	0.000263598698380949	0.000271842265807556	0.000270703139338408	0.000271842265807556	0.000263598698380949	0.000268439186567276	0.000241011571373993	0.00022661593990585	0.000214877227923131	0.000213677506562876	0.000207556226032694	0.000212484483592005	0.000200074261051359	0.000194444583633453	0.000179190354200216	0.000195519169653481	0.000243725553408786	0.000192909914582169
1	10	0.000302770486793684	0.000301308992176569	0.000277147048099191	0.000277898504102367	0.000272680792012618	0.000261827506919167	0.000269743345618921	0.000268649979716427	0.000269743345618921	0.000261827506919167	0.000266476525352636	0.000240095938970575	0.000226211081362731	0.000214867530529758	0.000213707069503028	0.000207796224893218	0.00021255287591834	0.000200542487060943	0.000195106588703703	0.000180282783831645	0.000196150028283097	0.000242710531550985	0.00019360421245886
1	11	0.000316076835953569	0.000314604590455642	0.000290227558739238	0.000290986797340538	0.000285713547580447	0.000274733295655497	0.00028274327901049	0.00028163740655613	0.00028274327901049	0.000274733295655497	0.000279438620676607	0.000252698665663167	0.000238583804694553	0.000227029806419505	0.000225846626138816	0.000219831808845477	0.000224669612077438	0.000212418122532115	0.000206887893945377	0.000191700839876073	0.000207956074503489	0.000255353310211806	0.00020533606243764
1	12	0.000348467079702029	0.000346906058055472	0.000321017310037898	0.000321824855691751	0.00031621441195968	0.000304519200405017	0.0003130524680077	0.000311874907446726	0.0003130524680077	0.000304519200405017	0.000309533058000005	0.000280994913880549	0.000265884828282935	0.000253490711292471	0.000252220153794779	0.000245775811051919	0.000250955964642288	0.000237793866696622	0.000231871540733882	0.00021547996790211	0.000233023564386087	0.000283833064859317	0.000230181017456542
1	13	0.000403495569480623	0.000401760828933782	0.000372943938391557	0.000373844201452302	0.000367587704582719	0.000354531260682955	0.000364059687468824	0.00036274542837637	0.000364059687468824	0.000354531260682955	0.000360131126528995	0.000328206713431939	0.000311251423522429	0.000297314794736288	0.000295884577308549	0.00028864896486929	0.000294461239867703	0.000279639712320307	0.000272995246843703	0.000254448908287571	0.000274297791587672	0.000331387287776586	0.000271062958118567
1	14	0.00048641707785828	0.000484416915839336	0.000451134454667065	0.000452175881624519	0.000444936069738391	0.000429810140464055	0.000440851198473467	0.000439329058900342	0.000440851198473467	0.000429810140464055	0.000436300528212996	0.000399238072280716	0.00037949076653333	0.000363224110012032	0.000361552920600747	0.000353123253188789	0.000359889420310232	0.000342565732258176	0.000334833448968175	0.000313046581633009	0.000336362581971101	0.000402937361598677	0.00033253737802511
1	15	0.000601426771174543	0.000599066763736005	0.000559729462277672	0.000560962315367855	0.000552389035251902	0.00053445636621515	0.000547548975576743	0.000545744906757091	0.000547548975576743	0.00053445636621515	0.000542154581715122	0.000498121888134393	0.000474585202911462	0.000455155001948047	0.000453156569560225	0.000443109916549072	0.000451166911616255	0.000430447438109344	0.000421246001619946	0.000395053357213225	0.000423083319669562	0.00050252503702447	0.000418450744049364
1	16	0.000747091712381988	0.000744288548252354	0.000697491613571739	0.000698960396835727	0.000688743503448499	0.000667350251627555	0.000682972471411563	0.000680820822989604	0.000682972471411563	0.000667350251627555	0.000676537840562785	0.000623906193099061	0.000595690337881194	0.000572351140473033	0.000569948210332467	0.000557909391165777	0.000567555368532523	0.00054264107749804	0.000531634957960121	0.00049998658809967	0.000533854031675838	0.000629178122465374	0.000528214947792827
1	17	0.000915829438221047	0.000912532782251773	0.000857421097304237	0.000859153087786094	0.000847102231471204	0.000821845112662555	0.000840292071976134	0.000837752400943291	0.000840292071976134	0.000821845112662555	0.000832696063132267	0.00077045184429518	0.000736995643474302	0.00070927313751507	0.000706416333289771	0.000692151890841419	0.000703571035675888	0.000673952870568481	0.000660937851332456	0.000623148489179001	0.000663586733062178	0.000776695982634581	0.000656804843625883
1	18	0.00109007127113012	0.00108627683891749	0.00102277516572171	0.00102477283707722	0.0010108706510293	0.000981712048940367	0.00100301138656823	0.0010000799413159	0.00100301138656823	0.000981712048940367	0.000994242728484294	0.000922287507913819	0.000883533136659388	0.000851376486289753	0.000848060409527587	0.000831550441111936	0.000844757248749442	0.000810382034100869	0.000795345665917336	0.000751333189799474	0.000798430247502505	0.000929514246843115	0.000790483519616819
1	19	0.00124924129148924	0.00124500385084668	0.00117403093349207	0.00117626532154289	0.0011607134550352	0.0011280769260406	0.00115191916736126	0.00114863851498677	0.00115191916736126	0.0011280769260406	0.00114210521340757	0.00106148681431337	0.00101800058251534	0.000981880668876768	0.00097815392684387	0.000959642336976908	0.00097444132971332	0.000935814751137857	0.000918981531998926	0.000869393773529928	0.000922456553602061	0.00106959069926612	0.000913459887701831
1	20	0.00137803598965682	0.00137345070660003	0.00129660668668266	0.0012990272344777	0.00128217782340107	0.00124680424209811	0.00127264789574641	0.00126909246267437	0.00127264789574641	0.00124680424209811	0.00126201136752766	0.00117456834694849	0.0011273488028127	0.00108809877382472	0.00108404752505731	0.00106395980503204	0.00108001136004606	0.00103802706134302	0.00101978314414278	0.000965778797727609	0.00102356752076783	0.00118336382872258	0.00101373352454468
1	21	0.00146817728389402	0.00146336345996319	0.00138265370987266	0.00138519707329042	0.00136749129719305	0.00133030872915215	0.00135747550924289	0.00135373853023647	0.00135747550924289	0.00133030872915215	0.0013462954063653	0.00125433025033638	0.00120462749556521	0.00116329021033021	0.00115902229262791	0.00113788972720641	0.00115477003320362	0.00111054559411551	0.00109137178347244	0.00103440079881561	0.00109536398124561	0.00126358500721509	0.00108496005928975
1	22	0.00152348736624899	0.00151855851254168	0.00143588745262051	0.0014384935820482	0.00142034952962613	0.00138223635066164	0.00141008443694003	0.00140625418252077	0.00141008443694003	0.00138223635066164	0.00139862485812393	0.00130431176105549	0.00125330217056609	0.00121085672351581	0.00120647326178526	0.00118479657193988	0.00120210566876681	0.00115668938199451	0.00113704032301455	0.00107845485011656	0.00114114563461437	0.00131380685281599	0.00113041866267654
1	23	0.00155137063914067	0.00154641397309185	0.00146324603005491	0.00146586871602639	0.00144760816187086	0.00140924075529397	0.0014372758734964	0.00143342030650569	0.0014372758734964	0.00140924075529397	0.00142574017305389	0.00133075496000649	0.00127934657752596	0.00123654946950288	0.00123212863740199	0.0012102940065486	0.00122772361037559	0.00118192571042348	0.00116215148930475	0.00110299928702279	0.00116629653180333	0.00134032149086955	0.00115543870699368
1	24	0.00156261074591808	0.00155767350349422	0.00147480480625904	0.00147741883891301	0.0014592174509143	0.00142096601491608	0.00144891751314289	0.00144507380772739	0.00144891751314289	0.00142096601491608	0.00143741695972744	0.00134268107367444	0.00129137663898081	0.0012486486416583	0.00124423402246899	0.00122245433304548	0.00123983501124332	0.00119410680256637	0.00117439884717134	0.00111527058500283	0.00117854225824572	0.00135222580716013	0.00116766436062134
1	25	0.00156841642980243	0.00156350560948937	0.0014810590090551	0.00148366035521301	0.00146554643408538	0.00142747212152364	0.00145529508859078	0.00145146934803434	0.00145529508859078	0.00142747212152364	0.00144384801228256	0.00134952048045405	0.00129841230609465	0.00125583376550455	0.00125143384420302	0.00122974660133101	0.00124704933840312	0.001201477955511	0.00118186739221794	0.00112288841127686	0.00118600040083345	0.0013590267316643	0.00117512985396948
1	26	0.00157473613669559	0.00156983458122569	0.00148752972727237	0.00149012700648669	0.00147204084406282	0.00143402055767015	0.00146180462471611	0.00145798442027144	0.00146180462471611	0.00143402055767015	0.00145037393586459	0.00135616067470752	0.00130509834300609	0.00126254895393096	0.00125815156452958	0.00123648989782198	0.00125376949099654	0.00120822743639673	0.00118864910979806	0.00112967331755566	0.00119278194310553	0.00136565712717523	0.00118189876865675
1	27	0.00158689907791892	0.00158197756711748	0.00149932915769322	0.00150193752740245	0.00148377379199489	0.00144558777971855	0.00147349331030503	0.00146965652008105	0.00147349331030503	0.00144558777971855	0.00146201288516854	0.00136737693343831	0.00131607563509383	0.00127332156406272	0.00126890272593914	0.00124714353670998	0.00126449922261466	0.00121873699756001	0.00119907621854233	0.00113979386411242	0.00120323056844661	0.00137691704700994	0.00119228261329304
1	28	0.00160743862181022	0.00160245867978214	0.00151882652581266	0.00152146601553204	0.00150308547050162	0.00146444287440837	0.00149268217149545	0.00148879952482206	0.00149268217149545	0.00146444287440837	0.00148106450290525	0.00138529346864055	0.00133337394881324	0.00129010302369088	0.00128563067939344	0.00126361042030088	0.00128117383917834	0.00123485808167656	0.00121496309685159	0.00115495735414469	0.00121916815039592	0.00139494831844098	0.00120808417718869
1	29	0.00163786885746841	0.00163278391578785	0.00154739350055538	0.00155008833293287	0.00153132260614324	0.00149187180921058	0.0015207015110431	0.00151673762012759	0.0015207015110431	0.00149187180921058	0.00150884080843561	0.00141107395727251	0.00135807838356089	0.00131391398117325	0.00130934946696208	0.00128687049854709	0.00130480080979351	0.00125752934559014	0.00123721648947839	0.00117598543043555	0.0012415073889981	0.00142092937635685	0.00123020202195633
1	30	0.00167826195764499	0.00167302369843669	0.00158507194797541	0.00158784722283154	0.00156852186705738	0.00152789873616931	0.0015575845932065	0.00155350280633232	0.0015575845932065	0.00152789873616931	0.0015453712945926	0.0014447180280424	0.001390173322362	0.00134472664155345	0.00134003006299254	0.00131688802306758	0.00133534988765403	0.00128670768233925	0.00126578678671979	0.00120281375237695	0.00127019970874495	0.0014548627590438	0.00125858551420701
1	31	0.00172527692423693	0.00171984669611821	0.00162869345428008	0.00163156911271873	0.00161154562751069	0.00156946178024487	0.0016002141619921	0.00159598543416481	0.0016002141619921	0.00156946178024487	0.00158756147350296	0.00148331972487541	0.00142685565565535	0.00137982396154469	0.00137496433818921	0.001350998527555	0.0013701218300164	0.00131978622663712	0.00129810650628919	0.00123299559293379	0.00130266917631997	0.00149382343538785	0.00129068123901625
1	32	0.00177661346879882	0.00177097505919448	0.00167634978710232	0.00167933431686454	0.00165855366604465	0.00161488552241174	0.00164679466710145	0.00164240656823346	0.00164679466710145	0.00161488552241174	0.00163366541732369	0.00152553131741949	0.00146698511055626	0.00141823383338418	0.00141319731410345	0.00138833837684262	0.00140817868081999	0.00135600613663794	0.00133350425950877	0.00126607327049646	0.00133822945902633	0.00153642443087664	0.00132583526922062
1	33	0.0018294689537928	0.00182362386286523	0.00172554897944715	0.00172864175458935	0.00170710818401368	0.00166186379850619	0.00169492393709519	0.00169037729817824	0.00169492393709519	0.00166186379850619	0.00168132057674811	0.00156931012880943	0.00150868720182976	0.00145821901826837	0.00145300578184328	0.00142725748695155	0.00144781118310819	0.00139380432850404	0.00137048578477688	0.00130073083521446	0.00137537380623497	0.00158059137965652	0.00136256972205549
1	34	0.00188509461807067	0.00187904304794077	0.00177751772090871	0.00178071889184375	0.00175843118247896	0.0017116066696465	0.00174582081899756	0.00174111528254043	0.00174582081899756	0.0017116066696465	0.00173174222414605	0.00161583980756276	0.00155312677614217	0.00150092776771778	0.00149553622874291	0.00146889475923536	0.00149016405691758	0.00143430741373934	0.00141017152836206	0.00133806195232092	0.00141522453484614	0.00162751129588468	0.0014020008711291
1	35	0.00194807192641813	0.00194179528272831	0.00183650521448764	0.00183982476021699	0.00181671333925331	0.00176816179748695	0.00180363739567749	0.00179875821739671	0.00180363739567749	0.00176816179748695	0.00178903942241307	0.00166887808693789	0.00160387366329316	0.00154977474799047	0.00154418736035095	0.00151656821883603	0.00153862011686507	0.00148073241591694	0.00145570415752337	0.00138100003888852	0.0014609389676914	0.00168097705746934	0.00144724950065064
1	36	0.00202201643519109	0.0020154684921376	0.001905643717543	0.00190910575270604	0.00188500295034733	0.00183437385311431	0.00187136679344111	0.00186627870477289	0.00187136679344111	0.00183437385311431	0.00185614399207613	0.00173086393111268	0.0016631093034167	0.00160673219019838	0.00160091007200034	0.00157211640410693	0.0015951090506973	0.00153478655903821	0.00150868446876436	0.00143087796516792	0.00151413667275943	0.00174347628066954	0.00149989302653681
1	37	0.00211159390341985	0.00210472285516071	0.00198949520372513	0.00199312707429494	0.00196784253667186	0.00191473626456351	0.00195353850462075	0.00194820133922676	0.00195353850462075	0.00191473626456351	0.00193757071281408	0.0018061841056155	0.00173514586806945	0.00167604718452827	0.0016699445727134	0.0016397495987843	0.0016638641809597	0.00160063273270504	0.00157325098372049	0.00149173206280886	0.0015789633362959	0.00181940919192725	0.00156405428566849
1	38	0.00221823293610249	0.0022109858887689	0.00208946715882205	0.00209329689454674	0.00206663543505494	0.00201064166077923	0.00205155305672446	0.00204592558599304	0.00205155305672446	0.00201064166077923	0.00203471691114404	0.00189620692497806	0.00182133392102724	0.00175905436877952	0.00175262379422716	0.00172079379948112	0.00174621672792434	0.0016795847642103	0.00165071222766874	0.00156484414415176	0.00165672935356738	0.00191014724699004	0.00164103727142266
1	39	0.00234084492885125	0.00233318136403706	0.00220468640526914	0.00220873576757164	0.00218054565692522	0.00212134392876627	0.00216459885678317	0.00215864891938435	0.00216459885678317	0.00212134392876627	0.00214679806427195	0.00200036389560027	0.00192121659256702	0.00185538683169551	0.00184858996034383	0.00181494014773254	0.00184181798809103	0.00177138927697135	0.00174086160022686	0.00165011981023298	0.00174722025446036	0.00201510076158103	0.00173064429385026
1	40	0.00247570893825697	0.0024676128852363	0.00233186189695997	0.00233614005640345	0.00230635696498759	0.00224380842980723	0.00228950884509504	0.00228322257931963	0.00228950884509504	0.00224380842980723	0.00227070178065945	0.00211598299981596	0.0020323526747901	0.00196279129287536	0.0019556089792369	0.0019200547318643	0.00194845294736838	0.00187403102867278	0.00184177810917439	0.00174588055709225	0.00184849804440695	0.00213155417148795	0.00183097643889419
1	41	0.00261436321833086	0.00260584192953223	0.00246294677891615	0.00246745049604545	0.00243609658066932	0.00237024472751695	0.00241835926376971	0.00241174111607064	0.00241835926376971	0.00237024472751695	0.00239855910531701	0.00223564952351656	0.00214757560655568	0.0020743090678022	0.00206674370796703	0.0020293051873892	0.00205920594029269	0.00198081723825631	0.00194686282540329	0.00184582004597391	0.00195394329612277	0.00225204676633699	0.0019354696071615
1	42	0.00275245023643083	0.00274355342162261	0.0025943242780763	0.00259902870635561	0.00256627599230816	0.00249747479675161	0.00254774580564017	0.00254083153300543	0.00254774580564017	0.00249747479675161	0.00252705923029949	0.00235680140050568	0.00226471223050296	0.00218808159344858	0.00218016759330111	0.00214103545496034	0.00217228221703975	0.00209028732786647	0.00205481788987148	0.0019490376268424	0.00206223032386894	0.00237394281618148	0.00204285853830098
1	43	0.00288829481286672	0.00287907967818985	0.00272445251112321	0.00272932883701677	0.00269537696887246	0.00262403842471718	0.00267616586593967	0.00266899705607662	0.00267616586593967	0.00262403842471718	0.0026547169955026	0.00247809699751401	0.00238249845656582	0.0023029092224487	0.00229468763773044	0.00225408666270786	0.00228649540477932	0.0022013245816563	0.00216455874306799	0.00205453716299846	0.00217226842383668	0.00249588624484825	0.00215206740743965
1	44	0.00302760209555714	0.00301809033453931	0.00285841502948897	0.00286345263491892	0.00282837496553642	0.00275464875082495	0.00280852385138987	0.00280111565629313	0.00280852385138987	0.00275464875082495	0.00278635783754462	0.00260372602764258	0.00250479109103167	0.00242237784879311	0.0024138620804906	0.00237187336204328	0.00240537624901641	0.00231717237386245	0.00227919432819837	0.00216507849963599	0.00228719105785891	0.00262212959667601	0.00226617267595115
1	45	0.00318405373976296	0.00317419420742754	0.00300861288992444	0.00301383882046846	0.00297744705230099	0.00290093758996136	0.0029568493915622	0.00294916205820625	0.0029568493915622	0.00290093758996136	0.00293384729702931	0.00274422452230724	0.0026414232964248	0.00255574487836615	0.0025468893513219	0.00250329005381612	0.00253806450823201	0.00244635689656562	0.00240696712264527	0.0022881467993682	0.00241529376592006	0.00276334102038213	0.00239334360465177
1	46	0.00336934212289644	0.00335899160878669	0.00318512591170023	0.00319061444706763	0.00315239240243581	0.00307202283499026	0.00313075716705106	0.00312268228999395	0.00313075716705106	0.00307202283499026	0.00310659496254976	0.00290735008588381	0.00279928709698989	0.0027091978423986	0.00269988506641363	0.00265407249919572	0.00269060430278124	0.00259417086698675	0.00255280828439461	0.00242776597933605	0.00256157113349533	0.00292744145678793	0.00253843324703564
1	47	0.00359948155332805	0.00358844355065312	0.0034030204429094	0.0034088740870002	0.00336810906202239	0.00328238950527397	0.00334503400998702	0.00333642168090205	0.00334503400998702	0.00328238950527397	0.00331926348712913	0.00310674244172947	0.00299146830480202	0.00289536131306164	0.00288542614826228	0.00283656087117932	0.00287552507506286	0.00277264911109834	0.00272853674415185	0.00259511723297925	0.00273788670809405	0.00312817368675997	0.00271318959127134
1	48	0.00388300811513725	0.00387104468188771	0.00367010195875401	0.00367644476975789	0.00363227423561099	0.00353940191786004	0.00360727260807768	0.00359794142874148	0.00360727260807768	0.00353940191786004	0.00357935142043441	0.00334913421587458	0.00322429216517724	0.00312022543995144	0.00310946834758885	0.0030565345660098	0.00309874834069919	0.0029873550107828	0.00293955149634674	0.00279515314260705	0.00294967071715122	0.00337234671332677	0.00292296748031969
1	49	0.00422377425459373	0.00421063449636691	0.00398999377285327	0.0039969565928666	0.00394847083284634	0.00384654418180714	0.00392102921784915	0.00391078785295837	0.00392102921784915	0.00384654418180714	0.00389038530179719	0.00363780888282996	0.00350091182319801	0.0033868355332314	0.00337504587003709	0.00331697293907016	0.00336329724696914	0.00324119707292919	0.00318871168190694	0.00303058639776819	0.00319979260495506	0.00366326835921987	0.00317060943162708
1	50	0.0046176938968033	0.00460316155436177	0.00435921703646697	0.00436691290329265	0.00431332581346486	0.00420070027444368	0.00428300037722775	0.00427168338686049	0.00428300037722775	0.00420070027444368	0.00424913903591068	0.00397016430722452	0.00381905264984098	0.0036931838224433	0.00368017820174975	0.00361604016498483	0.00366721838060958	0.00353250733293683	0.00347448790314866	0.00330023236025766	0.00348669892336454	0.00399827473308152	0.00345461501810125
1	51	0.00504540984227708	0.00502936649777011	0.00476013781286585	0.00476862898525977	0.0047095073505723	0.00458527471983961	0.00467605324332455	0.00466356931114655	0.00467605324332455	0.00458527471983961	0.00463870134505638	0.00433108900557768	0.00416455819650411	0.0040258981692885	0.00401157364942645	0.00394085800281894	0.00399730009753743	0.00384891157054376	0.00378489175047921	0.00359314231216655	0.00379832848942876	0.00436207511898411	0.00376309756578271
1	52	0.00548560390708503	0.0054680989514542	0.00517437259942965	0.00518363551640724	0.00511914166465955	0.00498362978175324	0.00508264894885737	0.00506903134891988	0.00508264894885737	0.00498362978175324	0.00504190550545637	0.00470640724915617	0.00452481492144159	0.00437363373506809	0.0043580167384744	0.0042808933631181	0.00434245550571404	0.00418067223820507	0.00411083296424882	0.00390184900079081	0.00412547735879537	0.00474019860164204	0.00408710725849583
1	53	0.0059197949309474	0.00590100450115284	0.00558565995927268	0.00559560604751813	0.00552635359072992	0.00538082796602962	0.00548716625475937	0.00547254275010856	0.00548716625475937	0.00538082796602962	0.00544341255351591	0.00508305383091878	0.00488794921836447	0.00472548701277719	0.00470870300778798	0.00462586029807228	0.00469197861629949	0.00451811535860156	0.00444312671685752	0.00421841864660107	0.00445887304223514	0.00511935514365117	0.00441757172925531
1	54	0.00634627577182161	0.00632638797336005	0.00599250463970868	0.0060030390491096	0.00592968526147683	0.00577550282527951	0.0058881719564221	0.00587267950510842	0.0058881719564221	0.00577550282527951	0.00584181678244434	0.00545984782590924	0.00525290045361476	0.00508049667235982	0.0050626813385728	0.00497486171180027	0.0050449284762602	0.00486040759867023	0.0047809918602938	0.00454220352940731	0.00479772515565036	0.00549834132270703	0.00475372133726166
1	55	0.00678922585333441	0.00676827736985614	0.00641643270351593	0.00642753834474969	0.00635020065767385	0.00618759615581961	0.00630642621088651	0.0062900887014852	0.00630642621088651	0.00618759615581961	0.00625754054552725	0.00585448800658241	0.00563593798135981	0.00545376710039374	0.00543493710590791	0.00534226366745959	0.00541617212495966	0.00522117760157712	0.0051374758396183	0.00488474318775003	0.00515518689623353	0.00589512543975635	0.00510846410099228
1	56	0.00728154591818646	0.00725936112014401	0.00688662013442835	0.00689838921374931	0.00681642611594414	0.00664405533769623	0.00677002804108795	0.00675271030181348	0.00677002804108795	0.00664405533769623	0.00671820760633724	0.00629076015680298	0.00605882870665937	0.00586541735045112	0.00584542089194366	0.00574713712536775	0.00582549260562736	0.00561845189853297	0.00552977560839775	0.00526109224786107	0.00554860516976288	0.00633387359132442	0.0054988017308297
1	57	0.00785980754264979	0.00783598524949771	0.00743567411946681	0.00744831540102713	0.00736027570827648	0.00717510763505242	0.00731043532918445	0.00729183232079271	0.00731043532918445	0.00717510763505242	0.00725476820186632	0.0067955040205897	0.00654624168781021	0.00633833996835582	0.00631684336355417	0.00621124458866316	0.00629541966491097	0.00607286193025557	0.00597762750862361	0.00568865829349864	0.00599787908475758	0.00684183375079816	0.0059442565572681
1	58	0.00855180362083347	0.00852576989935172	0.00808835083676371	0.00810216237814921	0.00800597461365009	0.00780368585990042	0.00795152375239992	0.00793120029220168	0.00795152375239992	0.00780368585990042	0.00789070907446505	0.0073890566100729	0.00711685027956714	0.00688984657688978	0.00686637672061071	0.0067510309240032	0.00684298681301375	0.00659998558421766	0.00649592222158782	0.00618054631206786	0.00651802409703779	0.00743965577933568	0.00645955565645831
1	59	0.00937569725828804	0.00934678570976244	0.00886118741427888	0.00887651510488139	0.0087697754887984	0.0085453500674499	0.00870935869913613	0.00868680986513361	0.00870935869913613	0.0085453500674499	0.0086418871851389	0.00808558554793839	0.00778392851147754	0.00753247890735937	0.00750648766590757	0.00737857763327195	0.00748058610869392	0.00721143510879523	0.00709591370686194	0.00674704561743463	0.00712036180388786	0.00814167522551643	0.00705585823445055
1	60	0.0103375970592175	0.010305143239914	0.0097603249799781	0.00977751381505282	0.00965782468964083	0.0094062586505132	0.00959008987983705	0.00956481198091782	0.00959008987983705	0.0094062586505132	0.00951445589260449	0.00889126991332352	0.00855366569848159	0.00827243248595243	0.00824337223760362	0.00810009537800939	0.00821441407507243	0.00791341883847537	0.00778383478332986	0.00739438683084887	0.00781112559609931	0.00895406895734074	0.00773938460273582
1	61	0.0114204507607496	0.011384011340345	0.0107725700545094	0.0107918524473184	0.0106575970579551	0.0103755044254305	0.0105816309152108	0.0105532834193957	0.0105816309152108	0.0103755044254305	0.0104968160475754	0.00979841260877454	0.00942039134437903	0.0091056757514116	0.00907316560378061	0.00891261843408975	0.00904077152767773	0.00870398513527962	0.00855860242857558	0.008123552850496	0.0085890882041573	0.00986875598182071	0.00850920997061571
1	62	0.0125870334184887	0.0125464160052302	0.0118650936035809	0.0118865731807552	0.0117370287960622	0.0114228815547794	0.0116524211018992	0.0116208506943249	0.0116524211018992	0.0114228815547794	0.0115579662526372	0.0107805192888341	0.0103599744907761	0.0100100026037679	0.00997385823260224	0.00979538560448294	0.00993784437244831	0.00956351261513858	0.00940197296694083	0.00891876308820072	0.00943584417763207	0.0108587961439986	0.00934709840605038
1	63	0.0137971475732899	0.0137524626927184	0.013002992223641	0.0130266179015501	0.0128621352622957	0.012516632367199	0.012769079342759	0.0127343572070195	0.012769079342759	0.012516632367199	0.0126651959318044	0.0118102638778392	0.0113478979913069	0.0109631753465722	0.0109234447621543	0.0107272719882609	0.0108838581615083	0.0104724223903075	0.0102948888793616	0.00976390427517881	0.0103321127236326	0.0118963323355269	0.0102345837767634
1	64	0.0150231684475563	0.0149746871508111	0.0141614561305904	0.0141870942605736	0.0140085973934325	0.013633630206416	0.0139076093147682	0.0138699267616213	0.0139076093147682	0.013633630206416	0.0137948676803912	0.0128669062603366	0.0123649451136413	0.0119472204563722	0.0119040787647441	0.0116910550969842	0.0118610928587703	0.011414293454418	0.0112214813113825	0.0106447278284329	0.0112619096419799	0.0129603374254043	0.0111559836138309
1	65	0.0162689956798967	0.0162168811727941	0.0153425171781125	0.0153700881558608	0.0151781268096105	0.0147748157512819	0.0150695129511144	0.0150289834346615	0.0150695129511144	0.0147748157512819	0.0149482511214869	0.0139498772758737	0.01340960861213	0.0129598817281693	0.0129134283664787	0.0126840341208891	0.0128671415120802	0.0123859575180325	0.0121782643543065	0.0115568384596229	0.0122218150664506	0.0140504213346894	0.0121077056432197
1	66	0.017570792100533	0.0175150688525473	0.0165798868793681	0.0166093835808925	0.0164040034706837	0.0159724146424598	0.0162877856539702	0.0162444165622615	0.0162877856539702	0.0159724146424598	0.0161580245048491	0.0150892661619979	0.0145105936422066	0.0140287215932908	0.0139789384600673	0.0137330749082043	0.0139293319901511	0.0134135314816557	0.0131908354076101	0.0125242909811952	0.0132375351682259	0.0151969322135051	0.0131151712205272
1	67	0.0189575327054419	0.0188977701342179	0.0178946253523226	0.0179262707425293	0.0177059227066864	0.0172428261055308	0.0175812277482005	0.0175346938754325	0.0175812277482005	0.0172428261055308	0.0174419953005065	0.0162949688619981	0.0156737181156079	0.0151562776322042	0.0151028138658101	0.0148387560446682	0.0150495386928415	0.0144955236503595	0.0142562894582482	0.013540099484303	0.014306459276971	0.0164105410219676	0.0141750007376684
1	68	0.0204810282118767	0.0204164689257604	0.0193328059798315	0.019366991495921	0.0191289563509757	0.0186286865583704	0.018994252134689	0.0189439829675583	0.018994252134689	0.0186286865583704	0.0188438434002313	0.0176047399886907	0.0169336152835096	0.0163746328281633	0.016316876698893	0.016031618593755	0.0162593242853641	0.0156608285544532	0.0154023861025711	0.0146286903480665	0.0154565841200964	0.0177295900057533	0.0153145705689865
1	69	0.022222531486756	0.0221521630754618	0.0209711451710518	0.0210083973373188	0.0207490152503556	0.0202039296698335	0.0206022373124645	0.0205474636688668	0.0206022373124645	0.0202039296698335	0.0204383528624128	0.0190884652708249	0.0183575169321328	0.0177488079890967	0.0176859192945535	0.0173753263888303	0.0176232534311945	0.0169716429718549	0.0166902994499626	0.0158481755134132	0.0167492982794952	0.019224458538326	0.0165947073104431
1	70	0.0242777314939353	0.0242003303521753	0.0229015348378613	0.0229424945000246	0.0226573079506469	0.0220580746912275	0.0224959386842296	0.0224357219541136	0.0224959386842296	0.0220580746912275	0.0223157716236478	0.0208321502867242	0.020029083018978	0.0193604823985016	0.019291414848712	0.0189503307319944	0.0192225936939417	0.0185070797395257	0.0181982024837367	0.0172738791503675	0.0182629723137724	0.0209815847627356	0.0180932632763654
1	71	0.0270486822407368	0.0269618310956885	0.0255047654534202	0.0255507075718383	0.0252308423095391	0.0245588364806183	0.0250498632575284	0.0249823312939087	0.0250498632575284	0.0245588364806183	0.0248478130544182	0.0231844431252094	0.0222844297366458	0.0215353122524891	0.0214579376142713	0.0210758588490489	0.0213808409768815	0.020579407470346	0.0202335079461389	0.0191986482213851	0.0203060376827044	0.023351944979214	0.0201160001643788
1	72	0.0304079882954152	0.0303102675021128	0.0286708870319837	0.0287225764449037	0.0283626981415695	0.0276066415443153	0.0281590815216628	0.0280831027169517	0.0281590815216628	0.0276066415443153	0.0279317595721802	0.0260604021997	0.0250478985897331	0.0242051775085368	0.0241181361788262	0.0236883268865194	0.0240314078479802	0.0231298671318832	0.0227407704227174	0.0215767079600342	0.0228223574682678	0.0262488433960235	0.0226085891306279
1	73	0.0344060011923692	0.034296402254819	0.0324572808944535	0.0325152819472319	0.0321114408485745	0.0312628768666815	0.0318829304770082	0.0317976589445331	0.0318829304770082	0.0312628768666815	0.0316277994508658	0.029526804875329	0.0283895082497517	0.0274426126965148	0.0273447952588441	0.0268617279425715	0.0272473264851735	0.0262339536955685	0.0257964848195053	0.0244873096947595	0.0258882201090396	0.0297384284949988	0.0256478559504293
1	74	0.039066479897564	0.0389443487951371	0.0368938285762688	0.0369585290120006	0.0365079976209311	0.0355609810448327	0.0362530212484512	0.0361578648877172	0.0362530212484512	0.0355609810448327	0.0359683008054331	0.0336219787872349	0.0323505989633516	0.0312913455154432	0.0311818827408092	0.0306411979818839	0.0310728028867188	0.0299382754021283	0.0294482541037228	0.0279808744014163	0.0295510221391595	0.0338584503940566	0.0292817356018934
1	75	0.0443690481153573	0.0442340439729721	0.0419656713460687	0.0420372962888211	0.0415384772147248	0.0404894206021046	0.0412560997964346	0.0411507038627064	0.0412560997964346	0.0404894206021046	0.0409407190645221	0.0383391378341633	0.0369274338345663	0.0357501375318596	0.0356284160916733	0.0350270119529858	0.035507109086508	0.0342447253011647	0.0336990877412722	0.0320636942741842	0.0338135396961505	0.0386015501032459	0.0335136146969315
1	76	0.0503347206383737	0.0501867582670932	0.0476983252691815	0.0477769673214959	0.0472291838914409	0.0460764187849775	0.0469189892749346	0.0468031922595028	0.0469189892749346	0.0460764187849775	0.0465724548914406	0.0437103588383704	0.0421545550500491	0.0408555434937301	0.0407211557474831	0.0400569396981544	0.0405872100481359	0.039192368570254	0.0385889420448108	0.0367783315244091	0.0387155430340542	0.0439993402978338	0.0383837500716928
1	77	0.0568396630631456	0.0566781291009367	0.0539590360307324	0.0540450386075117	0.0534458869573212	0.052184263026968	0.0531065015793456	0.0529797884170772	0.0531065015793456	0.052184263026968	0.0527272683914791	0.0495914478688028	0.0478840098212842	0.0464567881672053	0.0463090512194589	0.0455786170128276	0.0461617840890758	0.0446272488125535	0.0439628294627718	0.0419671091434082	0.0441022554303809	0.0499083697480225	0.0437368187182221
1	78	0.0637966595063085	0.0636206176313133	0.060655089648506	0.0607489521691354	0.0600949522384636	0.0587171351417787	0.0597244040090529	0.0595860382360972	0.0597244040090529	0.0587171351417787	0.059310267619109	0.0558824579423114	0.0540134062875337	0.0524496096224223	0.0522876562351438	0.0514867120854085	0.0521262029259373	0.0504429462409225	0.0497136150338125	0.0475209708584498	0.0498666889228002	0.0562291695786888	0.0494654508843296
1	79	0.071170155583219	0.0709784339229307	0.0677468442455721	0.0678491846173116	0.0671360355469348	0.0656329987823285	0.0667318923107235	0.0665809666042496	0.0667318923107235	0.0656329987823285	0.0662801384529928	0.0625380352451776	0.0604953296675091	0.0587849497731909	0.0586077468643669	0.0577311930359362	0.0584310781206825	0.0565884071402571	0.0557895523516295	0.0533861970349335	0.0559572410147563	0.0629167795468167	0.0555176685343859
1	80	0.0789728773932153	0.0787641323773689	0.0752439836070726	0.0753555099364237	0.074578283337272	0.0729396857989927	0.0741377583825247	0.0739732332131563	0.0741377583825247	0.0729396857989927	0.0736452773979906	0.0695633412508585	0.0673332083910854	0.0654648056359847	0.065271172902417	0.0643131845050244	0.0650781128985036	0.0630638186988661	0.062190178833017	0.0595603994123334	0.0623735851300141	0.0699766851180751	0.0618927890125471
1	81	0.0871685759507893	0.0869430776599273	0.0831384629970223	0.0832590592038843	0.0824185451309225	0.0806459060778345	0.0819420665390208	0.0817640981001267	0.0819420665390208	0.0806459060778345	0.0814093199618023	0.0769906654361402	0.0745742509344049	0.0725484686656875	0.0723384558708557	0.0712992315531243	0.0721290510195795	0.0699434243266581	0.0689950136163168	0.0661384304037486	0.069194140264283	0.0774383525083124	0.0686721068968139
1	82	0.0962330770514218	0.0959893815451942	0.0918757010194197	0.0920061538902477	0.0910968589010484	0.0891785165608947	0.0905813022560709	0.0903887216378403	0.0905813022560709	0.0891785165608947	0.0900047878404998	0.0852199952225276	0.0826009178074891	0.0804038550717614	0.0801760121001229	0.0790483507349933	0.0799488147743887	0.0775766426996789	0.0765467997758324	0.0734431208842654	0.0767630484533615	0.0857050372094237	0.0761960996787357
1	83	0.106504458246508	0.106240691485504	0.101785940286842	0.101927275692085	0.100942033935047	0.0988627523777441	0.100383320413725	0.100174601043586	0.100383320413725	0.0988627523777441	0.0997584633237068	0.0945689880478466	0.0917256974102968	0.0893390178942609	0.0890914293682891	0.0878658122062067	0.0888445269935605	0.0862656814477226	0.0851455760070415	0.0817678403954996	0.0853808056186398	0.0950953401559679	0.0847640625156252
1	84	0.118244609673674	0.117958691392234	0.113127250170989	0.113280612545676	0.112211426247273	0.10995417183595	0.111604999608122	0.111378435507099	0.111604999608122	0.10995417183595	0.110926686182978	0.105289303921956	0.102197524852316	0.0996005129014382	0.099331011686714	0.0979966598346921	0.0990622396941858	0.0962539039379917	0.0950335050799544	0.0913510067931669	0.0952898283387053	0.105861413047355	0.0946177446237883
1	85	0.131527795649701	0.131217741906022	0.125975565426099	0.126142050833598	0.12498125720722	0.122529686036947	0.124322748862376	0.124076703719725	0.124322748862376	0.122529686036947	0.123586073302613	0.117459200835029	0.114095489215191	0.111268087068523	0.110974572128198	0.109521027783637	0.110681831453186	0.107621847930111	0.106291396473563	0.102274192783856	0.106570869780059	0.118081354581117	0.105838045957171
1	86	0.146322615364653	0.145987417326587	0.140316686899672	0.140496883743907	0.139240348882667	0.136585486959549	0.138527380984629	0.138260960222262	0.138527380984629	0.136585486959549	0.137729654881604	0.131089745660936	0.127440241159647	0.124370264481229	0.124051442359657	0.12247221949466	0.123733437535899	0.120407936362821	0.118961211487916	0.114589796489065	0.119265151299585	0.131764433796624	0.118468124339675
1	87	0.16241041780539	0.162049193202603	0.155934447659162	0.156128863087227	0.154773028459335	0.151907185130045	0.154003558754773	0.15371599489988	0.154003558754773	0.151907185130045	0.153142477052262	0.145969501786845	0.142022529933409	0.138699775015531	0.138354565467076	0.136644255182445	0.138010215109865	0.13440765056057	0.132839491650258	0.128097746728889	0.133168989199006	0.146698829799283	0.132304889512327
1	88	0.179625242194933	0.179237590535625	0.172671546864781	0.172880427352479	0.171423553197652	0.168342888818764	0.170596572535144	0.170287484369572	0.170596572535144	0.168342888818764	0.169670987048657	0.161954584230898	0.157703812886139	0.154122585218565	0.15375037706575	0.151905896031236	0.153379067800719	0.14949279685479	0.147800180939962	0.142678463541969	0.148155878126894	0.162739672157186	0.147223014677282
1	89	0.197994526671892	0.1975803878144	0.190561459412108	0.190784872253597	0.18922646569056	0.185929754967935	0.188341669711459	0.18801093887699	0.188341669711459	0.185929754967935	0.18735121849333	0.179087471339016	0.174530030974521	0.170687502288459	0.170287979498844	0.168307699170368	0.169889391859474	0.16571581569134	0.163897027021297	0.158389578431747	0.164279291997193	0.179928792724724	0.163276690602669
1	90	0.217665853190133	0.217225051127301	0.209749700783207	0.209987774994479	0.208326913080012	0.20481202449695	0.207383753742257	0.2070311708823	0.207383753742257	0.20481202449695	0.206327802471285	0.197510537204645	0.192642323989705	0.188534630040399	0.1881073690823	0.185989128615949	0.18768107639155	0.183215475587335	0.181268311049558	0.175367899194431	0.181677614355305	0.198408794199748	0.180604032328989
1	91	0.238921545713407	0.238454010554297	0.230520375494108	0.230773190473728	0.229009291211343	0.225274774315753	0.228007408656156	0.227632833745475	0.228007408656156	0.225274774315753	0.226885528989568	0.217510092317475	0.212327683547783	0.207951443113413	0.20749606575856	0.205237914926571	0.20704168560061	0.202279747186181	0.20020214757673	0.193901848677371	0.200638931209845	0.21846584883589	0.199493198784891
1	92	0.2622556497364	0.261761588439977	0.253372256724718	0.253639757355562	0.251773167035264	0.247819457040444	0.250712717969642	0.250316202109291	0.250712717969642	0.247819457040444	0.249525050731265	0.239591153651671	0.234093228241091	0.229446655271657	0.228962939626738	0.226563676128556	0.228480243743144	0.223419158615459	0.221209655877961	0.214504089935442	0.221674240882136	0.240604561416059	0.220455501773106
1	93	0.28763792308746	0.287117483822717	0.278274243407735	0.278556394285336	0.276587329647224	0.27241464920948	0.275468405510137	0.275049976949598	0.275468405510137	0.27241464920948	0.274215025605826	0.263722126426774	0.257907454408451	0.252988969245661	0.252476721743321	0.249935302898697	0.251965511430486	0.24660285805409	0.244260197938193	0.237144800660855	0.244752858144193	0.264793338394609	0.2434603824799
1	94	0.314710165617807	0.314163832841577	0.304874406514665	0.305170976399722	0.303101029846195	0.298712586366695	0.301924513155873	0.301484497720003	0.301924513155873	0.298712586366695	0.300606389708314	0.28956177079571	0.283433721278959	0.278245783415654	0.277705239067689	0.275022770712984	0.277165744827971	0.271503694493899	0.269028681237741	0.261505337097848	0.269549254931284	0.29069011328324	0.268183458484824
1	95	0.340766048865935	0.340203683981868	0.330634191816214	0.330939923303642	0.32880572507549	0.324278674894362	0.327592368346008	0.327138514822141	0.327592368346008	0.324278674894362	0.326232693238629	0.31482820270519	0.308491255371875	0.303121179244876	0.302561374427048	0.299782526778613	0.302002603457911	0.29613497928721	0.293568212884748	0.285758753004432	0.294108181697461	0.315994282734195	0.292691389503671
1	96	0.369432050893536	0.368858850103119	0.359096190127401	0.35940835214172	0.357228903462838	0.352603056888802	0.355989443153217	0.355525755061579	0.355989443153217	0.352603056888802	0.354600189999106	0.342933808515457	0.336440454075449	0.330931586805063	0.33035697907564	0.327503705735677	0.329783369057091	0.323756059760448	0.321117199320456	0.313079839931563	0.321672448833839	0.344127812586806	0.320215432199684
1	97	0.399247172594613	0.398668571267196	0.388804734279337	0.389120402934986	0.38691609280067	0.382234528739382	0.385662098006445	0.38519289846763	0.385662098006445	0.382234528739382	0.384256211191059	0.372435648769189	0.365845027963804	0.360247060370976	0.359662806355963	0.356760637361732	0.35907949989276	0.352946230236331	0.350258613525666	0.342063714623104	0.350824242683936	0.373646637267033	0.349339851452966
1	98	0.429979695765964	0.429401669504633	0.419538207239471	0.419854142356363	0.417647582765222	0.412958212590023	0.416391902149886	0.415921995842203	0.416391902149886	0.412958212590023	0.41498377352343	0.403129453103975	0.396508219406611	0.390877464459622	0.390289424748253	0.387367422961678	0.389702269689323	0.383524326770707	0.380814690233579	0.372543295887639	0.381385078395767	0.404345139185092	0.379888055733583
1	99	0.461337035871583	0.460765693311799	0.451006867832114	0.451319729443569	0.449134247392644	0.444486642585618	0.447890155365154	0.447424509817761	0.447890155365154	0.444486642585618	0.446494670534091	0.434731861810483	0.428149919170103	0.422545764872638	0.421960137791215	0.41904909111758	0.421375322359338	0.415217765941254	0.412514611556732	0.404253577586872	0.41308376078647	0.435939404411935	0.411589846526285
1	100	0.526585733052888	0.526069577148286	0.517232579063862	0.517516502341301	0.515532307534456	0.511306041344969	0.514401899435475	0.513978635716644	0.514401899435475	0.511306041344969	0.513133152810731	0.502405444174926	0.496376323555049	0.491227613449454	0.490688760312921	0.488007897532953	0.49015049827244	0.484473593285243	0.48197590593784	0.474321499301297	0.482502077161513	0.50350948983201	0.481120649292182
2	0	0.0140275610274635	0.0138991023062302	0.012484569591886	0.012484569591886	0.0121447150377393	0.0114925086145529	0.0118867928293623	0.0117779383960481	0.0117779383960481	0.0113176383637615	0.0114925086145529	0.0100597432584257	0.00939569156322666	0.00889715507812733	0.00887930113114535	0.0086946161323945	0.00900015919377222	0.00846172827979308	0.00826149862472649	0.00761664152820092	0.00846098829878843	0.0110264438350959	0.00846102567922164
2	1	0.000829185441390286	0.00082055453300059	0.000726259050604919	0.000726259050604919	0.000703815617986547	0.000660988013874868	0.000686840224519793	0.000679690973266359	0.000679690973266359	0.000649560915799216	0.000660988013874868	0.000567861999854732	0.000525369258288406	0.000493800423545516	0.000492665717198308	0.00048103399474213	0.000500281619324154	0.000466528833747579	0.000454066083026231	0.000414328015956404	0.000466468773882859	0.000630586396427985	0.00046649985134696
2	2	0.000677841999326855	0.000670977550091961	0.000595848248164989	0.000595848248164989	0.000577928633858461	0.00054368994792394	0.000564364578197741	0.000558649305315774	0.000558649305315774	0.000534544455077629	0.00054368994792394	0.000469063799991642	0.000434893254266394	0.000409448212202601	0.000408534218467053	0.000399147383897252	0.000414679291786612	0.000387414205344	0.000377331062560853	0.000345110156176487	0.000387367936796868	0.00051934878739525	0.000387388311441055
2	3	0.000559056306263311	0.000553548894235411	0.000493167463940501	0.000493167463940501	0.000478735603684063	0.000451126509303714	0.000467803442215194	0.000463194986366499	0.000463194986366499	0.000443743913679567	0.000451126509303714	0.000390812746274463	0.000363100846390487	0.000342417925461203	0.000341675529875724	0.000334036365417615	0.000346675814434495	0.000324464970834975	0.000316238188444659	0.000289892166852466	0.000324429171938639	0.000431469710829989	0.000324441789479485
2	4	0.000464218107947501	0.000459762238564604	0.000410831955444535	0.000410831955444535	0.000399114844711356	0.000376673624044505	0.000390233064872479	0.000386487352380462	0.000386487352380462	0.000370666991458817	0.000376673624044505	0.000327548265746206	0.000304905693375577	0.000287970448394105	0.000287363028462083	0.000281101222243378	0.000291461318228842	0.000273237812430427	0.000266478189569985	0.000244786849254188	0.000273209942840991	0.000360674723421474	0.000273217137694112
2	5	0.000389670689774405	0.000386033893662988	0.000346031181379389	0.000346031181379389	0.000336432797189442	0.000318027377776593	0.000329151839151568	0.000326079865405262	0.000326079865405262	0.000313095868369373	0.000318027377776593	0.000277650559147969	0.000258978190079512	0.000244980935878354	0.000244479336037391	0.000239297913226139	0.000247870221706669	0.000232775136842131	0.00022716735802733	0.000209133225332573	0.000232753434090836	0.000304887166961238	0.00023275649076803
2	6	0.000332359959006322	0.00032934467298109	0.000296123826855581	0.000296123826855581	0.000288137108001075	0.000272804086926806	0.00028207444017054	0.000279515361994985	0.000279515361994985	0.000268691616755066	0.000272804086926806	0.000239097987935352	0.00022345921033607	0.000211709791176033	0.000211289150233062	0.000206934927819293	0.000214138505112199	0.000201439662311226	0.000196714908727392	0.000181487580459023	0.000201422612560084	0.000261842194303908	0.000201422649481891
2	7	0.000291658481734723	0.000289085041768725	0.000260687816010899	0.000260687816010899	0.000253848009766011	0.000240702067706866	0.000248652474437929	0.000246458496702199	0.000246458496702199	0.00023717277619726	0.000240702067706866	0.000211747899575781	0.000198271463760775	0.000188124736691056	0.000187761845241618	0.000183997533594435	0.000190225073449357	0.00017923485142386	0.000175139804531993	0.000161914107410876	0.000179221151737714	0.000231291335985079	0.000179218969169703
2	8	0.000266260504609513	0.000263972818000745	0.000238692011749144	0.000238692011749144	0.000232592260060679	0.00022085640894664	0.000227955982262306	0.000225997404707686	0.000225997404707686	0.000217702844214933	0.00022085640894664	0.000194962385187728	0.00018287465835604	0.000173755008796949	0.00017342919197583	0.000170042543143142	0.000175645260204401	0.000165747287009146	0.000162054120879651	0.00015010250794281	0.000165735883281827	0.000212444781333298	0.000165731959281354
2	9	0.00025417799877166	0.000252052249561339	0.0002285271652813	0.0002285271652813	0.000222841307532393	0.000211890472307219	0.000218516959487349	0.000216689451771037	0.000216689451771037	0.000208945232068229	0.000211890472307219	0.000187687251731292	0.000176355670319062	0.000167789111125532	0.000167483401652186	0.000164299021459766	0.000169567132583331	0.000160250232243222	0.000156769072019702	0.000145480844598229	0.00016024041433907	0.000204031972070185	0.000160234801328384
2	10	0.000252771378958125	0.000250726386968109	0.000228056119912657	0.000228056119912657	0.000222565664152207	0.000211978118831694	0.000218386859518619	0.00021662004802168	0.00021662004802168	0.000209127562236308	0.000211978118831694	0.000188531288392628	0.000177515130424878	0.000169166513057368	0.000168869026452095	0.000165762026165538	0.000170902209126389	0.000161799327890521	0.000158392439524609	0.000147317874011329	0.000161790870036862	0.00020436931303038	0.000161783011029144
2	11	0.000265559003225118	0.00026348574387505	0.000240461121078291	0.000240461121078291	0.00023487302698145	0.00022408340733005	0.000230616668464495	0.000228816209212996	0.000228816209212996	0.000221175246689243	0.00022408340733005	0.000200141268579389	0.000188850915345854	0.000180272250119285	0.000179967094829739	0.000176770609715157	0.000182059011646873	0.000172679922147413	0.000169163457043081	0.00015770273738061	0.000172672505824417	0.000216317729369302	0.000172661692585451
2	12	0.000294733815075799	0.000292520677034601	0.000267896446176123	0.000267896446176123	0.000261906794417295	0.000250326248214327	0.000257340915470603	0.000255408558406524	0.000255408558406524	0.000247201288858121	0.000250326248214327	0.000224576878153694	0.000212386676942248	0.000203098407919541	0.000202768685469993	0.00019930338541472	0.000205036839912671	0.000194851875268122	0.000191026020046028	0.000178521476215562	0.000194845420003392	0.00024197812619481	0.00019483033618813
2	13	0.000343591400676574	0.000341115141671599	0.000313510892675666	0.000313510892675666	0.000306781219756926	0.000293752140793692	0.000301647060303336	0.000299473093644306	0.000299473093644306	0.000290232177303571	0.000293752140793692	0.000264725032665416	0.000250927929633935	0.000240384867230218	0.000240011471621208	0.000236072965472097	0.000242589865557894	0.000230992924945813	0.000226628120870689	0.000212319570362242	0.000230987568304115	0.000284344769055727	0.000230966228206703
2	14	0.000417117580862347	0.00041424216579867	0.000382124958696053	0.000382124958696053	0.000374276733724449	0.000359060542523414	0.000368284169203351	0.00036574538902139	0.00036574538902139	0.000354944701200968	0.000359060542523414	0.000325095397496374	0.000308883019192068	0.000296456135372366	0.000296017222411462	0.00029136880209703	0.000299061208337354	0.000285345922326883	0.000280173031522377	0.000263161025154115	0.00028534224858673	0.000348055757114591	0.000285311453410113
2	15	0.000519386310911914	0.000515969392759432	0.000477728061417186	0.000477728061417186	0.000468361378217107	0.00045017536101484	0.000461203333583902	0.000458169187305112	0.000458169187305112	0.000445250200036192	0.00045017536101484	0.000409507587739124	0.000390012391287338	0.000375021580330076	0.000374493755691325	0.000368878787102841	0.000378171994509752	0.000361567987957033	0.000355292055125527	0.000334583190496245	0.000361567077040803	0.000437000774009054	0.000361522415771999
2	16	0.00064934769006695	0.000645262702282293	0.000599461496116554	0.000599461496116554	0.00058821904421438	0.000566362717517586	0.000579620887165307	0.000575974544412385	0.000575974544412385	0.000560436950520967	0.000566362717517586	0.00051741280303119	0.00049385356859507	0.000475683253365356	0.000475045534844485	0.000468231373323298	0.000479511162310727	0.000459316514701508	0.000451667870911525	0.000426348559925957	0.000459319705780414	0.000550505089889967	0.00045925642051906
2	17	0.000800565568775999	0.000795733675783453	0.000741470864510705	0.000741470864510705	0.000728126070299055	0.00070215268735773	0.000717913056137738	0.000713580020593238	0.000713580020593238	0.000695103719973052	0.00070215268735773	0.000643910319536042	0.000615777726349933	0.000594020475760725	0.00059325930509693	0.000585091215459217	0.000598614561062497	0.00057435614876662	0.000565151291694299	0.00053459016237314	0.000574364960456275	0.000683282500725923	0.000574278562235545
2	18	0.000957122480936756	0.000951535999900256	0.000888720371943796	0.000888720371943796	0.000873249319101921	0.000843110496125704	0.000861402718507976	0.000856374929434393	0.000856374929434393	0.00083492476022577	0.000843110496125704	0.000775468526315083	0.000742702642977508	0.00071730624257242	0.000716420190800624	0.000706877939206722	0.000722678859423676	0.00069428937309833	0.000683500960255408	0.000647596465424275	0.000694304563136878	0.000821190990994458	0.000694193287537509
2	19	0.00110053515621151	0.00109427546007541	0.00102382395564707	0.00102382395564707	0.00100645301554757	0.000972590318701215	0.000993146304334217	0.00098749742156229	0.00098749742156229	0.000963387871882068	0.000972590318701215	0.000896545159713012	0.000859629241639353	0.000830967881160709	0.000829970130140192	0.000819194418173377	0.000837040144773998	0.000804936325527728	0.000792722527894396	0.000751999151740845	0.000804957875045355	0.000947943100200186	0.000804822932801943
2	20	0.00121693751671057	0.00121014742804732	0.00113367431171195	0.00113367431171195	0.001114803470513	0.00107799891639069	0.00110034358742065	0.00109420405238617	0.00109420405238617	0.00106799280699005	0.00107799891639069	0.000995313935001263	0.000955111130495839	0.000923858824599227	0.000922772729528402	0.000911017599936973	0.000930487349777546	0.000895428679278739	0.000882079493288765	0.000837509307611372	0.000895455835686235	0.0010511951137043	0.000895300926466979
2	21	0.00129890262520605	0.00129176100005461	0.00121128739474166	0.00121128739474166	0.00119141734823581	0.0011526497573851	0.00117618849075903	0.00116972157234235	0.00116972157234235	0.00114210663117572	0.0011526497573851	0.00106552985371871	0.00102311980297119	0.000990120195158755	0.000988974909597979	0.000976558341885723	0.000997125305462178	0.000960063674615591	0.00094594276961716	0.000898746316029167	0.000960095360876245	0.00112440416570648	0.000959925399123704
2	22	0.00135003318681608	0.001342708877131	0.00126013877780282	0.00126013877780282	0.00123974002641656	0.00119992780506435	0.00122410289858384	0.00121746179612562	0.00121746179612562	0.00118909752855476	0.00119992780506435	0.00111043889289257	0.00106682841964071	0.00103286541397645	0.0010316881528631	0.00101890521448146	0.00104008067148368	0.00100189683236636	0.000987339900103141	0.000938639545481524	0.00100193229969027	0.00117090992567737	0.00100175131638017
2	23	0.00137681253002716	0.00136943569580712	0.00128623812244572	0.00128623812244572	0.00126567406263089	0.00122552700609951	0.00124990736435072	0.00124321047627328	0.00124321047627328	0.00121460279569975	0.00122552700609951	0.0011352665918362	0.0010912358434555	0.00105691783367728	0.00105572967280995	0.00104280950107564	0.00106421388192263	0.00102559270725859	0.0010108610611737	0.000961532011817643	0.00102563128360095	0.00119625465353461	0.00102544260023043
2	24	0.00138862680364757	0.00138126904495917	0.00129825555784179	0.00129825555784179	0.0012777279537648	0.00123764134136477	0.00126198670177131	0.00125529995656719	0.00125529995656719	0.00122673107450059	0.00123764134136477	0.0011475011761307	0.00110348986592486	0.00106916235230064	0.00106797513557163	0.0010550482028254	0.0010764652413207	0.00103779917241025	0.0010230432891866	0.000973593575704952	0.00103784023040498	0.00120840389511993	0.00103764625478509
2	25	0.001395275431573	0.00138794915730849	0.00130526596108106	0.00130526596108106	0.00128481276811761	0.0012448628494309	0.00126912656536663	0.00126246267013573	0.00126246267013573	0.00123398777486336	0.0012448628494309	0.00115501815542521	0.0011111194132983	0.00107685968649025	0.00107567586298066	0.00106277189890137	0.00108415209440506	0.0010455344876881	0.0010307913226113	0.000981352040208696	0.00104557749393809	0.00121571773809361	0.00104537959878975
2	26	0.00140186488919905	0.00139454734126684	0.00131194652907952	0.00131194652907952	0.00129150902412313	0.00125158418100327	0.00127583355358908	0.00126917387243589	0.00126917387243589	0.00124071463309239	0.00125158418100327	0.00116178851454044	0.0011178931587309	0.00108362304573505	0.00108243955350252	0.00106953002438907	0.00109092024241625	0.00105227270753036	0.00103751435554572	0.000988003134492433	0.0010523170592636	0.00122245260580976	0.00105211627950158
2	27	0.00141328908335274	0.00140593861361278	0.00132295628694988	0.00132295628694988	0.00130242150338733	0.00126230320486463	0.00128667062217887	0.00127997869086417	0.00127997869086417	0.00125138019019133	0.00126230320486463	0.00117206803649713	0.00112794516012742	0.00109348937058042	0.00109229989525299	0.00107931940595659	0.00110082770083325	0.00106195949567821	0.00104711455333348	0.00099729984280085	0.00106200491499828	0.00123302754919577	0.00106180129382111
2	28	0.00143175714545805	0.00142431848584335	0.00134033764060191	0.00134033764060191	0.00131955491634189	0.00127895121629835	0.00130361362135907	0.00129684072832401	0.00129684072832401	0.0012678958064848	0.00127895121629835	0.0011876229950673	0.0011429619087651	0.00110808345662714	0.00110687951712535	0.00109373949991687	0.00111551227624913	0.00107616395502292	0.00106113495719985	0.0010106987840819	0.00107621017596961	0.00124932048723775	0.00107600353882238
2	29	0.00145850418401541	0.00145091056153233	0.00136518615079384	0.00136518615079384	0.0013439736750315	0.00130253241037801	0.00132770321981791	0.00132079060542066	0.00132079060542066	0.00129124943062878	0.00130253241037801	0.00120932289705391	0.00116374943446615	0.00112816328642941	0.00112693466025677	0.00111352863645128	0.00113574187920485	0.00109560194367049	0.00108027198522523	0.0010288336176411	0.00109564860468897	0.00127229221784225	0.0010954388298716
2	30	0.00149354403999897	0.00148572637089304	0.0013974882056723	0.0013974882056723	0.00137565822037905	0.00133301593328232	0.00135891537248398	0.00135180239125241	0.00135180239125241	0.00132140720907545	0.00133301593328232	0.00123711205753026	0.00119024106335143	0.00115365431153458	0.00115239047039466	0.00113860908945785	0.00116144350505163	0.00112019252924529	0.00110444187846085	0.00105161219700449	0.00112023921230668	0.0013019039213039	0.00112002627349147
2	31	0.00153387910166036	0.00152578295182352	0.00143442687485787	0.00143442687485787	0.00141183289397862	0.00136770697527825	0.00139450612868964	0.00138714561992853	0.00138714561992853	0.00135569639487246	0.00136770697527825	0.00126847820239716	0.00122001445246722	0.00118220478031108	0.00118089762320667	0.0011666581886857	0.00119025031376897	0.00114764892077571	0.00113138851698958	0.00107688179759395	0.00114769509258146	0.00133551996885803	0.0011474794282216
2	32	0.00157797090695653	0.00156957269296024	0.00147483441562067	0.00147483441562067	0.00145141160387041	0.00140567605156908	0.00143345134578893	0.00142582228805274	0.00142582228805274	0.00139322946290168	0.00140567605156908	0.00130284045143074	0.00125264835902748	0.00121351122812385	0.00121215708940931	0.00119742040985192	0.00122183512713268	0.00117776713276755	0.00116095297828162	0.00110462357331394	0.00117781281612562	0.00137232266795862	0.0011775940529726
2	33	0.00162362311653849	0.0016149240513713	0.00151681400400011	0.00151681400400011	0.00149256398980076	0.00144522085204287	0.00147397122358547	0.00146607396491877	0.00146607396491877	0.00143233854792252	0.00144522085204287	0.00133878185396434	0.00128685880898543	0.00124638941629724	0.00124498828418116	0.0012297522108373	0.00125499326480837	0.00120944931464686	0.0011920770341037	0.00113390572102547	0.0012094948103684	0.00141070161577548	0.00120927229618649
2	34	0.00167203520719594	0.00166303403203445	0.00156153307805228	0.00156153307805228	0.00153644969126677	0.00148748521193576	0.00151721928700171	0.00150905154238609	0.00150905154238609	0.00147416304989276	0.00148748521193576	0.0013774096060613	0.0013237330893014	0.00128190987709141	0.00128046121720145	0.00126471712427055	0.00129079905110844	0.00124374927901401	0.00122580632077002	0.00116574459081539	0.00124379502080739	0.00145178863080459	0.00124356776900631
2	35	0.00172713461382533	0.00171780280532624	0.00161258656202414	0.00161258656202414	0.00158658884036692	0.00153584402647403	0.00156665850603352	0.00155819375925307	0.00155819375925307	0.00152203852638234	0.00153584402647403	0.00142177308436183	0.00136616467111436	0.00132284640358014	0.00132134544012984	0.00130503987749833	0.0013320513580308	0.00128333378947056	0.00126475774252668	0.00120259311101366	0.00128338015673695	0.00149885337840294	0.00128314692300653
2	36	0.00179159658612833	0.00178186743012261	0.00167219002939776	0.00167219002939776	0.00164509552065303	0.00159221642748113	0.00162432589480109	0.00161550509208411	0.00161550509208411	0.00157783180507996	0.00159221642748113	0.0014733580916374	0.00141543951790058	0.0013703364083049	0.00136877285809294	0.00135179739048378	0.0013799177860277	0.00132921319000897	0.00130988373259092	0.0012452212544059	0.00132926001913674	0.00155367556584788	0.00132902024848538
2	37	0.00186987151481271	0.00185966830577397	0.00174466587545446	0.00174466587545446	0.00171626141149986	0.00166083229231149	0.00169448915383011	0.00168524294257256	0.00168524294257256	0.00164575551848857	0.00166083229231149	0.00153625275387381	0.00147556993583136	0.00142832893026549	0.00142669053199296	0.00140891236177655	0.00143836163470794	0.0013852738216589	0.00136504007548277	0.00129737583747412	0.00138532143347225	0.00162043844141546	0.00138507334639645
2	38	0.00196334238159193	0.00195258614171538	0.00183136712987336	0.00183136712987336	0.00180143210405108	0.00174302198349826	0.00177848800606168	0.00176874449734403	0.00176874449734403	0.00172713572069188	0.00174302198349826	0.00161175201333049	0.00154783105385089	0.00149808208712974	0.0014963560678375	0.00147763578496616	0.00150864493813034	0.00145275643320621	0.00143145895113958	0.00136025787727136	0.00145280531910919	0.00170046066138379	0.00145254672118911
2	39	0.00207133749240166	0.0020599659718682	0.00193182218228547	0.00193182218228547	0.00190017976566752	0.00183844131060948	0.00187592775751484	0.00186562902488815	0.00186562902488815	0.00182165055546227	0.00183844131060948	0.00169969659815864	0.00163214728429227	0.00157958149140303	0.00157775739348048	0.0015579780925882	0.00159074106316267	0.00153169779074199	0.00150920015610384	0.00143399797339045	0.00153174875901903	0.00179345746502773	0.00153147697382904
2	40	0.00219097350039011	0.00217895857976141	0.00204355920083604	0.00204355920083604	0.00201012364965702	0.0019448847570306	0.00198449689142785	0.00197361425289564	0.00197361425289564	0.00192714158242914	0.0019448847570306	0.00179827050799372	0.00172688336315081	0.00167132702231	0.00166939934674518	0.00164849423919393	0.00168312224682544	0.00162071443037497	0.00159693362824078	0.00151743589519315	0.0016207686863015	0.00189734888798026	0.0016204806155563
2	41	0.00231461475825252	0.00230196361736907	0.00215937826118992	0.00215937826118992	0.00212416347630597	0.00205544737205357	0.00209717171213972	0.00208570906389882	0.00208570906389882	0.00203675718573526	0.00205544737205357	0.00190100935257425	0.00182579263392804	0.00176724345839237	0.00176521255839438	0.00174317963061795	0.00177967649346156	0.00171388963078737	0.00168881762642492	0.00160498367445616	0.00171394802304605	0.00200537307589952	0.00171364185890128
2	42	0.00243934091515273	0.00242611873137153	0.00227705475971887	0.00227705475971887	0.00224022751347643	0.00216835023049898	0.00221199637814087	0.00220000649085064	0.00220000649085064	0.00214879679815536	0.00216835023049898	0.00200678375879032	0.00192804212041836	0.00186671605706081	0.00186459048892374	0.00184150822002526	0.00187974513903791	0.0018107927162015	0.00178450476059193	0.00169655247208434	0.00181085710946815	0.00211595977949843	0.00181052956849905
2	43	0.002563740773733	0.00255002387080063	0.00239531421897473	0.00239531421897473	0.00235707227121173	0.00228241026245547	0.0023277511407296	0.0023152968642383	0.0023152968642383	0.00226209377051468	0.00228241026245547	0.00211454797718158	0.00203265227626012	0.00196881612026298	0.00196660627809535	0.0019425722503923	0.00198238889395393	0.00191054021528952	0.00188313260539044	0.00179134867765803	0.001910612552339	0.00222796990823811	0.00191026034596454
2	44	0.00269230903047423	0.00267812446490749	0.00251805760419312	0.00251805760419312	0.00247846738233783	0.00240114452668745	0.00244810583266429	0.00243520786393014	0.00243520786393014	0.00238009732499561	0.00240114452668745	0.00222725902787002	0.00214232021200192	0.00207604617495477	0.00207375535748949	0.00204879500755454	0.00209015019246701	0.00201546615514237	0.00198695795925609	0.00189138266004459	0.00201554788082516	0.00234473961777651	0.00201516817334468
2	45	0.0028362215044236	0.00282149323445136	0.00265521159651557	0.00265521159651557	0.00261406112901973	0.00253366355993107	0.00258249663196142	0.00256908593482842	0.00256908593482842	0.00251177302134571	0.00253366355993107	0.00235282746763473	0.00226439203541321	0.00219532545066816	0.00219294151740375	0.00216692127680173	0.00221003649277479	0.00213211556765461	0.00210235322380182	0.00200246952524622	0.00213220732046723	0.00247499228701022	0.0021317976575176
2	46	0.00300402851887758	0.00298855246785897	0.00281378304792087	0.00281378304792087	0.00277051884962281	0.00268597589119454	0.00273732935058418	0.00272322727118708	0.00272322727118708	0.00266295298747579	0.00268597589119454	0.00249579642317766	0.00240273330708419	0.00233001536017269	0.002327507400903	0.00230010687533811	0.00234551156107668	0.00226341881834176	0.00223205227214785	0.00212672448776763	0.00226351928131039	0.00262426604315088	0.00226307978099767
2	47	0.00320986589953068	0.00319335854333991	0.00300693203434274	0.00300693203434274	0.00296077901240651	0.00287058728624051	0.00292537253293143	0.00291032823890069	0.00291032823890069	0.00284602523724825	0.00287058728624051	0.00266769652422225	0.00256839943382936	0.00249080156829884	0.00248812578347114	0.00245888538042051	0.00250733944084804	0.00241972526214955	0.00238624650782269	0.00227381172806104	0.00241983338392183	0.00280475111686965	0.00241936244658816
2	48	0.00346083557748939	0.00344295397396439	0.00324103810909123	0.00324103810909123	0.00319105940142101	0.00309340220433525	0.00315272051505593	0.00313643089452555	0.00313643089452555	0.00306680955653483	0.00309340220433525	0.0028737302624069	0.00276625996142633	0.00268230027212773	0.00267940374423475	0.00264776924134074	0.00270018893483472	0.00260542739047167	0.00256922482189056	0.00244768342476356	0.00260554174309876	0.00302212565195763	0.0026050377771198
2	49	0.00376033852351932	0.00374072086539158	0.00351927183822032	0.00351927183822032	0.00346447864563437	0.00335743828081881	0.00342245219968613	0.00340459729199842	0.00340459729199842	0.00332829619239067	0.00335743828081881	0.00311669011341254	0.00299899860006351	0.00290711087215532	0.00290393777290694	0.00286932331392375	0.00292667733715568	0.00282304795701906	0.00278347401723579	0.00265070636790622	0.00282316721083737	0.00327933398397935	0.00282262815535556
2	50	0.00410547301373668	0.00408380585911531	0.00383931512242805	0.00383931512242805	0.00377884795359747	0.00366075559444854	0.00373247710324635	0.00371277848185822	0.00371277848185822	0.00362861210450675	0.00366075559444854	0.00339519332343549	0.00326549043368878	0.00316430017879642	0.00316080186461981	0.00312269268606881	0.00318583263276427	0.00307181724691739	0.00302829882946118	0.00288241897796286	0.00307194089093909	0.00357461457961418	0.00307136354991626
2	51	0.00448026041879619	0.00445636992704271	0.00418688429260459	0.00418688429260459	0.00412026252376802	0.00399018237788607	0.00406917935992792	0.00404748091232564	0.00404748091232564	0.0039547834394446	0.00399018237788607	0.00369770816044528	0.0035549790266502	0.00344370020877378	0.00343984926682979	0.00339795016457246	0.00346736490118046	0.00334208525261363	0.00329428874508846	0.00313418686483461	0.00334221376269018	0.00389532447756538	0.00334159468220466
2	52	0.00486909124936845	0.00484303534283553	0.00454915877737612	0.00454915877737612	0.00447651732536192	0.00433469573851957	0.00442082130973466	0.00439716422447052	0.00439716422447052	0.00429610440281808	0.00433469573851957	0.00401583974826883	0.00386028028757667	0.00373902599434789	0.00373482841460254	0.00368917689288287	0.00376480668151178	0.00362833481717721	0.00357627625182463	0.00340194221235325	0.00362847208143705	0.00423128599665827	0.00362780337000793
2	53	0.00525780918084506	0.00522982200521603	0.00491410687594894	0.00491410687594894	0.00483605087154847	0.00468363870942127	0.00477619883744109	0.00475077526060425	0.00475077526060425	0.00464216100924107	0.00468363870942127	0.00434094340328952	0.00417368241335351	0.00404326245163161	0.00403874987457022	0.00398964176019345	0.0040710006309541	0.00392415091957739	0.00386812074515276	0.00368041509553079	0.00392430302520055	0.00457249017788732	0.00392357429560492
2	54	0.00564512467401435	0.00561545782141892	0.00528065189052547	0.00528065189052547	0.00519783434015308	0.00503607540341951	0.00513431970477944	0.00510733728815352	0.00510733728815352	0.00499204253137453	0.00503607540341951	0.00467229484196916	0.0044945613258988	0.00435586115132214	0.004351068046832	0.0042988274537526	0.00438538287274746	0.004229050627636	0.00416936939963839	0.00396924859188454	0.00422922395265458	0.00491806842226841	0.00422842444105005
2	55	0.00605004407234976	0.00601873803083515	0.0056652529154065	0.0056652529154065	0.00557776240000602	0.00540681394438509	0.00551064942145375	0.0054821344854471	0.0054821344854471	0.00536026502251747	0.00540681394438509	0.00502228650582635	0.00483418582302248	0.00468724878354653	0.00468217884220692	0.00462681736171745	0.00471855276135435	0.00455273122061048	0.00448938503839732	0.00427673820848279	0.00455292989386619	0.00528204973690728	0.00455205098980153
2	56	0.00649819713542046	0.00646499486449708	0.00608994503024712	0.00608994503024712	0.00599707220986906	0.00581555395438068	0.005925818095198	0.00589554037143259	0.00589554037143259	0.00576611445964909	0.00581555395438068	0.00540718821603766	0.00520722740566756	0.00505089853584439	0.00504551144887188	0.00498659556014048	0.0050842288578578	0.00490762906875902	0.0048401286838947	0.00461332999729668	0.00490785371604045	0.00568302998710932	0.00490689050241805
2	57	0.00701840102161729	0.00698272674405655	0.00657968599280888	0.00657968599280888	0.00647986220229233	0.00628473507809641	0.00640326970497707	0.00637072211756392	0.00637072211756392	0.00623158353749544	0.00628473507809641	0.00584572735551167	0.00563067472267228	0.00546249091372479	0.00545669839789386	0.00539330778303516	0.00549836010852192	0.00530828859340621	0.00523562277158626	0.00499137686783636	0.00530853620038728	0.00614225551962127	0.00530748739150504
2	58	0.00763250807028471	0.00759354176824159	0.00715337043657071	0.00715337043657071	0.00704436835360628	0.00683132175482838	0.00696073857520674	0.00692520186312376	0.00692520186312376	0.00677329406354618	0.00683132175482838	0.00635202150074913	0.00611731184820787	0.00593380683169249	0.00592748378160202	0.00585832479262226	0.00597293321215822	0.00576561982623221	0.00568637724831206	0.00542010964539091	0.00576588453426605	0.00667577596862713	0.00576475173981991
2	59	0.00835549898680728	0.00831228963688389	0.00782439130879618	0.00782439130879618	0.00770362957864039	0.00746766886492825	0.00761099384784357	0.00757163460706627	0.00757163460706627	0.00740341645321226	0.00746766886492825	0.00693690026526359	0.0066772497899273	0.00647441285465616	0.00646741456140613	0.00639099067708526	0.00651762752473106	0.00628871060792196	0.00620125880326711	0.00590767893705396	0.00628898568653716	0.00729545355579311	0.00628777067244377
2	60	0.00919354139217018	0.00914513994076893	0.00859893672082668	0.00859893672082668	0.00846383741721627	0.00819997316387122	0.00836022935107001	0.0083162150569718	0.0083162150569718	0.00812814852250397	0.00819997316387122	0.00760658264076082	0.00731670910315325	0.00709052288759072	0.00708270512827278	0.00699751676605194	0.0071386604812012	0.00688375706235029	0.00678645293856523	0.00646021846144665	0.00688403705910368	0.00800748751308909	0.00688273887733287
2	61	0.0101370709707124	0.0100828306236163	0.00947106811515644	0.00947106811515644	0.00931984981936716	0.00902461788688769	0.00920390678989981	0.00915465951715536	0.00915465951715536	0.00894428159180908	0.00902461788688769	0.00836084983989043	0.00803701612137817	0.00778459489003182	0.00777585666769214	0.00768082133739654	0.00783826421135873	0.00755416127979613	0.00744578683653883	0.00708285894700168	0.00755444721047872	0.00880934773911874	0.00755305473666683
2	62	0.0111574301476806	0.0110970534348253	0.0104163409135109	0.0104163409135109	0.0102481550493636	0.00991988623666779	0.0101192235215135	0.0100644649037323	0.0100644649037323	0.00983058115403392	0.00991988623666779	0.00918229353565736	0.00882268126124978	0.00854248532341562	0.00853278743709388	0.00842732300346384	0.00860205151730102	0.008286786457124	0.00816656008564779	0.00776408857205424	0.00828710368350346	0.00968060377088414	0.00828555880187658
2	63	0.0122247127770368	0.0121583194199907	0.011409865851916	0.011409865851916	0.0112249700989249	0.010864118691964	0.0110832362489435	0.011023042338876	0.011023042338876	0.0107659570536728	0.010864118691964	0.0100534771626063	0.0096583352444933	0.0093504966865291	0.00933984271315586	0.00922398371011473	0.00941593631028824	0.0090696041389362	0.00893754291139066	0.00849550520221482	0.0090699526017904	0.0106011134774695	0.00906825560005865
2	64	0.0133167869691877	0.013244721282611	0.0124322238611577	0.0124322238611577	0.0122314779138231	0.0118396581495289	0.0120775859012642	0.0120122263275038	0.0120122263275038	0.0117330642394684	0.0118396581495289	0.0109592743848861	0.0105300459203748	0.0101956084112432	0.0101840331757879	0.0100581526326725	0.0102667056431303	0.00989041075069517	0.00974691085030737	0.00926652939421475	0.00989078938619391	0.0115540524238977	0.00988894544426225
2	65	0.0144339584558183	0.0143564224827785	0.0134820310455789	0.0134820310455789	0.013265928766403	0.0128440603385231	0.0131002468575268	0.013029875282725	0.013029875282725	0.0127292740350436	0.0128440603385231	0.0118957782033101	0.0114332446403149	0.0110727608645708	0.0110602825925887	0.0109245747478476	0.011149402422533	0.0107437179866471	0.0105889805935717	0.0100708564847879	0.0107441262510895	0.0125364866993714	0.0107421380161276
2	66	0.0156075668178178	0.0155245616939696	0.0145881773863487	0.0145881773863487	0.0143566617915013	0.0139045948079344	0.0141791372755187	0.0141037289137059	0.0141037289137059	0.0137815663021853	0.0139045948079344	0.0128878825817749	0.0123916815613462	0.0120048197806597	0.011991426195202	0.0118457540459974	0.0120870798945676	0.0116515897985322	0.0114854408913359	0.0109289276986109	0.0116520281397374	0.0135749109309736	0.0116498934303207
2	67	0.0168512846520365	0.0167621989751486	0.0157570188680777	0.0157570188680777	0.015508435411045	0.0150229716209053	0.0153178071799477	0.0152368283555292	0.0152368283555292	0.0148908380935817	0.0150229716209053	0.0139307995782188	0.0133975862740581	0.0129817797256656	0.0129673826213264	0.0128107897112715	0.0130702011061478	0.0126020514355398	0.0124234148561201	0.0118249606454264	0.0126025227020412	0.0146688728032668	0.0126002276463546
2	68	0.0182057147334609	0.0181094777172322	0.0170236035556341	0.0170236035556341	0.0167550632826086	0.0162306242473598	0.0165491307340306	0.0164616505671522	0.0164616505671522	0.0160878821664873	0.0162306242473598	0.0150507617890156	0.0144747337279267	0.0140255382031979	0.0140099849975807	0.0138408174222103	0.0141210598700239	0.0136153168228041	0.0134223349014464	0.0127758201448829	0.0136158259338415	0.0158480957677128	0.0136133465762255
2	69	0.0197431187848143	0.0196382791974451	0.0184555191288089	0.0184555191288089	0.0181630710043089	0.0175920038143654	0.0179388189974988	0.0178435605734328	0.0178435605734328	0.0174365849467054	0.0175920038143654	0.0163075517647585	0.015680626414819	0.0151918193127987	0.0151748958415707	0.0149908298625533	0.0152957584891187	0.014745485681524	0.0145355364901668	0.0138322808373899	0.0147460395724669	0.0171755175634224	0.0147433421387589
2	70	0.0215515739209534	0.0214363505990045	0.0201367420848428	0.0201367420848428	0.0198154885750197	0.019188275239878	0.0195691722552779	0.0194645476444112	0.0194645476444112	0.0190175998253955	0.019188275239878	0.0177780544110944	0.0170900151519479	0.0165536883206995	0.0165351217141418	0.0163331935615914	0.0166677222657723	0.0160640670303838	0.0158337907833511	0.0150626142717127	0.0160646745782497	0.0187309284694315	0.0160617158382678
2	71	0.0239909265187122	0.0238617465330225	0.022405070625631	0.022405070625631	0.0220450932462081	0.021342396596221	0.0217691142145597	0.0216518976551858	0.0216518976551858	0.0211512090992661	0.021342396596221	0.0197630681406795	0.0189928431773487	0.0183926059434408	0.0183718293465116	0.0181458764231119	0.0185202170416767	0.0178447611724935	0.0175871426204398	0.016724596337898	0.0178454408938584	0.0208301127297193	0.017842130672822
2	72	0.0269677142948251	0.0268223821094959	0.0251836160597583	0.0251836160597583	0.0247786539003391	0.0239881607052426	0.0244681908072505	0.0243363288480873	0.0243363288480873	0.0237730896134763	0.0239881607052426	0.0222115895202835	0.0213452143503382	0.0206700678749812	0.0206466987045966	0.0203925520792863	0.0208136032072486	0.0200538688091513	0.0197641128810482	0.0187939924276562	0.0200546333290808	0.0234118848657172	0.0200509101420154
2	73	0.0305456145836806	0.0303824433692213	0.0285419762551296	0.0285419762551296	0.0280870112886691	0.0271987224587929	0.0277381694882127	0.0275899953275695	0.0275899953275695	0.0269569997423895	0.0271987224587929	0.0252014108085518	0.0242268850054454	0.0234672188513506	0.0234409202964579	0.0231548987951762	0.0236287409802898	0.0227736893686416	0.0224475058830702	0.0213551142142175	0.0227745499474988	0.0265509911457985	0.0227703589538786
2	74	0.0347601272551013	0.0345778910626809	0.0325210966367613	0.0325210966367613	0.0320122805240502	0.0310184061360925	0.0316220448284919	0.0314562605952006	0.0314562605952006	0.0307478474758695	0.0310184061360925	0.0287814458514986	0.0276888074096608	0.0268365033683146	0.0268069887152876	0.026485949153799	0.0270177648510791	0.0260579526885451	0.0256916298301731	0.0244640804914827	0.0260589190383796	0.0302933028158625	0.026054212936816
2	75	0.0396016931231016	0.0393996126540541	0.0371168345075001	0.0371168345075001	0.0365515269918132	0.0354466105559139	0.0361178026455661	0.0359334998563673	0.0359334998563673	0.0351456605945333	0.0354466105559139	0.0329562073716101	0.0317379157896946	0.0307867063487199	0.0307537523452652	0.0303952390399879	0.0309890690661261	0.0299171031161048	0.0295076990913219	0.0281346328127551	0.0299181829083887	0.0346398980708847	0.0299129243346018
2	76	0.0451001399159518	0.044877798509713	0.0423634044892027	0.0423634044892027	0.0417399399472626	0.0405204025114745	0.0412613736263669	0.0410579571435682	0.0410579571435682	0.0401880107149691	0.0405204025114745	0.0377668478590614	0.0364172791333956	0.0353623514066936	0.035325784505291	0.0349278794415109	0.035586870983893	0.0343969597493174	0.0339421307039646	0.0324151340141138	0.0343981590681359	0.0396291903011015	0.0343923183878918
2	77	0.0511149709328755	0.0508713392734433	0.0481133346422865	0.0481133346422865	0.0474286340940935	0.046088326238315	0.0469028329268461	0.0466792777763786	0.0466792777763786	0.0457227866852151	0.046088326238315	0.0430570826452735	0.0415687581728201	0.0404040930993679	0.0403637018453769	0.0399240916160715	0.0406520636776972	0.0393372654122828	0.0388343027841527	0.0371440487605065	0.039338591358719	0.0451080107826228	0.0393321339877377
2	78	0.0575486057363086	0.0572822645768606	0.05426454847548	0.05426454847548	0.0535146034717965	0.0520456633178819	0.0529384857658804	0.0526934807392963	0.0526934807392963	0.0516448280492125	0.0520456633178819	0.0487188621010196	0.047082954854082	0.0458016159802286	0.0457571593207988	0.0452732181200017	0.0460745166925212	0.0446269736997621	0.0440728614047671	0.04220916867715	0.0446284342173024	0.0509704801925303	0.044621321470356
2	79	0.0643576131903186	0.0640668306621762	0.0607699020900827	0.0607699020900827	0.0599499009615769	0.0583429435573898	0.059319779665631	0.0590517592303639	0.0590517592303639	0.0579042608027052	0.0583429435573898	0.054699523985	0.0529057755934806	0.0514997726007078	0.0514509740076024	0.0509196946587763	0.0517993019631126	0.0502100249132017	0.049601334922111	0.0475527260980035	0.0502116290468775	0.0571660568241095	0.0502038168749706
2	80	0.0715487185415178	0.0712315116641906	0.0676330554148976	0.0676330554148976	0.0667374965102982	0.0649817971405877	0.0660491572303656	0.0657563323224956	0.0657563323224956	0.0645023523494492	0.0649817971405877	0.0609977267724448	0.0590344527084353	0.057494696038603	0.0574412411390277	0.0568592058142925	0.0578227853180525	0.0560815590791952	0.0554144000146018	0.0531678647032562	0.0560833170997239	0.0636954005781475	0.0560747554849641
2	81	0.0791404878619725	0.0787970936877303	0.074899242150716	0.074899242150716	0.0739284928380516	0.072024576022616	0.0731821723869513	0.0728646316143963	0.0728646316143963	0.0715044665538349	0.072024576022616	0.0677000453124647	0.0655668044360416	0.0638926890673052	0.0638345526714743	0.0632014686543872	0.064249486669373	0.0623554006168801	0.0616293421071303	0.059183088468859	0.0623573135980033	0.0706288856122396	0.0623479973082606
2	82	0.0875486606288716	0.0871767902326734	0.0829532688856765	0.0829532688856765	0.0819006992176902	0.079835457656787	0.0810912762360557	0.0807468341303112	0.0807468341303112	0.0792710784026466	0.079835457656787	0.07514015940053	0.0728217127745476	0.0710011386945244	0.0709378983256086	0.07024915491194	0.0713892340772116	0.0693284745661561	0.068538176757178	0.0658740247114166	0.0693305565439024	0.0783207750474449	0.0693204172215585
2	83	0.0970953854937328	0.0966920392172391	0.0921083268264177	0.0921083268264177	0.0909652004453009	0.08872133251847	0.0900859194745543	0.0897116913894624	0.0897116913894624	0.0881079177876052	0.08872133251847	0.0836151101177999	0.0810911875027948	0.0791080225547759	0.0790391143602685	0.0782885553539932	0.0795308708294723	0.0772849890510789	0.0764233089427278	0.0735168922585997	0.0772872587927968	0.087074830400176	0.0772762050375664
2	84	0.108034647019291	0.107596460052933	0.102613724635862	0.102613724635862	0.101370182739228	0.0989281265394286	0.100413411690627	0.100006136344575	0.100006136344575	0.0982602793450061	0.0989281265394286	0.0933653868591346	0.0906128732134261	0.0884486732308724	0.0883734517815876	0.0875540269580997	0.0889102282546256	0.0864580898082109	0.0855168297404935	0.0823401223067721	0.0864605688413267	0.0971352698711483	0.0864484958103212
2	85	0.120443923636836	0.11996765814363	0.114548442496805	0.114548442496805	0.113194948842302	0.110535750826699	0.112153297986891	0.111709815707606	0.111709815707606	0.109808234622545	0.110535750826699	0.10447215556698	0.101468484997606	0.0991052020343937	0.099023035092031	0.0981278353455962	0.0996093358625311	0.0969302237273085	0.0959013347742418	0.0924267633869108	0.0969329331789815	0.108582429370125	0.0969197379782145
2	86	0.134325587151163	0.133809404551782	0.127931854100964	0.127931854100964	0.126462675486689	0.12357474095576	0.125331655665036	0.124850034693351	0.124850034693351	0.122784305926985	0.12357474095576	0.116982150525418	0.113712468466001	0.111137969463697	0.111048427972249	0.110072746954464	0.111687303873206	0.108767072646041	0.10764498140019	0.103853128698411	0.108770027088712	0.121452152453678	0.10875563874433
2	87	0.149466413586942	0.148908751023151	0.142554403631997	0.142554403631997	0.140964728430606	0.137838361459507	0.13974058027287	0.139219205012767	0.139219205012767	0.136982297827911	0.137838361459507	0.130693412362978	0.127145465928988	0.124349777448562	0.124252509244194	0.123192486263605	0.124946465114089	0.121773515192962	0.120553660803366	0.116428674265798	0.121776726558331	0.135539173785623	0.121761086958321
2	88	0.165717798020205	0.165117844483481	0.158276827635647	0.158276827635647	0.156563999388562	0.153193749572534	0.155244624790878	0.154682587623999	0.154682587623999	0.152270511650264	0.153193749572534	0.145482813842049	0.141649200124888	0.138626176985738	0.13852096319714	0.137374190590773	0.139271553047083	0.135838634899725	0.134518130642242	0.13004982524491	0.135842110713435	0.150713758571528	0.135825183203688
2	89	0.18311910070091	0.182476545517199	0.175144604073755	0.175144604073755	0.173307346721938	0.169690448036906	0.171891703524635	0.171288544680397	0.171288544680397	0.168699217979668	0.169690448036906	0.161405873456888	0.157282069659039	0.154027792865081	0.15391449136823	0.152679394723927	0.154722720608893	0.151025072862047	0.14960197460576	0.144783292833165	0.151028818157882	0.167027397209054	0.151010578219322
2	90	0.201813793526446	0.20112815065118	0.193299038808047	0.193299038808047	0.191335580148527	0.187468292460516	0.189822244536682	0.189177341791139	0.189177341791139	0.186407986005174	0.187468292460516	0.178600205564177	0.174180586313652	0.170690267176804	0.170568705565947	0.169243380336419	0.17143579561281	0.167467668414042	0.165939651315458	0.160762244329711	0.167471689227471	0.184619210004681	0.167452107462722
2	91	0.222087490034133	0.221358390304542	0.213027038365309	0.213027038365309	0.210935854193361	0.206814868787886	0.20932358026822	0.208636383678501	0.208636383678501	0.205684506495216	0.206814868787886	0.197354088229676	0.192633211155999	0.1889021257286	0.188772132554477	0.18735467886846	0.189699296073719	0.18545494258613	0.183819657346675	0.178274984120391	0.185459244997959	0.203777051202951	0.185438291787896
2	92	0.244443165013333	0.243670576003035	0.234835451034221	0.234835451034221	0.232615812866219	0.228239277539841	0.230903942340986	0.230174145505482	0.230174145505482	0.227038253184524	0.228239277539841	0.218179385492871	0.213152871780229	0.209176981670006	0.209038406849483	0.207527146661135	0.210026700379309	0.205501016703749	0.203756312108568	0.197836291726582	0.205505606236832	0.225010998236644	0.205483254677817
2	93	0.268849280269873	0.268033151978123	0.258692751184773	0.258692751184773	0.256344005242433	0.251710294563691	0.254531955954497	0.253759289833909	0.253759289833909	0.250438082649435	0.251710294563691	0.241045796821937	0.235709940738275	0.231485840470199	0.231338557585603	0.229732077973008	0.232388871253488	0.227577560717806	0.225721627671914	0.219419468771912	0.227582442017757	0.248290062071822	0.227558669479536
2	94	0.294960697083238	0.294101590385544	0.284261665826908	0.284261665826908	0.281785059608339	0.27689639086104	0.27987373756896	0.27905857336291	0.27905857336291	0.275553542377801	0.27689639086104	0.265631106182824	0.259987110814969	0.255515400603746	0.255359424826419	0.253657865687842	0.256471641888403	0.251375074427632	0.249407941237364	0.242723248125135	0.251380247334972	0.273285628846462	0.251355054590037
2	95	0.320405679738187	0.319518500861238	0.309347815867595	0.309347815867595	0.306785243065183	0.301723605069802	0.304806815936667	0.303962829123231	0.303962829123231	0.300332474567122	0.301723605069802	0.290042781042471	0.284181451740546	0.279533090075531	0.279370880454523	0.2776009969029	0.280527442403262	0.275225620253713	0.273177849476465	0.26621313054269	0.275231004164841	0.297982256916481	0.275204783751888
2	96	0.348642471299442	0.347734825970982	0.337318619227858	0.337318619227858	0.334690976385108	0.329496937647914	0.332661413627399	0.33179537290404	0.33179537290404	0.328068507958129	0.329496937647914	0.317490492198511	0.311454923718885	0.306663086218194	0.306495784153848	0.304669957821014	0.307688528572014	0.302218403473684	0.300103944674988	0.292905262113619	0.302223961473706	0.325654374903563	0.302196893161733
2	97	0.378223017832178	0.37730327946234	0.366736834974102	0.366736834974102	0.364067914586167	0.358788201512754	0.36200552313188	0.361125221420932	0.361125221420932	0.357335250458931	0.358788201512754	0.346562516499404	0.340405271753699	0.335511226758505	0.335340265466412	0.33347410347652	0.336558963193077	0.330967227932686	0.328803976747281	0.321431589376011	0.330972912867401	0.354878724408847	0.330945226298981
2	98	0.408936703121523	0.408014237982219	0.397404670990406	0.397404670990406	0.394721378230014	0.389409023488545	0.392646904847249	0.391761185666231	0.391761185666231	0.387946099128379	0.389409023488545	0.377085847460972	0.370867635923786	0.365919323219867	0.365746372118573	0.363858073787012	0.366979114874303	0.361320255777666	0.359129184253971	0.351654093624478	0.361326012453359	0.385471729715457	0.361297976427047
2	99	0.440497638287604	0.439582194454162	0.429041554928416	0.429041554928416	0.42637220280483	0.421083218660386	0.424307527286673	0.423425729802247	0.423425729802247	0.419625734719727	0.421083218660386	0.408792208149808	0.40257826553496	0.397627487162725	0.397454354863725	0.395563657766005	0.398688248454923	0.393021397036574	0.390825358104983	0.383325331387392	0.393027165378534	0.417159580368218	0.392999072467199
2	100	0.507671312616981	0.506836205110924	0.497194196448599	0.497194196448599	0.49474461170051	0.489881588710565	0.492847725930087	0.492037002879486	0.492037002879486	0.488539252246822	0.489881588710565	0.47853084454634	0.472765246667481	0.468158379553714	0.467997058276288	0.466234387845307	0.469146456449729	0.463861499747727	0.461809188471523	0.454781777040168	0.463866887404129	0.486265716257665	0.463840648347647
3	0	0.0141138590803862	0.0138565446827197	0.0123702409611439	0.012275767282959	0.0118503966907604	0.0111454289423536	0.0114222385976153	0.0112139960164751	0.0111796599126029	0.0106141710613463	0.0107098483568977	0.00924630591963882	0.00872108623016705	0.00828833361025011	0.00834216619953778	0.00819423265758296	0.0085201852557024	0.00808360094564581	0.00793862076766601	0.00734077346553796	0.00823979743376678	0.0107757357238098	0.00832765302583858
3	1	0.000834989756698558	0.000817697573975808	0.000718699492730327	0.000712460003915282	0.000684448824193419	0.000638331368311002	0.00065639324751188	0.000642799701144517	0.000640561638549705	0.000603824071331995	0.000610034742981606	0.000515862346943335	0.000482748367637519	0.000455734501480584	0.000459076674638506	0.00044989792286415	0.000470167371392156	0.000443048169035508	0.000434116435882036	0.000397514275859591	0.000452720448305777	0.000614304998850219	0.000458185755638041
3	2	0.000682457269554227	0.000668704883192977	0.000589814142790446	0.000584832426851752	0.000562453019911397	0.000525552799983371	0.000540013122807529	0.000529131168088451	0.000527338948824527	0.000497897653381054	0.000502876012568991	0.000427238732153633	0.000400523157086348	0.000378681261985732	0.000381386735305062	0.000373955532697651	0.000390357881389906	0.000368407264986428	0.000361164892634732	0.000331444107242773	0.000376241477371164	0.000506299979645646	0.00038066386432858
3	3	0.000562758322282429	0.000551725173390744	0.000488309140383024	0.000484297117692314	0.000466262218128832	0.000436482132764875	0.000448158845391935	0.000439372474631072	0.000437924919141571	0.000414128093972338	0.000418152820184106	0.000356885585746538	0.000335149475921821	0.000317340080924836	0.000319548659352757	0.000313481464995412	0.000326866649912591	0.000308949475342057	0.000303027340940335	0.000278691086075595	0.000315348477724292	0.000420921787140417	0.000318957142029965
3	4	0.000467212653377539	0.000458286473647981	0.000406888521312086	0.000403631256128793	0.000388980477734739	0.00036475614374554	0.00037425937804465	0.000367109086951829	0.000365930724168516	0.000346546333082508	0.000349825321800398	0.000299821765583976	0.000282008458122723	0.000267383773643664	0.000269199410333049	0.000264211050300628	0.00027521117910199	0.000260483316390322	0.000255607200879948	0.000235544154286385	0.000265746588843785	0.000352081950313535	0.000268712014188278
3	5	0.000392114235086909	0.000384829186711472	0.000342801672750967	0.000340133451906699	0.000328124645645404	0.000308240829689936	0.000316045520861753	0.000310173744980402	0.000309205776952492	0.000293271362790849	0.000295967155527136	0.000254780833265721	0.000240043850607885	0.000227918804458214	0.00022942590198244	0.000225284702513996	0.000234412278649696	0.00022218864237658	0.000218134349486671	0.000201430559988414	0.000226559919332294	0.000297823105113599	0.000229020302006549
3	6	0.000334385470904796	0.000328345668993195	0.000293437287720346	0.000291217132952049	0.000281218821380465	0.000264641141295736	0.000271151599088361	0.00026625395224361	0.00026544632187365	0.000252142346176002	0.00025439337432886	0.000219939799713486	0.000207557608752749	0.000197348171390943	0.00019861868259236	0.000195127138246446	0.000202819077382482	0.000192515616385261	0.000189092021644369	0.00017496828004044	0.000196202691102718	0.000255943731983665	0.000198275855676994
3	7	0.000293386822942041	0.000288232284304122	0.000258387644795643	0.000256486346570164	0.000247918986975653	0.000233695232886904	0.000239284092290886	0.000235080089238586	0.000234386638274637	0.000222956211203938	0.000224890388886956	0.000195235420218635	0.000184532204794629	0.000175688783106801	0.000176790589532857	0.000173762312803997	0.000180430502939292	0.000171496331818679	0.00016852246598104	0.00015623868424407	0.000174695488234684	0.000226223068546849	0.000176492499735487
3	8	0.000267796632852492	0.000263214632078677	0.00023664119118265	0.000234945640564797	0.000227301244331668	0.000214594308606738	0.000219589538023686	0.000215832360711825	0.000215212444393706	0.000204988089946651	0.000206718264736051	0.00018014876777968	0.000170520340662619	0.000162549319552528	0.000163543543313362	0.000160810657824696	0.000166825693191279	0.000158764899580698	0.000156077222059053	0.000144962599927595	0.000161653092218454	0.00020791087783226	0.000163273865350112
3	9	0.000255605115642024	0.000251347624555014	0.00022661593990585	0.000225035467794054	0.000217906084106436	0.000206040930149735	0.000210707426862532	0.000207197774915306	0.000206618542896094	0.000197059688697068	0.000198677275768734	0.000173797807969529	0.00016474511047528	0.000157235931718894	0.000158173611140806	0.000155595880519637	0.000161266843690329	0.000153665509127154	0.00015112669721754	0.000140615554133359	0.000156390760253884	0.000199792776297409	0.000157918590093857
3	10	0.000254143964968668	0.000250048406173464	0.000226211081362731	0.000224684956855735	0.000217796326953033	0.000206315338243118	0.000210833262999743	0.000207435661074762	0.000206874741276755	0.000197611788850147	0.000199179273261099	0.000175025597717566	0.000166193344682183	0.000158849439296757	0.000159767758674026	0.000157242936672969	0.000162794412116169	0.000155351297976964	0.000152860113990237	0.000142531877849358	0.000158021831176089	0.000200260846203396	0.000159517160926732
3	11	0.000266950231340176	0.000262798260630207	0.000238583804694553	0.000237030575174251	0.000230014946742404	0.000218304828237443	0.000222915582395677	0.000219448498047197	0.000218875916156068	0.000209413801575265	0.000211014876983318	0.00018629638949043	0.000177209847932004	0.00016963526073085	0.000170583843703592	0.000167975485967332	0.000173707228208599	0.000166020304579504	0.00016344172641733	0.000152735747107569	0.00016878051811934	0.000212120355713052	0.000170324024540907
3	12	0.000296218534884799	0.000291786663495176	0.000265884828282935	0.000264220023491968	0.000256695177473144	0.000244115340077305	0.00024907155178022	0.000245345069624966	0.000244729432451	0.000234548490803073	0.00023627096552144	0.000209625142149536	0.000199774011570147	0.000191539451897872	0.000192572375762592	0.000189731733311374	0.000195969871812632	0.000187601332968767	0.000184787196505388	0.000173085381573494	0.000190608896404318	0.000237461179079768	0.000192288270811538
3	13	0.000345252218600032	0.000340293694233562	0.000311251423522429	0.000309380976693416	0.000300920656885232	0.000286754392716174	0.000292339061328301	0.000288140477566131	0.000287446599669268	0.000275963578813717	0.000277905940519077	0.000247798504625927	0.000236600925004539	0.000227214011054216	0.000228393524973789	0.000225149329908706	0.000232268840894899	0.000222714995164726	0.000219493923252171	0.000206079187571988	0.000226151638800067	0.000279249254601271	0.000228067624196833
3	14	0.000419045604243377	0.000413288105717387	0.00037949076653333	0.000377309483101643	0.000367435957086345	0.000350876038968913	0.000357408509632052	0.000352497877122022	0.000351686023136442	0.000338240891786073	0.000340514452263174	0.000305201111512407	0.000291982655854743	0.00028086754666515	0.000282266853591511	0.000278417632858207	0.000286858689246641	0.000275527718984382	0.000271696709906075	0.00025571592304985	0.000279607557638975	0.000342088396531322	0.000281878254601941
3	15	0.000521676818200653	0.000514835422717458	0.000474585202911462	0.000471981954193704	0.000460189725468999	0.00044037892297205	0.000448198792553984	0.000442321005602421	0.000441348896061957	0.000425238412353445	0.000427961567425205	0.000385579404988942	0.000369607939245345	0.000356134845306995	0.000357834392473088	0.000353158686972932	0.000363404249202672	0.00034964631457717	0.000344980890147053	0.000325487517288218	0.000354604996885998	0.000429848889191092	0.000357359800124943
3	16	0.000652085372382434	0.000643906758422987	0.000595690337881194	0.000592565834876393	0.000578402881878627	0.000554573183923407	0.000563984928869709	0.000556911292184195	0.000555741008446819	0.000536334140133629	0.000539612917018446	0.000488490456339016	0.000469101221161931	0.000452695191283014	0.000454768699965667	0.000449063548432416	0.000461555620445949	0.000444775666305073	0.000439069133429092	0.000415189769425186	0.00045082934361236	0.000541887952046253	0.00045418650625397
3	17	0.000803803120049562	0.000794129534249025	0.000736995643474302	0.000733286932669893	0.000716465795343697	0.000688125517739722	0.000699324562820157	0.000690908352442113	0.000689515531177455	0.000666405974343739	0.000670308295335415	0.000609367270057777	0.000586116457036699	0.000566387824401587	0.000568885758848249	0.000562012186054116	0.000577052313832818	0.000556843778696773	0.000549952884366274	0.00052107863423732	0.000564140806515717	0.000673019075763508	0.000568180724888044
3	18	0.00096086501104655	0.000949681094947695	0.000883533136659388	0.000879233576041409	0.000859723517543559	0.000826818499403577	0.000839826615058793	0.000830051516275487	0.000828433430707961	0.000801575519541521	0.000806108648954382	0.000735230852226813	0.000708058544127	0.000684950384036057	0.00068788051607724	0.000679817108243247	0.000697450896443382	0.00067375186108948	0.000665653166668945	0.000631682154158707	0.000682315339280927	0.000809260686390097	0.000687049903292808
3	19	0.00110472816767196	0.00109219681679016	0.00101800058251534	0.00101317308153946	0.000991259762076721	0.000954272496696096	0.00096889883832444	0.000957908251076545	0.00095608864566033	0.000925876974763611	0.000930974126831834	0.000851206472650667	0.000820512263485352	0.000794363584454071	0.000797683043257924	0.000788547796558255	0.000808516966950542	0.000781674463895953	0.000772486075118135	0.000733913568672543	0.000791379114104668	0.000934521115004952	0.000796738850347178
3	20	0.00122148539537883	0.0012078924948089	0.0011273488028127	0.00112210451457102	0.00109829325762492	0.00105807957544283	0.00107398527177831	0.00106203377807394	0.00106005483302064	0.00102719077820995	0.00103273367826755	0.000945934810116125	0.000912442473141236	0.000883873202215706	0.000887503042407304	0.000877513267933744	0.000899343372674612	0.000869995510022174	0.000859936862015497	0.000817686547369042	0.000880610256099613	0.00103659315946596	0.000886467900539303
3	21	0.00130368563028105	0.0012893891948181	0.00120462749556521	0.00119910555980676	0.00117402888846311	0.00113165994146802	0.00114842087772944	0.00113582710160627	0.00113374160694646	0.00109910280850998	0.00110494356430343	0.00101343683745253	0.000978052897673687	0.000947840250515857	0.000951681410693402	0.000941109785998463	0.000964205677627987	0.000933152975411497	0.000922499710520881	0.000877732168651757	0.000944387828425728	0.00110901234557548	0.000950583817610128
3	22	0.00135493824273139	0.00134027628155938	0.00125330217056609	0.00124763333945574	0.00122188518233795	0.0011783650036672	0.00119558390746626	0.00118264634007291	0.00118050373097971	0.00114491151419601	0.00115091160811383	0.00105686878525694	0.0010204339221703	0.000989296040848006	0.000993257204523637	0.00098235506184855	0.00100616769288212	0.000974148388067203	0.00096315382591158	0.00091693390592783	0.000985736222861385	0.00115509319849731	0.000992123249194801
3	23	0.00138175248259776	0.00136698554474723	0.00127934657752596	0.00127363183786742	0.00124767106960325	0.00120377596248732	0.00122114558080058	0.00120809506623647	0.00120593358073112	0.00117002341147117	0.00117607571472223	0.00108117783076837	0.00104434508557739	0.00101284074247566	0.00101685078117179	0.00100581389764326	0.00102991575744421	0.000997504768102509	0.000986366500545528	0.000939525403921001	0.00100923744825626	0.00118029543100419	0.00101570085072001
3	24	0.0013935537373461	0.00137882513244611	0.00129137663898081	0.00128567205744298	0.0012597538383744	0.00121591698568014	0.00123326563867886	0.00122023113427329	0.00121807215000534	0.00118219973955584	0.00118824440528616	0.00109343420050923	0.001056575988839	0.00102502628130275	0.00102904411571097	0.00101798558211965	0.0010421301823966	0.00100965924351144	0.000998492121444114	0.000951514582252645	0.00102141638762218	0.00119246036985426	0.00102789016192389
3	25	0.00140018108609187	0.00138551562446179	0.00129841230609465	0.00129272842502878	0.00126690136773085	0.00122320770453415	0.00124050136567474	0.00122750838543735	0.0012253561582035	0.00118959301104384	0.00119561820655777	0.00110108779637293	0.00106428990716074	0.0010327726477584	0.00103678800016089	0.00102573614461347	0.00104986246594772	0.00101741409957284	0.00100624800462679	0.00095926258990505	0.0010291653187147	0.00119982188543373	0.00103563329265073
3	26	0.00140676457376785	0.00139211665662916	0.00130509834300609	0.00129941883565392	0.00127360978611473	0.00122993948320409	0.00124722498131019	0.00123423826802482	0.00123208700079384	0.00119633788322712	0.00120236001368401	0.00110786124133856	0.00107104405044068	0.00103949774840255	0.00104351787957092	0.00103245277307514	0.00105660560690342	0.0010241202738688	0.00101293705576937	0.000965871679305931	0.00103588634664089	0.00120656240497762	0.00104236083582069
3	27	0.00141821073380985	0.00140349696232844	0.00131607563509383	0.0013103691030181	0.00128443610002637	0.00124055169500359	0.00125792260401518	0.00124487180324521	0.0012427098718438	0.00120678236690247	0.001212834109752	0.00111786058670705	0.00108083887556274	0.00104910959941404	0.00105315371587804	0.00104202253200088	0.00106631810543129	0.001033639980418	0.00102238766763979	0.000975026628723357	0.00104547678811128	0.00121705769402854	0.00105198917196519
3	28	0.00143673782226317	0.00142184753088141	0.00133337394881324	0.00132759851757685	0.00130135206920049	0.00125693596097785	0.00127451753148878	0.0012613084844929	0.00125912032468926	0.00122275660589115	0.00122888169621519	0.00113275413072225	0.00109527679290954	0.00106315474366677	0.00106724911885075	0.00105597958343836	0.00108057669047573	0.0010474927572631	0.00103609990530094	0.000988145902141385	0.00105947682575295	0.00123315662690438	0.00106606992611847
3	29	0.00146358866546438	0.00144838814995424	0.00135807838356089	0.00135218352101602	0.00132539500450627	0.00128006418789631	0.0012980074355449	0.00128452661089666	0.00128229345822578	0.00124518273147215	0.00125143391163277	0.00115333351688397	0.00111509878228897	0.00108233220889559	0.00108650833582512	0.00107501381901252	0.00110010287194128	0.00106635774040645	0.00105473883412712	0.00100583626027618	0.00107858077201615	0.00125579652682308	0.0010853059572608
3	30	0.00149877865906592	0.00148312958514379	0.001390173322362	0.00138410684283359	0.00135654022983132	0.00130989958079274	0.00132836025542175	0.00131449055711335	0.00131219306114565	0.00127401491524329	0.00128044658037688	0.00117952962402766	0.00114022768629597	0.00110655861427675	0.00111084872343679	0.00109904057163104	0.00112481652548757	0.00109014876501262	0.00107821643642974	0.00102800231966015	0.00110270457303178	0.00128493432891616	0.00110961445770455
3	31	0.00153930038750748	0.00152309374265257	0.00142685565565535	0.00142057684223559	0.0013920482963579	0.00134379128591946	0.00136289002692414	0.00134854073238623	0.00134616391456912	0.00130667069019839	0.00131332498593471	0.00120894071030933	0.00116833779168653	0.0011335737163727	0.00113800167100843	0.00112581426583804	0.00115242185080985	0.00111663761734254	0.00110432786251406	0.00105253780364557	0.00112959549921038	0.00131796675343204	0.001136729241769
3	32	0.00158359466580322	0.001566783232655	0.00146698511055626	0.00146047594410909	0.0014309038017048	0.00138089308281988	0.00140068412825606	0.00138581447247074	0.00138335158911483	0.0013424314834315	0.00134932729290498	0.00124118146033353	0.00119916600645428	0.00116321255021794	0.00116779027946446	0.00115519079999697	0.00118270188026081	0.0011457046441106	0.00113298463048059	0.00107948126943415	0.00115909942412663	0.00135413618467042	0.00116647633383933
3	33	0.00162944851054417	0.00161203473266234	0.00150868720182976	0.00150194813775204	0.00147133408865076	0.00141957107314414	0.00144005408498402	0.00142466434924738	0.00142211543101511	0.00137976858165245	0.00138690572115354	0.00127499794259883	0.00123156302782587	0.00119441157162313	0.00119914040847284	0.00118612516672589	0.00121454726933865	0.00117632662634237	0.00116319181413373	0.00110795437910446	0.00119016238883687	0.00139188179730825	0.00119778434995208
3	34	0.00167806304043307	0.00166004442135995	0.00155312677614217	0.00154615610407703	0.00151449180524933	0.00146096020332267	0.00148214196047012	0.00146622709270024	0.00146359127883045	0.0014198027929202	0.00142718355775755	0.00131147277998299	0.0012665927612645	0.00122821751889874	0.00123310107798636	0.00121966009501055	0.00124901426662838	0.00120954151032549	0.00119598067670738	0.00113895952450929	0.00122382909930425	0.00143232867937216	0.00123170157352962
3	35	0.00173338396597058	0.0017147034204883	0.00160387366329316	0.00159664888622254	0.0015638318267402	0.00150835712211646	0.00153030686312763	0.00151381486394008	0.00151108352899163	0.00146570978209259	0.00147335826354801	0.00135346398039069	0.00130698591899786	0.00126725399279399	0.00127230936952322	0.0012583955768081	0.00128878420117206	0.00124792143244511	0.00123388645445096	0.00117487788168817	0.00126271101148244	0.00147868936776613	0.00127086135707165
3	36	0.00179811218451832	0.00177863613311865	0.0016631093034167	0.00165557971228827	0.00162138028879887	0.00156357713822883	0.00158644690827053	0.00156926348568191	0.0015664177316634	0.00151914558149594	0.00152711480173094	0.00140221248315403	0.00135382842760688	0.0013124811923661	0.00131774090064026	0.00130326485154292	0.00133488417064489	0.00129236799466802	0.00127777000819669	0.00121640340057067	0.0013077543543768	0.0015326685445883	0.00131623541003037
3	37	0.00187670473561839	0.00185627962339819	0.00173514586806945	0.0017272522225341	0.00169140146044215	0.00163081560924251	0.00165478507904498	0.00163677522896131	0.00163379270172552	0.00158425092944837	0.0015926034880473	0.00146171291512137	0.00141104444234043	0.00136775901777175	0.00137326408991953	0.00135811285891231	0.00139120962350205	0.00134670830618821	0.00133143357542576	0.00126723116339828	0.00136281144116903	0.00159842346615997	0.00137168940931298
3	38	0.00197054610642908	0.00194901383961053	0.00182133392102724	0.0018130149153544	0.00177523422057597	0.00171139424856992	0.00173665001853218	0.00171767354726492	0.00171453102325676	0.00166233370692103	0.00167113460611763	0.00153323573962191	0.00147988521548711	0.00143432080418915	0.00144011467887668	0.00142416870427425	0.00145900387358897	0.00141216641794369	0.00139609407426785	0.00132854712650965	0.0014291134691419	0.00167726618763962	0.00143845829696914
3	39	0.00207895335896146	0.00205618935509339	0.00192121659256702	0.00191242309143553	0.00187248854524915	0.00180501315275378	0.0018317065160845	0.00181164980147011	0.00180832843251366	0.00175316166759374	0.00176246358116547	0.00161672412363892	0.00156035716242961	0.0015122232629969	0.00151834329812345	0.00150149972023911	0.00153829705649607	0.00148882208665275	0.00147184700418072	0.00140051051559565	0.00150672267544494	0.00176894378417435	0.00151659416881185
3	40	0.00219902023111206	0.00217496826582479	0.0020323526747901	0.00202306086193832	0.00198086269402888	0.00190956027872713	0.00193776796760609	0.00191657347051495	0.00191306366087424	0.0018547663021854	0.00186459588640022	0.00171058357515772	0.00165100737066706	0.00160012916961095	0.0016065984547202	0.00158879363627435	0.0016276902194565	0.00157539235704456	0.00155744740930211	0.00148203265264565	0.00159431474454751	0.00187144393864752	0.00160474922710645
3	41	0.00232308745540335	0.00229776195537376	0.00214757560655568	0.00213778935489905	0.00209334384682767	0.00201823694931172	0.00204795080404776	0.00202562474911261	0.00202192747498503	0.00196051431180975	0.00197086865094358	0.00180861733272235	0.00174582411782486	0.00169218670255248	0.00169900783700612	0.00168023455111673	0.00172124458416154	0.0016661038611865	0.00164717932539576	0.00156764004794012	0.00168605624072774	0.00197808305806855	0.00169705715431503
3	42	0.0024481957134818	0.00242172728254263	0.00226471223050296	0.00225447791009809	0.00220799250612145	0.00212941969190105	0.00216050759606738	0.00213714947735769	0.00213328108359436	0.0020690202068961	0.00207985305266838	0.00191005901936938	0.00184426739967838	0.00178803730852621	0.00179519083384895	0.00177550246038688	0.00181850546197329	0.00176068174919081	0.00174082546852381	0.00165734966322738	0.00178160863647575	0.0020874029114114	0.00179314275265485
3	43	0.00257292634287991	0.00254546789818871	0.00238249845656582	0.00237187104907868	0.00232359228929062	0.00224195812241761	0.0022742618607939	0.00224999078374161	0.00224597086200473	0.0021791843721372	0.00219044027606547	0.00201394421526142	0.00194542671723287	0.00188681573233317	0.00189427652261135	0.00187374204275424	0.00191858326686755	0.00185828242260981	0.00183755766679116	0.00175039779084041	0.00188011179650101	0.00219828835525667	0.00189213662510761
3	44	0.00270180712072866	0.00267341290300422	0.00250479109103167	0.00249378907128588	0.00244379893717549	0.00235923461228148	0.00239270340324327	0.00236755766250536	0.00236339247353352	0.00229418248272839	0.00230584340371911	0.0021229114327067	0.0020517364248869	0.00199078912857358	0.00199855272653844	0.00197718430994259	0.00202383446427023	0.00196109442488121	0.00193950925450444	0.0018486905540429	0.00198381419284397	0.00231397809721574	0.00199632118399327
3	45	0.00284608303854281	0.0028166008269432	0.0026414232964248	0.00262998775776765	0.00257801863933052	0.00249007161429587	0.002524884543541	0.00249872958622978	0.00249439684382258	0.00242239327304629	0.00243452140592752	0.00224417897550564	0.00216996468328219	0.00210635306768062	0.00211446138170264	0.00209214369127067	0.00214085430967146	0.00207533667577775	0.00205277414520461	0.00195780418223607	0.00209906952412549	0.00244298622994464	0.0021121259993768
3	46	0.00301439038390539	0.00298341152206646	0.00279928709698989	0.00278726420125821	0.00273262056197868	0.00264012742510228	0.0026767429398817	0.00264923407767338	0.0026446768316717	0.00256893702631321	0.00258169242368383	0.0023814595240653	0.00230329829583123	0.00223626778240785	0.00224481499267809	0.00222128899358342	0.00227262993470654	0.00220357067246306	0.00217977583606564	0.00207959638858787	0.00222859062894398	0.00259059751505344	0.00224235041458775
3	47	0.00322091818264487	0.0031878749778312	0.00299146830480202	0.0029786426293322	0.0029203491471437	0.00282167335230625	0.00286073713122494	0.00283138900203168	0.00282652700270947	0.00274572106202381	0.00275932915902565	0.00254569988957199	0.00246228790684822	0.00239074590549332	0.00239986912071204	0.0023747576181772	0.0024295569730145	0.00235584487584413	0.0023304438746862	0.00222349696299552	0.00238255153391661	0.00276883014380986	0.00239723779155596
3	48	0.00347280821197131	0.00343701399452242	0.00322429216517724	0.00321040332541624	0.00314728126283609	0.00304044551428594	0.00308273758606741	0.00305096382467362	0.00304570012886653	0.00295822162545763	0.0029729548244187	0.0027416940346068	0.00265145951546209	0.00257409023915954	0.00258395445106361	0.00255680354929686	0.00261605807983665	0.0025363557487667	0.00250889914421817	0.00239331267163857	0.00256522987405222	0.00298323965322581	0.00258111129954554
3	49	0.00377347408564085	0.00373420441581284	0.00350091182319801	0.00348568500029899	0.00341649018380806	0.0032994070531598	0.00334575095023007	0.00331093249589319	0.0033051647507327	0.00320931760385274	0.00322546339268597	0.00297210091922934	0.00287338172446198	0.00278879241370344	0.00279957239823384	0.00276990128319221	0.00283466657251436	0.00274755754365076	0.00271756877665814	0.00259135692311497	0.00277910849275814	0.00323673053645517	0.00279646954331652
3	50	0.00411998161137983	0.00407660891547808	0.00381905264984098	0.00380224896858045	0.00372589931079832	0.00359675085245793	0.00364786417040843	0.00360946164382505	0.00360310064310477	0.00349740609270441	0.0035152147492494	0.00323585386357534	0.00312718757078725	0.00303414717402531	0.00304599793513693	0.00301338015470064	0.00308459127027857	0.00298882019064277	0.00295587475073098	0.0028172650236037	0.00302350008049373	0.00352763739488743	0.00304259241423888
3	51	0.00449625852451847	0.0044484347730564	0.00416455819650411	0.00414604408546885	0.00406193364977648	0.00391969854300024	0.00397598493812933	0.00393369499540003	0.00392669053301592	0.00381031550795917	0.00382992760713612	0.00352237226130253	0.00340291802737792	0.00330071185381613	0.00331372399871424	0.00327791022548369	0.00335611246610103	0.00325094652153599	0.00321479404527397	0.00306273667791982	0.00328902011171464	0.00384360350564205	0.00330999012144794
3	52	0.00488653968658633	0.00483438106261884	0.00452481492144159	0.00450462791700593	0.00441292150647203	0.00425785664167893	0.00431921777838762	0.00427311471356344	0.00426547885515824	0.00413861784814834	0.00415999851974774	0.00382474476842523	0.00369459929777925	0.00358327205416143	0.00359744316269124	0.00355843975281582	0.00364361190423084	0.00352907563637578	0.00348971120385608	0.00332416128760963	0.00357053850099288	0.00417490591607302	0.00359337871662006
3	53	0.00527655045532716	0.00522052609147046	0.00488794921836447	0.00486625756309614	0.00476770923064754	0.00460105063022268	0.00466700334141495	0.00461745091212739	0.00460924347689141	0.00447287947480581	0.00449585944725306	0.00413547003228189	0.00399545918794546	0.00387565036330455	0.00389090476807221	0.0038489194292181	0.00394059504228419	0.00381730868894865	0.00377492205806372	0.0035966347311835	0.0038619441383023	0.00451188477891418	0.00388652638943586
3	54	0.00566498959807558	0.00560560355740689	0.00525290045361476	0.00522988569605417	0.00512530976409391	0.00494839466028072	0.0050184158378151	0.00496580782470629	0.00495709359642894	0.00481229208413653	0.004836687928061	0.00445394680277363	0.00430497571316696	0.00417738990820592	0.00419364391973923	0.00414890643843187	0.00424657027455847	0.00411521940598631	0.00407002169312004	0.00387984052517517	0.00416278743184713	0.0048537080018321	0.00418897026948257
3	55	0.00607100517903811	0.0060083387237186	0.00563593798135981	0.00561162477774489	0.00550112800094139	0.00531411685461499	0.00538814606310514	0.00533252825278199	0.00532331459391791	0.00517019280297885	0.00519598247306408	0.00479119026138409	0.00463328052882496	0.00449789837390868	0.00451515778132135	0.00446765196176417	0.00457133197652449	0.00443187503927394	0.00438383837626941	0.00418162268537379	0.00448239515497862	0.0052139845804316	0.00451018416829759
3	56	0.00652042666034155	0.00645396518278266	0.00605882870665937	0.00603301992037091	0.00591570828245143	0.00571709526256385	0.00579572749082346	0.00573665273503921	0.00572686565011496	0.00556419616823111	0.00559158678997398	0.00516151072121265	0.00499342749860165	0.00484920056328515	0.00486759820289988	0.00481695853464054	0.00492745432378261	0.00477881688456496	0.00472757452592792	0.0045117874777669	0.00483267714579427	0.00561071491356054	0.00486228701544956
3	57	0.00704228507009182	0.0069708756596062	0.00654624168781021	0.00651850132856852	0.00639240207506492	0.00617888151246404	0.00626342027533553	0.00619990862463782	0.00618938613916929	0.00601448594995515	0.00604393279170829	0.00558150319921463	0.00540063800866023	0.00524538897694967	0.00526519732226498	0.00521067428170948	0.00532963306448599	0.00516960566244722	0.00511441737603878	0.0048819799209661	0.00522759955854583	0.00606450066512124	0.00525947461508802
3	58	0.00765859662830407	0.00758059725892425	0.00711685027956714	0.00708655928036847	0.00694887278871443	0.00671575928023646	0.00680805125990623	0.00673871431336753	0.00672722700574763	0.00653629708186276	0.00656844570946739	0.00606364984025109	0.00586634102325671	0.00569702726643404	0.00571862579459776	0.00565917558456032	0.00578889418783298	0.00561439751449937	0.00555423697194544	0.005300888748504	0.00567762921301461	0.00659089721235614	0.00571238982156692
3	59	0.00838442993311426	0.0082979362332962	0.00778392851147754	0.00775036940190007	0.00759785142004405	0.00733971687431279	0.00744190125416723	0.00736513067127865	0.00735241279237657	0.00714105323344351	0.00717665121062431	0.0066178989224126	0.00639990990704428	0.00621301180111265	0.00623683946246501	0.00617125473233146	0.0063143899445858	0.00612186218371299	0.00605554230125055	0.00577635656727651	0.00619160880164285	0.00720150039212338	0.00622997249387222
3	60	0.00922595125895295	0.00912906281675249	0.00855366569848159	0.00851612196468396	0.0083455320971238	0.00805695300259901	0.00817116745805247	0.00808535606974696	0.00807114204206752	0.00783495603955387	0.00787474953393105	0.00725047123073097	0.00700755192513693	0.00679952950109709	0.0068260287194454	0.00675309256706174	0.00691232013218803	0.00669817307419727	0.00662449405738498	0.00631448623570516	0.00677572237347279	0.00790251028166203	0.00681841109624425
3	61	0.0101733932079772	0.0100648150788652	0.00942039134437903	0.00937836789663971	0.00918746166641738	0.00886466044283283	0.00899239714151681	0.00889642349360037	0.008880527767335	0.00861643827176529	0.00866094681816251	0.00796304039943602	0.00769210883245292	0.00746035055696922	0.0074898517649072	0.00740865501827036	0.00758596486496045	0.00734752514932449	0.00726557631762512	0.0069209335763439	0.00743384206047158	0.00869197994066668	0.00748139032942013
3	62	0.0111978636777256	0.0110770005556618	0.0103599744907761	0.0103132355420061	0.0101009376253793	0.009742080052171	0.00988406725996502	0.00977738447991793	0.00975971630244521	0.00946623262408641	0.00951568806469249	0.0087405552520152	0.00843984840682354	0.00818271535734234	0.00821544161160695	0.00812537205803723	0.00832207184509181	0.00805756959474612	0.0079666857555447	0.00758459517682891	0.00815331022963434	0.00955017206810277	0.00820605502926434
3	63	0.0122691763133615	0.0121362685284466	0.0113478979913069	0.0112965152736653	0.0110631351780603	0.0106686823448699	0.0108247470891963	0.0107074863113622	0.0106880667179788	0.0103655094892053	0.0104198616328511	0.00956810337142406	0.00923774334049132	0.00895528806627671	0.00899123539043868	0.00889230204193041	0.00910836428788514	0.00881782974333796	0.00871800911485503	0.00829839292088075	0.00892298919764668	0.0104577605924962	0.00898092488343885
3	64	0.0133650484708339	0.013220786156813	0.0123649451136413	0.0123091576976278	0.0120557599578023	0.0116274300075945	0.0117969048678987	0.0116695690936782	0.0116484804955638	0.0112981809875954	0.0113572105203065	0.0104320215330653	0.0100731027352623	0.00976619346728731	0.00980525489203832	0.00969774963393893	0.00993252673751958	0.0096168219825722	0.00950834492561932	0.00905229032438184	0.00973109608234081	0.0113983703012274	0.00979405124784686
3	65	0.0144858816069557	0.0143306698260075	0.01340960861213	0.0133495538541226	0.0130767475378778	0.0126155135672516	0.0127980221266786	0.0126608952426688	0.0126381840351943	0.0122608867562633	0.01232447170874	0.0113275949169137	0.0109406926355899	0.0106097742076851	0.0106518955797174	0.0105359656991925	0.0107891289222857	0.0104486899153048	0.0103316951749297	0.00983972167011232	0.0105719263443606	0.0123688064218529	0.0106398144048075
3	66	0.0156631499781849	0.0154969915339843	0.0145105936422066	0.0144462558040494	0.0141539564626336	0.0136596263584142	0.013855252158204	0.0137082723268278	0.0136839277257612	0.0132794306243634	0.0133476081023241	0.0122783138305792	0.0118630563259669	0.0115077693877375	0.0115529986136065	0.0114285107144775	0.0117003451305542	0.0113347831562217	0.0112091274176506	0.0106805761260951	0.0114671274544876	0.0133951428814685	0.0115400262327659
3	67	0.0169109379824742	0.016732608530214	0.0156737181156079	0.0156046373192863	0.0152907665314893	0.0147598667377302	0.0149699780914401	0.0148121164757118	0.0147859685271288	0.0143514669043415	0.0144247070811575	0.0132757445784995	0.0128293897090882	0.0124474224444909	0.0124960520339241	0.0123622022951419	0.0126544682978551	0.0122614204196753	0.0121262995017455	0.0115578341140437	0.012403724049751	0.0144757703582754	0.0124821044972782
3	68	0.01827015669947	0.0180775118932163	0.0169336152835096	0.0168589885348318	0.016519919146103	0.0159463954471671	0.0161733760609726	0.01600284020028	0.0159745928934507	0.0155052054522285	0.0155843261213516	0.014343108365739	0.0138609110401583	0.0134482704249778	0.0135008052109856	0.0133562066298274	0.0136719429524838	0.0132473313400013	0.0131013592367624	0.0124872402898195	0.0134010628166405	0.0156394892736304	0.0134857376201125
3	69	0.0198133225975711	0.0196034565296273	0.0183575169321328	0.0182762460875236	0.0179070098186643	0.0172825391474394	0.017529670718252	0.0173439934777047	0.0173132390456369	0.0168022272505138	0.0168883592878747	0.0155373866050575	0.0150126925678137	0.0145637515070448	0.0146209043778562	0.0144635972820223	0.0148070930580269	0.014345158266847	0.0141863708007103	0.0135184260081781	0.0145123949712476	0.0169484119688183	0.0146045121621353
3	70	0.0216287333422039	0.0213980798835621	0.020029083018978	0.0199398069471149	0.0195342350480623	0.0188484425305325	0.0191198220304885	0.0189159241410387	0.0188821531898319	0.0183210798868338	0.0184156418081749	0.0169328381778644	0.0163571769893003	0.0158647362321617	0.0159274211729363	0.0157548917136308	0.0161316434364554	0.0156249999987894	0.0154508697754423	0.0147185328879075	0.0158084101131186	0.0184815738959698	0.0159094421131238
3	71	0.0240774347979917	0.0238188412952009	0.0222844297366458	0.0221843920296436	0.021729971689043	0.0209617342805864	0.0212657150883805	0.021037319671668	0.0209994929684804	0.0203711085402893	0.0204770053836711	0.0188169223492649	0.0181727122821645	0.0176217608881908	0.0176918871884124	0.0174988814577623	0.0179203664266312	0.0173535838020069	0.0171588142497371	0.0163398488034404	0.0175587499586622	0.0205508429029998	0.0176717736235355
3	72	0.0270650396309984	0.0267741123037905	0.0250478985897331	0.0249353595719413	0.0244241576258795	0.0235599467885364	0.0239018997635759	0.0236449736364313	0.0236024219242574	0.0228955544027265	0.0230146761160581	0.0211473367976071	0.0204227362925624	0.0198030494958646	0.0198819236810302	0.0196648421531306	0.0201389063406263	0.0195014212171118	0.0192823594849813	0.01836127398438	0.0197321785146787	0.0230977351052415	0.0198593010280138
3	73	0.0306548819496407	0.0303282468931073	0.0283895082497517	0.0282630739256866	0.0276886898916626	0.0267174252839314	0.0271017743522749	0.0268129985020774	0.0267651692338647	0.0259705192266631	0.0261044490202056	0.0240042578980573	0.0231888703211489	0.0224913399648025	0.022580132665032	0.0223357453959355	0.0228694097671932	0.0221517528232245	0.0219050940439025	0.0208676988163939	0.0224115542297356	0.0261978295078191	0.0225546655057862
3	74	0.0348821513165603	0.0345173582255185	0.0323505989633516	0.0322092005812512	0.0315666865625157	0.0304796487689046	0.0309098981526725	0.0305866463787618	0.0305331007046999	0.029643213369744	0.0297932295108003	0.027439084178507	0.0265240837136974	0.0257408637646305	0.0258405892287539	0.0255660936321695	0.0261654336108566	0.0253593964407433	0.0250822498473096	0.0239159850332803	0.0256512480121486	0.0298978174728122	0.0258119871269602
3	75	0.0397369889248672	0.0393324819094547	0.0369274338345663	0.0367703384320931	0.0360562635891753	0.0348472657682654	0.0353259225590427	0.0349663184750979	0.0349067413666693	0.0339162032877252	0.034083242106514	0.0314592956877757	0.0304378309596498	0.0295627321843976	0.0296741954750264	0.0293673634781265	0.0300371949624458	0.0291362586328112	0.028826306285457	0.0275209747131254	0.0294625586810671	0.0341996845917693	0.0296422280444504
3	76	0.0452489791629593	0.0448039285599021	0.0421545550500491	0.0419813005795885	0.0411934564000295	0.039858345552444	0.0403871171576431	0.0399898858569762	0.0399240615304875	0.0388290919465014	0.0390138167990535	0.0361083914109694	0.0349751594685688	0.0340032823437564	0.0341271262200619	0.0337861751100935	0.0345303360454878	0.0335292920385699	0.0331846577854931	0.0317318688754374	0.0338919687183006	0.0391425699941895	0.0340916096826684
3	77	0.0512780399137965	0.0507903870459224	0.0478840098212842	0.0476937409874755	0.0468281958353777	0.0453601463297165	0.0459417610340937	0.0455048560439434	0.0454324435713727	0.0442272942126708	0.0444306851656837	0.0412278565083827	0.0399763358353111	0.0389019389512135	0.0390389028604595	0.0386617912708543	0.0394847145592121	0.038377580216022	0.0379961688555341	0.0363868820572623	0.0387788185894203	0.0445724296765258	0.0389996253909647
3	78	0.0577268541471808	0.057193758396119	0.0540134062875337	0.053805009237614	0.0528566911087733	0.0512470798564369	0.0518849572320185	0.0514058102101854	0.0513263836727877	0.0500039553488167	0.0502272119829086	0.046708011696728	0.0453307388047765	0.0441473880331778	0.0442982936652992	0.0438827581105428	0.0447893787917798	0.0435695109311475	0.043149026996877	0.0413735149149723	0.0440117219185893	0.0503827834447008	0.0442550196707682
3	79	0.0645522010540814	0.063970195407042	0.0604953296675091	0.0602674672199653	0.0592303046286541	0.0574688765199099	0.0581670730438041	0.0576426360078789	0.057555690691876	0.0561076025754979	0.0563521367935175	0.0524944487875233	0.0509828489489574	0.0496832126546216	0.0498489931420156	0.049392465421799	0.0503883920369443	0.0490482487680701	0.0485861006329709	0.0466334649096229	0.0495341623433674	0.0565225197734564	0.04980145498112
3	80	0.0717609741719655	0.0711260888618403	0.0673332083910854	0.0670843516000344	0.065951404324588	0.0640264449690606	0.0647895930564201	0.0642163851066236	0.0641213447078368	0.0625380314461552	0.0628054541245166	0.0585840767700935	0.0569283995324464	0.0555041516176373	0.0556858660711225	0.0551854316956615	0.0562770307540647	0.0548080524413019	0.0543013015186141	0.0521592017559084	0.0553407656235061	0.0629917720842578	0.0556337599511898
3	81	0.0793702482963107	0.0786829603945925	0.0745742509344049	0.0743045023799941	0.0730761720011173	0.0709881129399919	0.0718160797885082	0.0711942054231516	0.0710910844990542	0.0693726711858448	0.0696629768788211	0.0650772263299001	0.0632767383752641	0.0617270281466908	0.0619247966430628	0.0613801166760457	0.062568094299616	0.06096930201154	0.0604175584585619	0.0580840425642576	0.0615491955911125	0.0698652222308195	0.0618680884806258
3	82	0.0877974550809547	0.0870531847772276	0.0826009178074891	0.0823084354467247	0.0809762992553125	0.0787106889038337	0.0796092253710538	0.0789343677423018	0.0788224489798758	0.076956919290913	0.0772721464367593	0.0722894070167877	0.0703310497912652	0.068644517140165	0.0688597957528809	0.0682668554415592	0.069559949784486	0.0678195678357314	0.0672187391404261	0.0646763301187932	0.0684509271259473	0.0774917372471261	0.0687980682247311
3	83	0.0973652173231636	0.0965579631472785	0.0917256974102968	0.0914080540378839	0.0899610036475668	0.0874987441746469	0.0884754558068355	0.0877419065669016	0.0876202410182322	0.0855916807834185	0.0859345313732879	0.080511457182772	0.0783778088710055	0.076539267040182	0.0767740039193383	0.0761274305987399	0.0775373307571274	0.0756396027683074	0.074984205801771	0.072209446701759	0.0763281652543029	0.0861733467577043	0.0767066987168259
3	84	0.108327762614407	0.107450793038509	0.102197524852316	0.101851981511343	0.100277469282467	0.0975969406750114	0.0986604446822163	0.0978617370726182	0.0977292491909657	0.0955195990129651	0.0958931422058165	0.0899803526538666	0.0876514794345254	0.0856435116477215	0.0858999431033974	0.0851935679201043	0.0867336892341413	0.0846605267277608	0.083944257362722	0.0809101240682009	0.0854128837615949	0.0961533159206448	0.0858264193987916
3	85	0.120762483919437	0.119809321852752	0.114095489215191	0.113719396642546	0.112005275282374	0.109085506731886	0.110244167721764	0.109374025312175	0.109229670760672	0.106821376323173	0.107228597963917	0.100777927628364	0.0982343105686791	0.0960398269474971	0.0963201491742628	0.0955479126053959	0.0972314273341327	0.0949650649621731	0.0941817232687524	0.0908615889939696	0.0957876942973976	0.107512205234744	0.096239777691132
3	86	0.134670814646001	0.133637784856122	0.127440241159647	0.127032007122582	0.125170909261046	0.121998926846779	0.123257958152021	0.122312473839437	0.122155599742239	0.119537569315248	0.119980371599501	0.112960370145265	0.11018880776423	0.107796038665028	0.10810177509217	0.107259466063807	0.109095497078088	0.106623603775263	0.105768837123418	0.102143723020212	0.10752102596962	0.120288730743842	0.108014119649872
3	87	0.14983934839375	0.148723326252867	0.142022529933409	0.141580818051957	0.139566571930053	0.136131550894319	0.137495295881254	0.136471213781887	0.136301276533122	0.133464293550704	0.13394425464986	0.12632894321926	0.123318594155267	0.120717900555301	0.121050297523109	0.120134471799231	0.12213048435359	0.119442972756571	0.118513226168612	0.114567662385012	0.120418882996956	0.134278459997618	0.120955001237307
3	88	0.166118977624879	0.164918343033771	0.157703812886139	0.157227885604461	0.155057052528157	0.151352837716496	0.152823784570518	0.151719241761968	0.151535928996621	0.148474641054104	0.148992684909251	0.140766487109567	0.13751063415754	0.134695944821293	0.135055792431524	0.134064262973322	0.136224982963432	0.133315454650755	0.132308450331061	0.128032392054436	0.134372208062437	0.149353375354968	0.134952629211942
3	89	0.183548727349597	0.182262861889888	0.174530030974521	0.174019534376306	0.171690414955686	0.167713778095287	0.169293259020359	0.168107261397389	0.167910404484678	0.164621839979998	0.165178490259708	0.156332054632081	0.152826363732087	0.14979362870391	0.150181460705187	0.149112745352095	0.151441356681043	0.14830548445286	0.147219652066228	0.142606002888777	0.149444688512336	0.165566025371741	0.150070278016754
3	90	0.202272186811091	0.200900121063114	0.192642323989705	0.192096766294823	0.189607033050437	0.185353676562792	0.187043448058017	0.185774682873293	0.185564060321097	0.182044365643693	0.182640295183294	0.17316190367848	0.169401103840309	0.166145462109782	0.166561916018339	0.165414246622578	0.167914556168332	0.164547173728632	0.163380652082472	0.158421077109454	0.165770740876351	0.183055138407609	0.166442531579895
3	91	0.222574890185014	0.221115889358835	0.212327683547783	0.211746642029254	0.209094263610723	0.204560322283069	0.206361980332374	0.205009256763483	0.204784666502525	0.201030277703578	0.201666114967419	0.191544521600563	0.187523385920435	0.184039945751255	0.184485666649397	0.183257251601313	0.185933106887863	0.182328984107191	0.181079873325345	0.175765775215136	0.183638858137454	0.202108697729949	0.184357896120838
3	92	0.244959584759704	0.243413589348109	0.234093228241091	0.233476501549807	0.230660419989109	0.225843548773423	0.227758107268693	0.226320674276894	0.226081985658937	0.22209046460121	0.222766656497876	0.211993050370168	0.207707040986413	0.203991373985646	0.20446695470905	0.203156141338448	0.206011066978951	0.202165391062439	0.200831903847098	0.195154974862115	0.203563379884412	0.22323728164398	0.204330628940227
3	93	0.269394745892894	0.267761660134431	0.257907454408451	0.257254861750729	0.254274139525854	0.249172300838316	0.251200636098787	0.249677844034042	0.249424944354635	0.245194199831359	0.245911128267027	0.234478037978986	0.229923331061485	0.225971711785543	0.226477650837364	0.225083049578358	0.228120009631115	0.224028733663358	0.222609367863366	0.216562627323877	0.225516357078824	0.246410054902252	0.22633262758768
3	94	0.295534828627229	0.293815777901393	0.283433721278959	0.282745609892398	0.27960175193271	0.274217206229531	0.276358467959875	0.274750961233361	0.274483953990557	0.270015566351268	0.270772983775077	0.258683334442702	0.253860463352167	0.24967304754864	0.250209341243964	0.248730950549834	0.251949901544043	0.247613043317778	0.246107730693308	0.239690444973727	0.249190331423797	0.27130003471028	0.250055622062348
3	95	0.32099850042958	0.319223320800899	0.308491255371875	0.307779266991668	0.304525226939231	0.298947758027563	0.301166381294838	0.2995008768635	0.299224189639863	0.294591822832156	0.295377300552468	0.282826581631277	0.27781176035966	0.273453869526092	0.274012196787164	0.272472923034034	0.275823861205535	0.271308678167323	0.269740559305263	0.263050170643754	0.272951270400716	0.295923813259979	0.273852168120165
3	96	0.34924888397271	0.347432802929288	0.336440454075449	0.33571039642874	0.332372482509507	0.326646270773177	0.328924820948442	0.327214424267311	0.326930224100051	0.322169724826224	0.322977242704455	0.310058722276584	0.304887419594005	0.300389008815616	0.300965577620531	0.299375842266196	0.302835948769796	0.298173073254316	0.29655257760571	0.289632342498253	0.299869928607546	0.323539014459981	0.300800327729385
3	97	0.378837421970815	0.376997197288028	0.365845027963804	0.365103512278295	0.361711851055159	0.355888183285224	0.358206313496631	0.356466305616212	0.356177127154664	0.351330759878582	0.352153174483947	0.338979806529423	0.333696407996584	0.329095677433959	0.329685613439428	0.328058840406005	0.331598834665288	0.326827670465585	0.325168391436617	0.318075754306314	0.328564498908547	0.352725229482284	0.329516540019065
3	98	0.40955283823978	0.407707212248838	0.396508219406611	0.395762721337861	0.39235144284446	0.386488670654427	0.3888231929135	0.387070983860801	0.386779717670488	0.381895800703696	0.382724929430451	0.369426899648066	0.364083055358906	0.359424697105622	0.360022284865539	0.358374223637864	0.361959789281457	0.3571265489263	0.355444486986878	0.348247410090626	0.358886562541406	0.383301571898232	0.359851026406875
3	99	0.441108993065415	0.43927746947816	0.428149919170103	0.427408305021722	0.424013390939248	0.41817329552876	0.420499618594118	0.418753666954061	0.41846338062599	0.413593316846932	0.414420437932241	0.401137351542073	0.395788965634177	0.391121602371487	0.391720610575475	0.390068441647338	0.393662182338065	0.388817259081463	0.387129922501525	0.379903130006158	0.390582121528249	0.414995600867818	0.391548953056347
3	100	0.508228815256652	0.506558141327781	0.496376323555049	0.49569579062667	0.49257733659759	0.487200593951893	0.489344212098626	0.487735616535259	0.487468031841547	0.482973026943748	0.483737223970049	0.471425653078291	0.466444531316487	0.462086184079041	0.462646137662741	0.461101254082976	0.464459895189045	0.459930409964578	0.45835017144914	0.451565716204233	0.461581723595579	0.484268443230559	0.462485690282506
4	0	0.014200688041991	0.0139846100765441	0.012522913466535	0.0124463431222424	0.0120704571572341	0.0113523982410283	0.0116700808075366	0.0115278055710459	0.0114925086145529	0.0109568604159041	0.0110848287565789	0.00962553124402082	0.00899897503692112	0.00850367252735776	0.00851081548033066	0.00831324468695946	0.00859492412851777	0.00808654508453893	0.00792199802803352	0.00728819342673468	0.00810577287786576	0.0105792797487718	0.00809817807291628
4	1	0.000840834702334516	0.000826298431770907	0.000728796531961097	0.000723730404103671	0.000698923141482606	0.000651830421029022	0.000672616137854718	0.000663297444319097	0.000660988013874868	0.000625945153208426	0.000634320978340937	0.000539858114397711	0.000500159158531948	0.000469115156947905	0.000469554950682508	0.000457263682656475	0.000474808844951103	0.000443237127208623	0.000433110451647337	0.000394372265811541	0.00044442966796049	0.000601583077171063	0.000443947738380064
4	2	0.000687103964094776	0.000675546081863744	0.000597873303797836	0.000593830051594572	0.000574020261955361	0.000536361163044961	0.000552991910524277	0.000545537737851923	0.00054368994792394	0.000515649127221558	0.000522351093562012	0.000446581017758276	0.000414588369374343	0.000389510667291073	0.000389867268311364	0.000379922022461057	0.000394114627552035	0.000368559215542496	0.000360346150241166	0.000328879713087016	0.000369524840032101	0.000496097387856524	0.000369136416584092
4	3	0.000566484852688473	0.000557214440712332	0.000494797622989385	0.000491542675609667	0.000475586317740904	0.00044521070378468	0.000458631929639299	0.000452617702488797	0.000451126509303714	0.000428495837934227	0.000433904343846277	0.000372609755083486	0.000346608450095623	0.000326178831050196	0.000326470442920846	0.000318355390865618	0.000329933130225934	0.000309072662449233	0.000302355309272464	0.000276580364855389	0.000309861131266368	0.000412669412070353	0.000309545487246335
4	4	0.000470226515810035	0.000462728040386693	0.000412154908272809	0.000409513249088038	0.000396556764304821	0.000371860605875124	0.000382777593689739	0.000377886580898669	0.000376673624044505	0.000358265223140976	0.000362664206394337	0.000312698809855789	0.000291411343943959	0.000274648718393314	0.000274888854837126	0.000268220367760753	0.0002777319494412	0.000260583903562509	0.000255051861625656	0.000233795468563113	0.000261232221116286	0.000345355362869226	0.000260973887379283
4	5	0.000394573103373018	0.000388454633369827	0.00034711443125763	0.000344951312029852	0.000334336242892293	0.000314076014320201	0.000323036562386491	0.000319022961807144	0.000318027377776593	0.000302918293346232	0.000306528334107393	0.000265426294154799	0.000247833677541422	0.000233948120975082	0.000234147829709477	0.00022861499787326	0.000236504645832409	0.000222271504780952	0.000217670768144673	0.000199966836008309	0.000222809749748091	0.000292289881542681	0.000222596383401681
4	6	0.000336423326945035	0.000331351808725771	0.000297024794682709	0.000295225591941801	0.000286391741675592	0.000269509121056174	0.00027697950067348	0.000273634103572341	0.000272804086926806	0.000260208534977173	0.000263217466114616	0.000228878194734416	0.000214111981313332	0.000202430140875343	0.000202598835298835	0.000197936613411241	0.000204583022456325	0.000192584916466639	0.000188698956670578	0.000173723862881472	0.000193038735445828	0.000251320775616828	0.000192859802846305
4	7	0.000295125406139618	0.000290798133008645	0.000261459081039627	0.000259918826098193	0.00025235259163075	0.000237874470165342	0.000244283877463969	0.00024141420335634	0.000240702067706866	0.000229896564912258	0.000232477319599945	0.00020295709834943	0.000190205791773569	0.000180095255012617	0.000180241847008171	0.000176200429961259	0.000181960318440999	0.00017155594291829	0.000168179641937458	0.000155150508018473	0.000171949546710382	0.000222248535757952	0.000171795200091281
4	8	0.000269341623431183	0.000265495747966285	0.000239379560619772	0.000238006437664703	0.000231258070246671	0.00021832993409354	0.000224055655077472	0.000221492582622622	0.00022085640894664	0.000211204918546975	0.000213509500539149	0.000187091361272228	0.000175631132601697	0.000166524973954514	0.000166657518733326	0.000163012191787852	0.000168206267814375	0.000158818257470412	0.000155766162115781	0.000143972839804546	0.000159173456983786	0.000204353522413095	0.000159034916587095
4	9	0.00025704024525374	0.000253467431124262	0.000229167815677607	0.000227888305856074	0.000221597120425282	0.000209530986700796	0.000214877227923131	0.000212484483592005	0.000211890472307219	0.00020288033670876	0.000205031180029342	0.000180322075221024	0.000169556998014819	0.0001609849742002	0.000161110244654868	0.000157673637107003	0.000162569076431789	0.000153715406494131	0.000150831667177856	0.000139674516692183	0.000154050421361129	0.000196464924418551	0.000153920485312132
4	10	0.000255524004324459	0.000252087868369384	0.000228674470862252	0.000227439441025079	0.000221363626885338	0.000209694590328975	0.000214867530529758	0.00021255287591834	0.000211978118831694	0.000203262552141483	0.000205342269459249	0.000181387593064626	0.000170896209196924	0.000162520508989465	0.000162643523306233	0.000159279537883052	0.000164070033287423	0.00015539963559637	0.000152569139486698	0.0001416010517416	0.000155727739681125	0.000197033619973159	0.000155601389467455
4	11	0.000268348747913335	0.00026486611046155	0.000241090170111496	0.00023983371335085	0.000233648971257785	0.000221753843655252	0.000227029806419505	0.000224669612077438	0.00022408340733005	0.000215197620403322	0.000217316945393605	0.000192838344641146	0.000182057275912521	0.000173426734423205	0.000173554184982904	0.00017008116571778	0.000175025274262353	0.000166069626673108	0.000163138858851338	0.00015176388620677	0.000166408533085382	0.000208821173316814	0.000166279058543623
4	12	0.000297710733960846	0.000293994248174118	0.000268570361893524	0.00026722422149563	0.000260594053450785	0.000247823144191781	0.000253490711292471	0.000250955964642288	0.000250326248214327	0.000240785653984609	0.000243059807014614	0.000216714461313028	0.000205040406445887	0.000195667412367904	0.000195806670844291	0.000192027007599055	0.000197405672412022	0.00018765428800883	0.000184454595683988	0.00017201459168578	0.000188023292734252	0.000233908405428656	0.000187883593957292
4	13	0.000346921064419908	0.000342763990100679	0.000314267688126034	0.000312755919682315	0.000305305464581713	0.000290932779408522	0.000297314794736288	0.000294461239867703	0.000293752140793692	0.000283015503100084	0.000285572943324058	0.000255853942197892	0.000242600697946646	0.00023192713452205	0.000232086756423323	0.000227773252174859	0.000233909218892142	0.000222774523115656	0.000219110662455497	0.000204841114301333	0.000223195825812632	0.000275238667098391	0.000223037916820655
4	14	0.000420982539438073	0.000416156898281097	0.000383007079821995	0.000381244869223628	0.000372554691335055	0.000355764077722562	0.000363224110012032	0.000359889420310232	0.000359060542523414	0.000346520124328651	0.000349504641826219	0.000314707895257932	0.000299083022421617	0.000286458176037388	0.000286648351985179	0.00028153431614785	0.000288805965301386	0.000275597076446267	0.000271237467839357	0.000254227083014963	0.000276096756240133	0.000337388255499313	0.000275911591090071
4	15	0.000523977426686766	0.000518244831349268	0.000478780299250779	0.000476678136135843	0.00046630496107695	0.000446230902539836	0.000455155001948047	0.000451166911616255	0.00045017536101484	0.000435188039323294	0.000438751263277872	0.000397064644638542	0.000378210319192651	0.00036292421335297	0.000363156281067225	0.000356949075698999	0.000365771154190921	0.00034972886893525	0.00034441711653791	0.000323653079409498	0.000350335543961171	0.000424211747293333	0.000350113546767889
4	16	0.000654834596903388	0.000647983162085111	0.000600723846796862	0.000598201798118088	0.000585749495067628	0.000561617123009681	0.000572351140473033	0.000567555368532523	0.000566362717517586	0.000548354372006473	0.000552631188369278	0.000502433518010297	0.000479572206761023	0.000460977691309864	0.000461262155231755	0.000453693910027333	0.000464445739474288	0.000444874331297171	0.000438374101496768	0.000412920486626826	0.000445614180711255	0.000535091461039455	0.000445346874708166
4	17	0.000807053764239756	0.000798951686494792	0.000742968635540535	0.000739976112878936	0.000725193330393709	0.0006965078293782	0.00070927313751507	0.000703571035675888	0.00070215268735773	0.000680759289307644	0.000685834403771725	0.000626089235524563	0.000598704549858526	0.000576364977646136	0.0005767092234113	0.000567597124130132	0.000580537003818045	0.000556960254402585	0.000549107320379681	0.000518309307369996	0.000557851126441268	0.000664919445876035	0.000557533219015601
4	18	0.000964622175157635	0.000955256685811524	0.000890456209192879	0.000886987918500592	0.000869848048546199	0.000836555524574979	0.000851376486289753	0.000844757248749442	0.000843110496125704	0.000818295401654213	0.000824176546654299	0.000754776600437129	0.000722800454816968	0.000696653291769184	0.000697058631675233	0.000686374933255115	0.000701541605682332	0.000673886148865896	0.000664653268492941	0.000628399321241467	0.000674930712905864	0.000799841357436876	0.000674561841669771
4	19	0.00110893715440135	0.00109844462224991	0.00102577247331162	0.00102187913931122	0.00100263300882367	0.000965221369013896	0.000981880668876768	0.00097444132971332	0.000972590318701215	0.000944718875125946	0.000951319145380913	0.00087328969613958	0.000837192215697971	0.00080762110643457	0.000808081682526507	0.000795982793402773	0.000813154084175714	0.000781824493981297	0.000771346164999179	0.000730164075464315	0.000783007420832876	0.000923920487319998	0.00078259316669533
4	20	0.0012260502701542	0.00121466993113223	0.00113579069201732	0.00113156187497261	0.0011106527938516	0.00106998657091293	0.00108809877382472	0.00108001136004606	0.00107799891639069	0.00104771505089398	0.00105488220447019	0.000970035144092742	0.000930665473391133	0.000898370123314695	0.000898874910662492	0.000885648264874597	0.000904416522173852	0.000870157826341216	0.000858684463259608	0.000813561404062772	0.000871450990246383	0.0010250577716493	0.00087100101329452
4	21	0.00130848624802162	0.00129651770721576	0.00121351553330317	0.00120906334727031	0.00118704623675717	0.0011442075131277	0.00116329021033021	0.00115477003320362	0.0011526497573851	0.00112075850882079	0.00112830240973105	0.00103890194263891	0.000997323505463366	0.000963180996763592	0.000963716115132194	0.000949722307900098	0.000969576219515268	0.000933323308672626	0.000921169564647234	0.000873346388342501	0.000934691443026001	0.00109685073003116	0.000934217747092868
4	22	0.00135986112011492	0.00134758732173861	0.00126242592415667	0.00125785577508888	0.00123525200330359	0.00119125573535286	0.00121085672351581	0.00120210566876681	0.00119992780506435	0.00116718504983379	0.00117492687042838	0.00108309391108097	0.0010402942443684	0.00100511594301265	0.00100566867465875	0.000991240356319997	0.0010117079854454	0.000974322684854262	0.000961777555277686	0.000912391790543551	0.000975733256887678	0.00114259378627887	0.000975247110957629
4	23	0.00138671015953596	0.00137434918056866	0.00128854354382424	0.00128393682585426	0.0012611491061586	0.00121677981969146	0.00123654946950288	0.00122772361037559	0.00122552700609951	0.00119251670737678	0.00120031840174966	0.00110769311022902	0.00106443887142942	0.00102885575736246	0.00102941616784856	0.00101481235960629	0.00103552631753324	0.000997679914164218	0.000984968882535297	0.000934908816906086	0.000999107592456066	0.00116768148639804	0.00099861769979368
4	24	0.00139849815210982	0.00138616987287526	0.0013005566639997	0.0012959585230863	0.00127321052415714	0.00122890540636659	0.0012486486416583	0.00123983501124332	0.00123764134136477	0.00120468807141565	0.00121247321276854	0.0011199713917627	0.00107669857493551	0.00104107237632544	0.00104163465165611	0.00102700471494398	0.00104775338957254	0.00100983355643544	0.000997087858425534	0.000946872466278265	0.00101126373645721	0.00117985714030107	0.00101077492262598
4	25	0.00140510398842125	0.00139282905335011	0.00130755854265422	0.00130297739915987	0.00128031131639509	0.00123615516275096	0.00125583376550455	0.00124704933840312	0.0012448628494309	0.00121202814611405	0.00121978273719926	0.00112758461977439	0.00108439176485332	0.00104880879992547	0.00104937136485213	0.00103475230607897	0.00105548364040919	0.00101758734146971	0.00100484139168263	0.000954609799207308	0.00101901640998172	0.00118725498105362	0.00101852956572229
4	26	0.00141168138331713	0.00139942145013503	0.00131423723385523	0.00130965981698355	0.00128701076837092	0.00124288096447276	0.00126254895393096	0.00125376949099654	0.00125158418100327	0.00121877424156928	0.00122652131007198	0.001134374033476	0.00109116444686942	0.00105555297218123	0.00105611662485059	0.00104148136746045	0.00106223442305109	0.00102429308975587	0.00101152666061822	0.000961204485936371	0.00102572370781263	0.00119399909021954	0.00102523737866826
4	27	0.00142314952346623	0.00141083466672878	0.00132525782233176	0.00132065874857525	0.00129790167905186	0.00125355720526909	0.00127332156406272	0.00126449922261466	0.00126230320486463	0.00122933689784085	0.00123711984567073	0.00114452196637268	0.00110107599760613	0.00106526060767604	0.00106582788292578	0.00105110604889194	0.00107198109789756	0.00103381343500563	0.00102096755047678	0.000970326095747575	0.00103525249407754	0.00120443086194872	0.00103476394273048
4	28	0.00144173582542948	0.00142927328566262	0.00134266694375981	0.00133801237839641	0.00131498047244331	0.00127009921674239	0.00129010302369088	0.00128117383917834	0.00127895121629835	0.00124558681847241	0.00125346344234911	0.00115974402229289	0.00111576443706928	0.0010795064691036	0.0010800808709563	0.00106517629830946	0.00108631023600294	0.00104766825155943	0.00103466175347232	0.000983385330964208	0.00104912516670203	0.00122037624261337	0.00104863074454615
4	29	0.00146869087188932	0.00145596857090596	0.00136756366358495	0.00136281277131456	0.00133930473396913	0.00129349818039529	0.00131391398117325	0.00130480080979351	0.00130253241037801	0.00126847819860252	0.00127651830078441	0.00118086806717657	0.00113599749042962	0.0010990104295353	0.00109959614420324	0.00108439352898199	0.00110595054102705	0.00106653697473409	0.00105327275277108	0.00100098393742135	0.0010680230368298	0.00124275409554851	0.00106751833404253
4	30	0.00150403162458671	0.00149093359035297	0.0013999350434224	0.00139504564455989	0.00137085361050123	0.00132372083793421	0.00134472664155345	0.00133534988765403	0.00133301593328232	0.00129797072936017	0.00130624642664493	0.00120783068976625	0.00116170198509616	0.00112369205691611	0.00112429335335984	0.00110867464388257	0.00113082287667706	0.00109033350276531	0.00107671237799907	0.00102302612504928	0.0010918602719332	0.00127151805015034	0.0010913407352407
4	31	0.00154474083414778	0.00153117562293661	0.00143695953177773	0.00143189868177358	0.00140686053786883	0.00135809004345496	0.00137982396154469	0.0013701218300164	0.00136770697527825	0.00133143606442438	0.00134000380527802	0.00123817543464842	0.00119051049561953	0.00115125769979658	0.00115187766704017	0.00113575524259745	0.00115861971863237	0.0011168292729173	0.00110277875458632	0.00104741550787093	0.00111840533229252	0.00130409043710236	0.00111786740232553
4	32	0.00158923846726504	0.00157516652126129	0.00147746017263251	0.00147221332513049	0.00144625726164905	0.00139570993256835	0.00141823383338418	0.00140817868081999	0.00140567605156908	0.00136807567993041	0.00137696009655142	0.00127143010984915	0.00122209737561963	0.0011814947289544	0.0011821350053342	0.0011654653243574	0.00118910789971357	0.00114590378267907	0.00113138646843043	0.00107419979729754	0.001147533387047	0.00133976068162424	0.00114697553033094
4	33	0.0016352948054689	0.00162071823401914	0.00151953265452976	0.00151410021750591	0.00148722796766627	0.0014349057894839	0.00145821901826837	0.00144781118310819	0.00144522085204287	0.00140629370013411	0.00141549378498231	0.00130626602057159	0.00125525859867026	0.00121329727268537	0.00121395813804673	0.00119673660617423	0.00122116352382326	0.00117653316504624	0.00116154366605864	0.0011025102387828	0.00117821675369861	0.00137700687471987	0.00117763905179807
4	34	0.0016841126045365	0.00166902941524745	0.00156434527747216	0.00155872593408	0.00153093055265694	0.00147681790269863	0.00150092776771778	0.00149016405691758	0.00148748521193576	0.00144722123721892	0.00145673885135731	0.00134377937940255	0.0012910689828202	0.00124772117361115	0.00124840326197886	0.00123061708567524	0.00125584610641134	0.00120975541221207	0.00119428063289212	0.00113334582108345	0.00121149422555214	0.00141694869409196	0.00121089657417936
4	35	0.00173965593036731	0.00172401839185936	0.00161550136716215	0.00160967701598969	0.00158086872724264	0.00152478966286173	0.00154977474799047	0.00153862011686507	0.00153584402647403	0.00149411317530616	0.00150397878006921	0.00138691953475385	0.00133232755253721	0.00128744387252506	0.0012881496424015	0.00126973676358448	0.00129585570211199	0.00124814333925614	0.00123212820630062	0.00116907345963766	0.00124994343879774	0.0014627536463501	0.00124932393111628
4	36	0.00180465147854532	0.00178834764595287	0.00167522794284809	0.00166915762499959	0.00163913438996384	0.00158069829535843	0.00160673219019838	0.0015951090506973	0.00159221642748113	0.00154872632638414	0.00155900962506173	0.00143703804984505	0.00138020050057305	0.00133348716797875	0.00133422101042054	0.00131506256276424	0.00134224048818396	0.00129259955828074	0.00127594300350714	0.00121037412514411	0.00129447257184185	0.00151606761634252	0.00129382683482323
4	37	0.00188356292760855	0.00186646424017801	0.00174785080429236	0.00174148675018496	0.00171001237670901	0.00164875988412942	0.00167604718452827	0.0016638641809597	0.00166083229231149	0.00161524094546208	0.00162602285657579	0.00149818085711691	0.00143865292738973	0.0013897449687474	0.00139051259474142	0.00137045907058203	0.0013989081196685	0.00134695135443426	0.00132952363541599	0.00126093031799578	0.00134891189752082	0.00158102702757691	0.0013482348568011
4	38	0.00197777626254587	0.00195975040069416	0.00183472380006206	0.00182801660079142	0.00179484660922401	0.0017303013475566	0.00175905436877952	0.00174621672792434	0.00174302198349826	0.00169497528411727	0.00170633940211177	0.00157163244016401	0.00150894748712325	0.00145746021382006	0.00145826771789506	0.00143716098808924	0.00146710538050997	0.00141242281206472	0.00139408593997983	0.00132192420253015	0.00141448634094289	0.00165893860679279	0.00141377275218205
4	39	0.00208659722743966	0.00206754002777025	0.00193537037304013	0.00192828049656872	0.00189321880356966	0.00182499639325126	0.00185538683169551	0.00184181798809103	0.00183844131060948	0.00178765495028881	0.00179966789984218	0.0016572909047779	0.0015910584408698	0.00153666531157268	0.00153751805863939	0.00151522250221786	0.00154685415991431	0.00148909323987211	0.00146972692065791	0.00139351939973926	0.00149127300568135	0.00174957430531049	0.00149051868289633
4	40	0.0022070965148502	0.00218696118360053	0.0020473084246236	0.0020398168429798	0.00200276813582509	0.00193067722018305	0.00196279129287536	0.00194845294736838	0.0019448847570306	0.00189121996794677	0.00190391330245733	0.00175346050890494	0.00168345898333778	0.00162596602790599	0.00162686755990356	0.00160330003527183	0.00163673591403095	0.00157567879973722	0.00155520571881982	0.00147463995067639	0.00157798291643478	0.00185097486609757	0.00157718586579874
4	41	0.0023315911670445	0.00231039000474635	0.00216332687629877	0.00215543685329576	0.00211641628891889	0.00204048157730723	0.0020743090678022	0.00205920594029269	0.00205544737205357	0.00199892557158393	0.00201229318652891	0.00185381109531629	0.00178003544412003	0.00171942871790076	0.00172037966225909	0.00169553149369049	0.00173078308629635	0.00166640530620947	0.0016448137734084	0.00155983706470169	0.00166883460950161	0.00195651867725752	0.00166799520652609
4	42	0.00245708265469543	0.0024349255332233	0.00228118386605137	0.00227293312736485	0.0022321249084707	0.00215269332740159	0.00218808159344858	0.00217228221703975	0.00216835023049898	0.00210923720118361	0.00212321367603274	0.00195741505333685	0.0018801319590314	0.00181660669691711	0.00181760499329171	0.00179154900152116	0.00182851100306296	0.0017609963477469	0.00173833948075768	0.00164914462375935	0.00176354368325253	0.00206483515692238	0.0017626660332799
4	43	0.00258214482279588	0.00255916029396458	0.00239960144097677	0.00239103465669159	0.00234865731973386	0.00226614254962967	0.0023029092224487	0.00228649540477932	0.00228241026245547	0.00222102227245016	0.00223553006484156	0.00206326964258908	0.00198280934886908	0.00191661210540759	0.00191765494672553	0.00189048468172819	0.00192902227866057	0.0018586080115608	0.00183495643685074	0.00174180461157775	0.00186126418361822	0.0021748280726158	0.00186035320079972
4	44	0.00271133871891903	0.00268757251399561	0.00252249537146237	0.00251362764418431	0.00246975443361935	0.00238429195421653	0.00242237784879311	0.00240537624901641	0.00240114452668745	0.00233758860921899	0.00235260048914718	0.00217415973009006	0.00209060890812315	0.00202179470493304	0.00202288195176384	0.00199461498765915	0.00203470184082292	0.00196143008059942	0.00193679192235196	0.00183970426077742	0.00196419331945237	0.00228965970772085	0.00196325081123107
4	45	0.00285597886118816	0.0028313035584177	0.00265982367254221	0.00265060751772781	0.00260500353910951	0.00251613594599974	0.00255574487836615	0.00253806450823201	0.00253366355993107	0.00246760092798747	0.00248319662380213	0.00229762592102285	0.00221053657907714	0.00213873527842746	0.00213987286852012	0.00211035673384245	0.00215220892414458	0.00207568410966242	0.00204992573854525	0.00194837506707623	0.00207856929213622	0.00241767964682996	0.00207759034634865
4	46	0.00302478799035381	0.00299886095098617	0.0028186316938466	0.00280894274269725	0.00276099528474878	0.00266754172652683	0.0027091978423986	0.00269060430278124	0.00268597589119454	0.00261651941187302	0.00263291143060399	0.00243775520473042	0.00234605099912618	0.00227040280650226	0.0022716031854281	0.00224049280536214	0.00228460194907295	0.00220393508214229	0.00217676715818661	0.00206963131403771	0.00220697599197261	0.002563973968572	0.00220594722661428
4	47	0.00323200852123112	0.00320435398795063	0.00301210435411853	0.00300176859636144	0.00295061937281678	0.00285092077610609	0.00289536131306164	0.00287552507506286	0.00287058728624051	0.00279649303515083	0.00281397842507516	0.00260577894444352	0.002507918146615	0.00242718132338561	0.00242846288491535	0.00239525675858632	0.00244233645695549	0.00235623340882147	0.00232723099458801	0.0022128542705325	0.00235947914219225	0.00274042488284137	0.002358381800051
4	48	0.00348482226534565	0.00345486474769097	0.00324663939548963	0.00323544648634976	0.00318005810636198	0.00307210973446465	0.00312022543995144	0.00309874834069919	0.00309340220433525	0.00301316637112771	0.00303210444115874	0.00280668282299169	0.00270080627570509	0.00261348497839814	0.00261486980332081	0.00257896430539198	0.00262987362331987	0.00253677708645074	0.00250542945845672	0.00238182297805816	0.00254028674632759	0.00295249141654472	0.00253909811619449
4	49	0.00378665553272491	0.00375378789938315	0.00352541321532077	0.00351314115958568	0.00345241870473226	0.00333410430354522	0.0033868355332314	0.00336329724696914	0.00335743828081881	0.00326947435654433	0.00329024393864918	0.00304319110266308	0.00292733323701536	0.00283184450480157	0.00283335604477368	0.0027941118920593	0.00284976048637701	0.00274802079097174	0.00271378627253706	0.00257883961909673	0.00275185695618013	0.00320304663228513	0.0027505531388461
4	50	0.0041345414818982	0.00409823788579394	0.00384609314188358	0.00383254904796347	0.0037655406649528	0.0036350181437759	0.0036931838224433	0.00366721838060958	0.00366075559444854	0.00356368549194925	0.00358661483386717	0.00331409537315315	0.0031865292073756	0.00308147572077969	0.00308313499402657	0.00303998579340186	0.00310117899301704	0.0029893330930733	0.00295172867659515	0.00280355546731553	0.0029935511729455	0.00349050054370404	0.00299211154438762
4	51	0.00451231375624744	0.00447228272464065	0.00419435289072497	0.0041794289933075	0.0041056022467623	0.00396183801418279	0.0040258981692885	0.00399730009753743	0.00399018237788607	0.00388323604596537	0.00390850761789048	0.00360837026446481	0.00346810592293644	0.00335267877516769	0.00335449832057501	0.00330711367282118	0.00337432053368119	0.0032515132263236	0.00321025348140167	0.00304773339839173	0.00325614551172368	0.00380272161734089	0.00325455867550201
4	52	0.00490405065045359	0.0048603904084516	0.00455730246615442	0.00454102964099312	0.00446053296085942	0.00430379508562951	0.00437363373506809	0.00434245550571404	0.00433469573851957	0.00421808794400041	0.00424564597509765	0.00391843569083602	0.00376560485946383	0.00363986762193997	0.00364184836341376	0.0035902407321415	0.00366343978389343	0.0035296941287692	0.00348477061666862	0.00330784022628212	0.00353473930678191	0.00413034322718831	0.00353300886317001
4	53	0.00529535853241794	0.0052484635204025	0.00492285716525981	0.00490537214011859	0.00481887416537263	0.0046504270589799	0.00472548701277719	0.00469197861629949	0.00468363870942127	0.00455833637448829	0.00458794364001112	0.00423626939754927	0.00407187411175824	0.00393657222038373	0.00393870577821242	0.00388315714560311	0.00396194178276626	0.00381797234119749	0.00376959669419078	0.00357903610058292	0.0038234026995056	0.00446397933829091	0.00382154364313392
4	54	0.00568492442585562	0.00563521834924304	0.00528993491194358	0.00527138515938088	0.00517960754861845	0.00500081819746644	0.00508049667235982	0.0050449284762602	0.00503607540341951	0.00490312385170461	0.00493452408305942	0.00456121426885288	0.00438635054613626	0.00424230372269357	0.00424458072024927	0.00418540255276901	0.00426932404063103	0.00411592105584746	0.00406432901420269	0.00386101141407396	0.00412170596582062	0.00480282661965116	0.004119734591776
4	55	0.00609203890800628	0.00603959067397045	0.00567505840535461	0.00565546436759824	0.00555850429211436	0.00536954263564125	0.00545376710039374	0.00541617212495966	0.00540681394438509	0.00526635681731608	0.00529951076368729	0.00490491779028481	0.00471962829811314	0.00456682733550493	0.00456924990673421	0.0045064247779384	0.00459550397861228	0.00443261294284956	0.00437776976111882	0.004161528799504	0.00443875396093348	0.00516016450910726	0.00443667302176407
4	56	0.0065427322297051	0.00648711080857512	0.00610035260968699	0.00607955520678248	0.00597662691187136	0.00577596861990835	0.00586541735045112	0.00582549260562736	0.00581555395438068	0.00566645564135619	0.00570163246194787	0.00528258726664461	0.00508541754459597	0.00492267530723165	0.00492526181466249	0.00485830523091816	0.00495323005731726	0.00477959715470287	0.00472108477132539	0.00449028063504181	0.00478614162042898	0.00555352595603649	0.00478393435247837
4	57	0.00706625039744594	0.0070064893907799	0.0065908720213891	0.00656851894915735	0.00645788562204778	0.0062421777621479	0.00633833996835582	0.00629541966491097	0.00628473507809641	0.00612447826219737	0.00616228017028342	0.00571179718344504	0.00549965874265505	0.00532449770512922	0.00532728440315968	0.00525519888797807	0.00535738956711677	0.00517044295529875	0.00510742068432373	0.00485878493261019	0.00517748854563717	0.0060030060773453	0.00517511689031143
4	58	0.00768477435922089	0.00761949713614542	0.00716558542004811	0.00714117627565177	0.00702037212800228	0.00678486003455348	0.00688984657688978	0.00684298681301375	0.00683132175482838	0.00665632954360203	0.00669761423851753	0.00620578036849171	0.00597433191065829	0.00578328542050907	0.00578632225450163	0.0057077172073424	0.005819155211615	0.00561531306123609	0.00554661652113094	0.00527563342134568	0.00562299603892446	0.00652377188233012	0.00562040556979131
4	59	0.00841346105293038	0.00834107097065611	0.00783792559528931	0.00781088039288863	0.00767704777218646	0.0074162225559941	0.00753247890735937	0.00748058610869392	0.00746766886492825	0.00727379808113096	0.00731955891566572	0.00677489724450398	0.00651911498712963	0.00630817242176709	0.00631151718703541	0.00622478400986253	0.00634776145666925	0.00612288051422504	0.00604716291084576	0.00574861028482335	0.00613135846819505	0.00712720978225187	0.00612848628093357
4	60	0.00925847537979953	0.00917737917857152	0.00861408024375399	0.0085838198201597	0.00843410478201545	0.00814246294386829	0.00827243248595243	0.00821441407507243	0.00819997316387122	0.0079830918897307	0.00803431780386397	0.00742538258569408	0.00714022963177552	0.00690535973921031	0.00690907113836455	0.00681258946855621	0.00694941413416002	0.00669931824585459	0.00661521737845343	0.00628380646397427	0.00670874979167525	0.00781952025828419	0.00670553364461121
4	61	0.0102098455918025	0.0101189585117676	0.00948802088081897	0.0094541456399272	0.00928657500245099	0.00896029143441628	0.0091056757514116	0.00904077152767773	0.00902461788688769	0.0087818743795845	0.00883924195922494	0.00815808262203559	0.007839926424769	0.00757817038360288	0.00758229391908102	0.00747485806769833	0.00762724238354494	0.00734881263204235	0.00725529078766676	0.00688695541643657	0.00735931559048332	0.00859921257181117	0.00735571332652264
4	62	0.0112384437352711	0.011137268165057	0.0104351977894869	0.0103975181127655	0.01021115075131	0.00984837761933138	0.0100100026037679	0.00993784437244831	0.00991988623666779	0.00965007064273282	0.00971382860570089	0.00895710478637424	0.00860389643922156	0.00831342388125567	0.00831799892428092	0.0081988086330339	0.00836787086314093	0.00805899754595949	0.00795527959865852	0.00754693659265147	0.00807064651703859	0.00944709315540859	0.00806665117680205
4	63	0.0123138015717731	0.0122025414714236	0.0114305969121957	0.0113891723904481	0.0111842907694418	0.0107855181692498	0.0109631753465722	0.0108838581615083	0.010864118691964	0.0105675549564316	0.0106376308541389	0.00980603302949502	0.00941796317431439	0.00909886465218482	0.00910389025173312	0.00897296525132699	0.00915867430202325	0.00881939814081383	0.00870548166088118	0.00825703996016945	0.00883219288536777	0.0103444752536911	0.00882780456247935
4	64	0.0134134848774739	0.0132927216102774	0.0124547313609793	0.0124097570356416	0.0121873097618884	0.0117543059693653	0.0119472204563722	0.0118610928587703	0.0118396581495289	0.0115176083427761	0.0115937093102901	0.0106904919554091	0.0102689077121029	0.00992220468683431	0.00992766537402653	0.00978540208912709	0.00998719161348428	0.00961852635592808	0.00949473077918597	0.00900734196441131	0.00963243033011788	0.0112753363085478	0.00962766157340978
4	65	0.0145379915407856	0.0144080667144457	0.0135062586722223	0.0134578468786314	0.0132183784106149	0.0127521489340643	0.0129598817281693	0.0128671415120802	0.0128440603385231	0.0124972354397758	0.0125791971980801	0.0116061561574041	0.0111517761511864	0.0107779994566544	0.0107838873022193	0.0106304877268297	0.0108480683904965	0.0104505280390023	0.0103170113435109	0.00979122340691403	0.0104655230348159	0.0122362784525495	0.0104603800997629
4	66	0.0157189310866211	0.0155798492485472	0.0146141307066144	0.0145622701567364	0.0143057149107141	0.0138060846086557	0.0140287215932908	0.0139293319901511	0.0139045948079344	0.01353283228301	0.0136206965027648	0.0125772022157554	0.012089627549758	0.0116883961988998	0.0116947175837141	0.0115300114423757	0.011763622280801	0.0113367572417472	0.0111933555569778	0.0106284579755069	0.0113528612537918	0.0132530439994346	0.0113473379779315
4	67	0.0169708024849327	0.0168215369434385	0.0157848840511009	0.0157292028756867	0.0154537294081547	0.0149171714966398	0.0151562776322042	0.0150495386928415	0.0150229716209053	0.0146236743247334	0.014718052096954	0.0135969598161284	0.01307293952271	0.0126416221211364	0.0126484181883901	0.0124713368141095	0.0127224956239002	0.0122635431340768	0.0121093389684957	0.0115017712380421	0.0122808595345677	0.0143231202686285	0.0122749204561455
4	68	0.0183348267678658	0.0181735790373166	0.0170537057908636	0.0169935544551646	0.0166959653100898	0.0161163297987255	0.0163746328281633	0.0162593242853641	0.0162306242473598	0.0157992683606765	0.0159012235885416	0.0146901163622658	0.0141240181820033	0.0136580651824259	0.013665406998035	0.0134741052391584	0.0137454330910554	0.0132496245224927	0.0130830366395388	0.0124266748433808	0.0132683315437737	0.0154745828401179	0.013261915518591
4	69	0.0198837760454226	0.0197081102150604	0.0184883026540538	0.0184227937354297	0.018098714466954	0.0174675584846913	0.0177488079890967	0.0176232534311945	0.0175920038143654	0.0171223589394168	0.0172333589180916	0.0159150269441494	0.0152989775433061	0.0147919943901627	0.0147999820937908	0.0145918572103974	0.0148870496626796	0.0143476528392763	0.0141664401727565	0.0134525601818291	0.0143680028064723	0.0167688915193696	0.0143610232784864
4	70	0.0217061690113196	0.0215130974951712	0.0201727568829208	0.0201007915846536	0.0197447978135195	0.0190516130244897	0.0193604823985016	0.0192225936939417	0.019188275239878	0.0186725599930252	0.0187944400144521	0.0173472438798353	0.016671254045356	0.0161150817072379	0.0161238434051847	0.0158955621965243	0.0162193497607227	0.0156277357135429	0.0154290142992008	0.0146463305854993	0.0156500529683141	0.0182844824217349	0.015642398685697
4	71	0.0241642550153024	0.0239477890054366	0.0224454292170372	0.0223647846020462	0.0219658870060381	0.0211893090910067	0.0215353122524891	0.0213808409768815	0.021342396596221	0.0207647393470709	0.0209012480650459	0.019280772167936	0.0185241694232664	0.0179018367651009	0.0179116395468264	0.0176562459704293	0.0180184966394808	0.0173566439002254	0.017134369390128	0.0162591212005844	0.0173816075346228	0.0203301252685766	0.0173730455786197
4	72	0.0271627162101786	0.0269191829479813	0.0252290184335279	0.0251382953925185	0.0246895503610999	0.0238159490145142	0.0242051775085368	0.0240314078479802	0.0239881607052426	0.0233383462266765	0.0234919053597169	0.0216690832020329	0.0208180488090494	0.0201180649475422	0.0201290907066717	0.0198418363762595	0.0202492794312782	0.0195048629957737	0.0192548659464332	0.0182704822378156	0.0195329403178808	0.022849453098995	0.0195233104342832
4	73	0.030764540185368	0.0304911270412846	0.0285929806715672	0.0284910628208294	0.0279868969334338	0.0270051718110815	0.0274426126965148	0.0272473264851735	0.0271987224587929	0.026468324054445	0.0266409421015605	0.0245912227304348	0.0236337435157233	0.0228459504965922	0.0228583612226967	0.0225350047254367	0.0229936432181862	0.0221556279966704	0.0218741351797341	0.0207654179775054	0.0221872406398814	0.0259186854048864	0.0221763982664848
4	74	0.0350046037386944	0.0346992753911441	0.0325781286446627	0.0324641644703812	0.0319002957886289	0.030801769749764	0.0312913455154432	0.0310728028867188	0.0310184061360925	0.0302007375385558	0.0303940179988749	0.0280973969742068	0.0270233783689826	0.0261390928331817	0.0261530280340587	0.025789905743243	0.0263049183077513	0.0253637501378696	0.0250474602771979	0.0238009408132528	0.0253992659216739	0.0295851499096126	0.0253870849715212
4	75	0.0398727469531825	0.0395342180651589	0.0371801836941443	0.0370535932579087	0.036427076994873	0.0352056454785429	0.0357501375318596	0.035507109086508	0.0354466105559139	0.0345368778062637	0.034751979187847	0.0321936408986134	0.0309953354908838	0.0300077647979339	0.0300233344922242	0.0296175479129178	0.0301930259804046	0.029141126950356	0.0287873922348131	0.0273921215348876	0.029180839974832	0.0338515451701231	0.0291672196524557
4	76	0.045398309608475	0.0450259039867688	0.0424332506536802	0.0422936732932137	0.0416026431209737	0.0402542702245687	0.0408555434937301	0.0405872100481359	0.0405204025114745	0.0395153286743672	0.0397530532406984	0.0369223133892184	0.035593822728153	0.0344976520212294	0.0345149432686184	0.0340641886093379	0.0347033779636833	0.0335347040965518	0.0331413806087352	0.0315883345631452	0.0335788515063997	0.0387575795545514	0.0335637105589035
4	77	0.0514416291237629	0.0510336310111085	0.0481900200514611	0.0480367712636064	0.0472778065850624	0.0457956619209814	0.0464567881672053	0.0461617840890758	0.046088326238315	0.0449827127906195	0.0452443010307348	0.0421259287295487	0.0406597406972281	0.0394485837209568	0.0394676986222293	0.0389692997027315	0.0396759863204939	0.0383835687698233	0.0379482641375897	0.0362277545994081	0.0384324175892564	0.0441485469930922	0.038415664471009
4	78	0.0579056546565022	0.0574596880348463	0.0543485217632988	0.0541807049338408	0.053349361607014	0.0517247473728219	0.0524496096224223	0.0521262029259373	0.0520456633178819	0.050833008129475	0.0511199999268482	0.0476955708386421	0.0460829647601753	0.0447495847922475	0.0447706378088917	0.0442216074442574	0.0450000252212727	0.04357611199306	0.043096206171159	0.041197828538645	0.0436299559424726	0.0499175086921123	0.0436114899261808
4	79	0.0647473772621729	0.0642605393331261	0.0608617028881823	0.0606782397597902	0.0597691863930507	0.0579917326789504	0.0587849497731909	0.0584310781206825	0.0583429435573898	0.0570155386786784	0.0573297549977208	0.0535776710557574	0.0518085736872812	0.0503446882981884	0.0503678098776403	0.0497647495981038	0.0506197189957282	0.0490555030560527	0.0485280384312177	0.0464401451382807	0.0491146743040351	0.0560129101063052	0.049094381463444
4	80	0.0719738594775992	0.0714428262722538	0.067733300857146	0.0675329583361361	0.0665400993935541	0.0645979574762273	0.0654648056359847	0.0650781128985036	0.0649817971405877	0.0635308409364814	0.0638743605328732	0.0597699928678434	0.0578329405242769	0.0562291372419956	0.0562544755295573	0.0555935268946996	0.0565305214814856	0.0548160061361945	0.0542376292312665	0.0519470335259566	0.0548808814296945	0.0624344698567377	0.0548586325465184
4	81	0.0796006757704741	0.0790258571810999	0.0750078869845822	0.0747907546829668	0.07371448515899	0.0716081871078267	0.0725484686656875	0.0721290510195795	0.072024576022616	0.070450301636507	0.0708230859713274	0.066366197301745	0.0642605297814628	0.062515982595644	0.0625435526553855	0.0618243012421167	0.0628438953292392	0.0609779610167408	0.0603482251841493	0.0578528051962621	0.061048588259995	0.0692602408552942	0.061024366955223
4	82	0.0880469565533273	0.087424527909121	0.0830710529346757	0.0828356518392819	0.0816686145909969	0.0793836341669729	0.0804038550717614	0.0799488147743887	0.079835457656787	0.0781269201907116	0.0785315699086334	0.0736906920359987	0.0714012451478464	0.0695032379890874	0.0695332418835672	0.0687504044626052	0.069860080189933	0.0678289962599018	0.067143229546194	0.0644242765764832	0.0679058982192399	0.0768348298371781	0.0678795252398222
4	83	0.0976357990256786	0.0969607501317765	0.0922362243303521	0.0919806066689828	0.0907131052194541	0.0882302605024297	0.0893390178942609	0.0888445269935605	0.08872133251847	0.0868640543785908	0.0873040120285213	0.0820373860378567	0.0795439566489944	0.0774755083539497	0.0775082162007618	0.0766547271655552	0.0778644890611546	0.0756498864745846	0.0749018291859151	0.0719342285128054	0.0757337632767558	0.0854588842840135	0.07570499856074
4	84	0.108621673479878	0.107888386775433	0.102752834217876	0.102474803384185	0.101095893113711	0.0983934871243431	0.0996005129014382	0.0990622396941858	0.0989281265394286	0.0969057007229851	0.0973848707727873	0.0916450030168445	0.0889245109975939	0.0866661707771233	0.086701892344943	0.0857696450163536	0.0870909693246292	0.0846717643969822	0.0838542192581297	0.0806090307259595	0.0847634206394807	0.0953749048222429	0.0847319883125636
4	85	0.121081886757234	0.120284958758947	0.114699826172384	0.114397258621155	0.112896351018526	0.109953353786138	0.111268087068523	0.110681831453186	0.110535750826699	0.108332248158017	0.108854424043871	0.102595057961961	0.0996249351485696	0.0971576383964087	0.0971966776281563	0.0961777143281508	0.0976218642431534	0.0949773536095403	0.0940832420307986	0.0905319454265382	0.0950775802692515	0.106663625838151	0.095043209135247
4	86	0.135016929403093	0.134153305416084	0.128096146152719	0.127767772764981	0.126138489487194	0.122941987418321	0.124370264481229	0.123733437535899	0.12357474095576	0.121180214013548	0.121747781304018	0.114939129282835	0.111704300534829	0.109015042236688	0.109057608387593	0.107946430153203	0.109521176384139	0.10663701130844	0.105661362206861	0.101783597129293	0.106746361812948	0.11936602271262	0.106708862168941
4	87	0.150213213713085	0.149280294401775	0.14273213713361	0.142376891448429	0.140613881644847	0.137153084158124	0.138699775015531	0.138010215109865	0.137838361459507	0.135244525907651	0.135859468643897	0.128476864859253	0.124964925541584	0.122043039747557	0.122089304199388	0.12088140976839	0.122593114639475	0.119457554661184	0.118396308119511	0.114175481910481	0.119576481228318	0.133278337292817	0.119535698058623
4	88	0.166521128429249	0.165517571684577	0.158468294855047	0.15808559175398	0.156185895187111	0.152454713039045	0.154122585218565	0.153379067800719	0.153193749572534	0.150395850246041	0.151059315234306	0.143088166294926	0.139291518341636	0.136130344690299	0.136180415357594	0.134872960940232	0.136725638246674	0.133331246385344	0.132181800338637	0.127607124382069	0.133460037901339	0.148273915131256	0.133415872200215
4	89	0.183979361971	0.182904664628829	0.175349942308403	0.174939506294222	0.172901691746062	0.168896999691469	0.170687502288459	0.169889391859474	0.169690448036906	0.166685925362346	0.167398541523993	0.158830358475046	0.154744217244706	0.151339388834235	0.151393337661839	0.149984414880762	0.151980750577437	0.148322510342691	0.147083069948417	0.142146903584818	0.148461364850235	0.164406139185653	0.148413748773342
4	90	0.20273162127533	0.201584986588905	0.193518440866939	0.193079885496836	0.190901971621143	0.186619566446421	0.188534630040399	0.18768107639155	0.187468292460516	0.184253779944623	0.185016367423864	0.175840367022216	0.171458855808996	0.167805095573163	0.167863008932956	0.166350332545148	0.168493546523717	0.164565462658141	0.163233901057573	0.15792727820875	0.164714615380589	0.181813426982227	0.164663468333893
4	91	0.223063359999508	0.221844190350355	0.213260668152903	0.212793664522134	0.210473941499281	0.205910083623512	0.207951443113413	0.20704168560061	0.206814868787886	0.2033872995516	0.204200612341323	0.19440659732146	0.189723951755658	0.185815989397242	0.185877954184725	0.184259218502289	0.186552555473611	0.182348565498726	0.180922711132796	0.175236373759045	0.182508255967577	0.20078385485697	0.182453495895499
4	92	0.24547709551369	0.24418536354905	0.235083381222428	0.234587782325059	0.232125416055659	0.227277951392756	0.229446655271657	0.228480243743144	0.228239277539841	0.224596680907149	0.225461222501458	0.21504160279859	0.210052979202144	0.205886144141278	0.205952238965443	0.204225341667039	0.206671750192116	0.202186292440957	0.20066410120701	0.194589079636018	0.202356744561839	0.221828380606458	0.202298294797672
4	93	0.269941318205676	0.268576961766594	0.258955047780684	0.258430720270124	0.255824964523715	0.250692009581151	0.252988969245661	0.251965511430486	0.251710294563691	0.247850969335777	0.248767172614244	0.237715486480009	0.232416796522633	0.227987156557769	0.22805744754979	0.226220620443867	0.228822580718005	0.224050978164692	0.222430732093131	0.215959489458962	0.224232380142174	0.244916303604063	0.224170176242899
4	94	0.296110077699871	0.294674049705881	0.284538184444932	0.283985415933963	0.281237639556029	0.275821590074308	0.278245783415654	0.277165744827971	0.27689639086104	0.272821930098711	0.273789438129251	0.262109076413905	0.256501210229048	0.251809123745495	0.25188360803066	0.249936895973398	0.252694325926995	0.247636631703023	0.245918250447677	0.239049951084866	0.247828989390049	0.269721951599892	0.247763029419621
4	95	0.321592417969108	0.320109680077375	0.309633864226231	0.309062031768373	0.306218671446749	0.300610186601888	0.303121179244876	0.302002603457911	0.301723605069802	0.297501611833835	0.298504432750287	0.286385858278183	0.280558186268893	0.2756773554918	0.275754870870049	0.273728565529592	0.276598507277015	0.271333246976923	0.269543139847268	0.26238193704923	0.27153359547745	0.294287301175848	0.271464896301277
4	96	0.349856351412281	0.348339659927727	0.337611850018216	0.337025643121382	0.334109841100151	0.328353697634585	0.330931586805063	0.329783369057091	0.329496937647914	0.325160518301215	0.326190849771186	0.313725726680079	0.307720230222213	0.302684722955721	0.302764736312679	0.300672688424217	0.303635472408957	0.298198458217731	0.296348524227086	0.28894057732206	0.298405456980465	0.321856623769753	0.298334478470627
4	97	0.379452824177861	0.377916189532572	0.367034586810606	0.366439324684742	0.36347746385323	0.357625369195107	0.360247060370976	0.35907949989276	0.358788201512754	0.354376047686911	0.355424723530364	0.342722769905086	0.336591350390205	0.331444173323558	0.331526005048415	0.32938594321662	0.33241643711517	0.326853658224789	0.324959412078939	0.317366144542642	0.327065566967219	0.351011846284399	0.32699290595121
4	98	0.410169901674035	0.408628983244385	0.397703938349173	0.397105628826673	0.394127555698837	0.388238243667448	0.390877464459622	0.389702269689323	0.389409023488545	0.384965249047538	0.386021801739701	0.373209029578184	0.367011870905378	0.361803195079142	0.361886050144962	0.359718737465165	0.362787521758228	0.35715288858466	0.355232594187634	0.347526715486757	0.357367661113131	0.38157424570876	0.357294019274602
4	99	0.441721196326014	0.440192278712195	0.429339179292544	0.428744136881965	0.425781272473759	0.419916827368057	0.422545764872638	0.421375322359338	0.421083218660386	0.416654627695294	0.417707933670807	0.40491900811104	0.398721030606517	0.393505289878092	0.393588303420509	0.391416351452955	0.394491402565944	0.388843676348983	0.386917320680765	0.379178815300626	0.389059075971312	0.413272502396589	0.388985220262438
4	100	0.508786930121567	0.507392790671714	0.497467120103243	0.496921422527109	0.494201900585544	0.488807424963062	0.491227613449454	0.49015049827244	0.489881588710565	0.485799857363628	0.486771482446212	0.474939266080683	0.469176983592613	0.464313400432751	0.464390913952482	0.462361738214348	0.465233958488333	0.459955139094248	0.458150961994526	0.450884257957623	0.460156760995532	0.482676532975979	0.460087631983091
5	0	0.0164258140367196	0.0164258140367196	0.0150065851933688	0.0150989062376809	0.0148691609654332	0.0142661601360678	0.0148236331219551	0.0148236331219551	0.0150065851933688	0.0145757103722143	0.0149148286386356	0.0133559039106214	0.0129525487419027	0.0126774702435402	0.0130522308956378	0.013152680198138	0.0139417906370245	0.0136039214682986	0.0136876132756291	0.0131124080424481	0.014778244680057	0.0187860681527812	0.0155691011000453
5	1	0.000992228283799945	0.000992228283799945	0.000895315169451976	0.000901582394229903	0.000885995923331965	0.000845245246231586	0.000882911114282373	0.000882911114282373	0.000895315169451976	0.000866135651479351	0.000889091510416536	0.000784180127268201	0.000757300833198119	0.000739035424918298	0.000763933023148988	0.000770623295623494	0.000823421473973624	0.000800763502931576	0.000806368864080437	0.000767940184275503	0.000879837045741425	0.00115592545595566	0.000933582752925632
5	2	0.000807171165345617	0.000807171165345617	0.000730374097965813	0.00073534704716715	0.000722977660561599	0.000690609735861896	0.000720528864178414	0.000720528864178414	0.000730374097965813	0.000707207993901019	0.000725434779447912	0.000642025910477943	0.000620608337899156	0.000606042584369054	0.000625894799980682	0.00063122629317061	0.000673257940898701	0.000655229624996472	0.000659690932769288	0.000629088267685166	0.000718088362109222	0.000936435969039262	0.000760724322642713
5	3	0.000662549305233194	0.000662549305233194	0.000601153916554956	0.000605134698819834	0.00059523178979677	0.000569295935671841	0.000593270740585462	0.000593270740585462	0.000601153916554956	0.000582599888851118	0.000597199321232375	0.000530303565390196	0.000513088959439752	0.00050137232230367	0.000517339500011693	0.000521625252986516	0.00055537864336713	0.000540908334715444	0.000544490176647208	0.000519906707692897	0.00059131615224213	0.000765536537692291	0.000625437523886464
5	4	0.000547752190653191	0.000547752190653191	0.000498241370928882	0.000501455391224143	0.000493458923988519	0.000472499664347053	0.000491874997979088	0.000491874997979088	0.000498241370928882	0.000483253847860553	0.000495047950524736	0.000440942464754579	0.000426991599068085	0.000417489458453106	0.000430437379958649	0.000433910967967601	0.00046124275570983	0.000449530830148529	0.000452430631922816	0.000432518181588573	0.000490296156124552	0.000630543501380974	0.00051783917213694
5	5	0.000457679595768962	0.000457679595768962	0.000417408506750496	0.000420025990248318	0.000413512833624295	0.000396427368068889	0.000412222372363287	0.000412222372363287	0.000417408506750496	0.000405196485201621	0.000414807334671539	0.000370662619742584	0.000359256345297291	0.000351481448209964	0.000362074578151439	0.000364914918997621	0.000387242371947057	0.000377679486469523	0.000380047837395085	0.000363776118631008	0.000410935938281439	0.000524798569089642	0.000433361681549647
5	6	0.000388608646425827	0.000388608646425827	0.000355332083115203	0.000357497594762308	0.000352108385929365	0.00033795986505616	0.000351040332578052	0.000351040332578052	0.000355332083115203	0.000345223686622727	0.000353179688872977	0.000316591374518246	0.000307118209337435	0.000300656161804443	0.000309459589289842	0.000311818819242395	0.00033034671647601	0.000322414960359579	0.000324379864135614	0.000310872976575185	0.000349975518962021	0.000443890851929221	0.000368524729148875
5	7	0.000339552789428443	0.000339552789428443	0.00031124367851781	0.000313088079791176	0.000308497429148691	0.000296436101341092	0.000307587408056255	0.000307587408056255	0.00031124367851781	0.000302630064383357	0.000309410142608783	0.000278193297576733	0.000270095093424559	0.000264567027235967	0.000272097271430156	0.000274114291307611	0.000289940322182119	0.000283168306204345	0.000284846335416143	0.000273305695308881	0.000306680071389393	0.00038643759731206	0.00032247533357507
5	8	0.000308744345118013	0.000308744345118013	0.000283653878196521	0.000285290353475374	0.000281216749266615	0.000270506213019343	0.000280409035116505	0.000280409035116505	0.000283653878196521	0.000276007897762586	0.000282026790025595	0.000254284483259991	0.000247074572727402	0.000242149617977059	0.000248857655160583	0.000250653605704507	0.000264733187866342	0.000258711029344701	0.000260203602640652	0.000249933675385165	0.00027960364089275	0.000350179363773023	0.000293615442948007
5	9	0.000293570100143848	0.000293570100143848	0.000270324492258159	0.000271842265807556	0.000268063706199865	0.000258121877878026	0.000267314320344332	0.000267314320344332	0.000270324492258159	0.000263229988665416	0.000268815192874987	0.000243044206109124	0.000236334620188214	0.000231748427600744	0.000237994448658459	0.000239665934458249	0.000252758849905209	0.000247161048442888	0.000248548767693312	0.000238995936031822	0.000266567029435438	0.000331849806870958	0.00027955992070686
5	10	0.000290570316034871	0.000290570316034871	0.000268286510148998	0.000269743345618921	0.000266115996356868	0.000256563949437769	0.000265396401036809	0.000265396401036809	0.000268286510148998	0.000261473267805575	0.000266837542786372	0.000242054226161514	0.000235587992850054	0.0002311646861379	0.00023718817389677	0.00023879922383095	0.00025140620603865	0.000246018847772357	0.000247354766538848	0.000238153494877204	0.000264678751550264	0.000327142282547073	0.000277147048099191
5	11	0.00030377914114145	0.00030377914114145	0.000281269744422682	0.00028274327901049	0.000279073828937108	0.000269402441355937	0.000278345673483053	0.000278345673483053	0.000281269744422682	0.00027437464645884	0.00027980388925413	0.000254687045996884	0.000248119271717249	0.000243622865344124	0.000249745163976522	0.000251381710489376	0.000264175025583897	0.000258710866979002	0.0002600662186238	0.000250725808915804	0.000277619417921822	0.000340592040040323	0.000290227558739238
5	12	0.000335419143595004	0.000335419143595004	0.000311483372405063	0.0003130524680077	0.000309144462970824	0.000298834814194684	0.000308368735853823	0.000308368735853823	0.000311483372405063	0.000304136899889744	0.000309922141493691	0.000283120850889845	0.00027609626753474	0.000271283020371748	0.000277835902490809	0.000279586498586655	0.000293256537045931	0.000287421099516133	0.000288868981564775	0.00027888494040115	0.000307594955246084	0.00037442057350685	0.000321017310037898
5	13	0.000388985801489851	0.000388985801489851	0.000362308397190057	0.000364059687468824	0.000359697245021076	0.000348177990428096	0.000358831049580605	0.000358831049580605	0.000362308397190057	0.000354104125823849	0.000360565531402511	0.000330589266213521	0.000322713986068011	0.000317313182643051	0.000324665041231036	0.000326627892028627	0.000341938572031755	0.00033540638436643	0.0003370276383725	0.000325841331678994	0.000357966940045855	0.000432292433084299	0.000372943938391557
5	14	0.000469675541339085	0.000469675541339085	0.000438822847836676	0.000440851198473467	0.000435797806733525	0.000422441113984627	0.000434794100869557	0.000434794100869557	0.000438822847836676	0.000429314897447526	0.000436803829614812	0.000402009338129077	0.00039284585045166	0.000386555974823403	0.000395116951982831	0.000397401183096913	0.000415198428291845	0.00040760971263706	0.000409493788236737	0.00039648591025327	0.000433792706686477	0.000519566378577955	0.000451134454667065
5	15	0.000581659396698261	0.000581659396698261	0.000545144872354702	0.000547548975576743	0.000541558494795365	0.000525709538752281	0.000540368286388254	0.000540368286388254	0.000545144872354702	0.000533868743312336	0.000542751324740579	0.000501420614271252	0.000490509008691568	0.000483012478148062	0.000493214444644318	0.000495934802613921	0.000517105860469591	0.00050808374694295	0.000510324409627377	0.000494844863526781	0.000539180693757769	0.000640476560121569	0.000559729462277672
5	16	0.000723597359338849	0.000723597359338849	0.000680105114258443	0.000682972471411563	0.000675826634290736	0.000656904119132283	0.00067440646391442	0.00067440646391442	0.000680105114258443	0.000666648703752248	0.000677249795272874	0.000627855978463327	0.000614786387331263	0.000605799888233864	0.000618028055685174	0.000621286816827626	0.000646621501498724	0.000635830722636783	0.000638511416742008	0.00061998125547848	0.00067298927785952	0.000793405538446696	0.000697491613571739
5	17	0.000888183180362998	0.000888183180362998	0.000836907550816744	0.000840292071976134	0.000831856312182558	0.000809500371452911	0.000830179350025924	0.000830179350025924	0.000836907550816744	0.000821016304596289	0.000833536661802486	0.000775130219712532	0.000759645150348392	0.000748990035809095	0.000763487171869702	0.000767348625002422	0.00079734105768353	0.000784572367830181	0.000787745241318301	0.000765801705677258	0.0008285057685037	0.000970225275955384	0.000857421097304237
5	18	0.001058236443852	0.001058236443852	0.000999104698041177	0.00100301138656823	0.00099327317745708	0.000967449686218332	0.000991336910898271	0.000991336910898271	0.000999104698041177	0.000980754717397265	0.000995213225906936	0.000927702270648704	0.000909775649616263	0.000897433528625908	0.000914224564740613	0.000918695235608582	0.000953394527829415	0.000938627353199939	0.000942297563858651	0.000916904349774937	0.000989404418858164	0.00115261662674358	0.00102277516572171
5	19	0.0012136778481647	0.0012136778481647	0.00114754704179083	0.00115191916736126	0.00114101994836456	0.00111210441482426	0.00113885251105966	0.00113885251105966	0.00114754704179083	0.00112700499112664	0.00114319151068514	0.00106755894619652	0.00104745247959863	0.00103360369834365	0.00105244331281319	0.00105745792602412	0.00109635805938565	0.00107980761377743	0.00108392165381885	0.0010554492199007	0.00113668919093473	0.00131903556432755	0.00117403093349207
5	20	0.00133954391338537	0.00133954391338537	0.00126790952700359	0.00127264789574641	0.00126083503222706	0.00122948511813155	0.00125848565003078	0.00125848565003078	0.00126790952700359	0.0012456420815339	0.00126318880032691	0.00118115880281525	0.00115933326612026	0.00114429579634502	0.00116475154733806	0.00117019515153435	0.0012124065708689	0.00119445085838556	0.00119891470102707	0.00116801466353639	0.00125614064556558	0.00145351757199062	0.00129660668668266
5	21	0.00142775931996329	0.00142775931996329	0.0013524951580761	0.00135747550924289	0.00134505887051253	0.00131209830864472	0.00134258920493789	0.00134258920493789	0.0013524951580761	0.00132908687662924	0.00134753307898684	0.00126126493598151	0.00123829723164695	0.00122246914916808	0.00124399964684059	0.00124972832191612	0.00129413716817868	0.0012752495364663	0.00127994544275399	0.00124743369297314	0.00134012407392169	0.00154738791052315	0.00138265370987266
5	22	0.00148209684285103	0.00148209684285103	0.00140497974449696	0.00141008443694003	0.00139735733428479	0.00136356501243371	0.00139482573170045	0.00139482573170045	0.00140497974449696	0.00138098367914246	0.00139989353171671	0.00131142661925489	0.00128786017499167	0.00127161609658983	0.00129371178346902	0.00129958997970989	0.00134514588785292	0.00132577297935692	0.0013305898910138	0.00129723550296261	0.00139229871563918	0.0016045604400536	0.00143588745262051
5	23	0.00150974029229468	0.00150974029229468	0.00143213741727116	0.0014372758734964	0.00142446415742124	0.00139044008710327	0.00142191555117725	0.00142191555117725	0.00143213741727116	0.00140797950638768	0.001427017331724	0.00133792343002484	0.00131417753888462	0.00129780662527112	0.00132007420562656	0.00132599733049736	0.00137189023845714	0.00135237642275462	0.00135722869947372	0.00132362489798762	0.00141937150481898	0.00163287300556982	0.00146324603005491
5	24	0.00152113803858371	0.00152113803858371	0.00144379483984326	0.00144891751314289	0.00143614476856477	0.00140221797243462	0.00143360376311528	0.00143360376311528	0.00144379483984326	0.00141970838372257	0.001438690277845	0.00134983328154562	0.00132613961736104	0.00130980194717552	0.00133202375518141	0.00133793400117125	0.00138371728920961	0.00136425219560289	0.00136909264668605	0.00133556676239251	0.00143106725352779	0.00164376902426919	0.00147480480625904
5	25	0.00152716126025443	0.00152716126025443	0.00145019633743741	0.00145529508859078	0.00144258168597502	0.00140880752051567	0.00144005236427878	0.00144005236427878	0.00145019633743741	0.00142622015768438	0.001445115450196	0.00135664390937313	0.00133304426508766	0.00131676920685577	0.001338905407236	0.00134479231971184	0.00139038696443546	0.00137100376850955	0.00137582408619034	0.00134243445504168	0.00143752747731806	0.0016491205837854	0.0014810590090551
5	26	0.00153355595623055	0.00153355595623055	0.00145671323864066	0.00146180462471611	0.00144910938963255	0.0014153802647455	0.00144658360378974	0.00144658360378974	0.00145671323864066	0.00143277026955615	0.00145163958558625	0.001363276797945	0.0013397005057898	0.00132344011936531	0.00134555607649847	0.0013514372407694	0.00139698226996537	0.00137762126072999	0.001382436210933	0.00134908169668516	0.00144406222037105	0.00165527526330207	0.00148752972727237
5	27	0.00154554949754824	0.00154554949754824	0.00146837981140721	0.00147349331030503	0.00146074281661425	0.0014268648992049	0.00145820598851966	0.00145820598851966	0.00146837981140721	0.00144433197985514	0.00146328405800629	0.00137452579660703	0.00135084051140461	0.00133450407318444	0.00135672329259181	0.00136263169272826	0.00140838451261632	0.00138893584451553	0.0013937726870374	0.00136026525127028	0.00145567356605809	0.00166775825821093	0.00149932915769322
5	28	0.00156559760023455	0.00156559760023455	0.00148750755483695	0.00149268217149545	0.00147977924531894	0.00144549573447914	0.00147721207519151	0.00147721207519151	0.00148750755483695	0.00146317204095691	0.00148235087679798	0.00139252831581981	0.00136855799856054	0.00135202470654975	0.00137451161519166	0.00138049113174886	0.00142679373494957	0.00140711156186382	0.00141200650367754	0.0013780962099348	0.00147464935867598	0.00168925550802359	0.00151882652581266
5	29	0.00159514668549033	0.00159514668549033	0.00151541862056658	0.0015207015110431	0.00150752867617387	0.00147252919588651	0.00150490783386429	0.00150490783386429	0.00151541862056658	0.00149057443368872	0.00151015408275926	0.0014184590871429	0.00139399117056962	0.00137711519202163	0.00140006829413426	0.00140617191100215	0.00145343736596614	0.00143334550371244	0.00143834227965829	0.00140372727767799	0.00150229154789551	0.00172141551355533	0.00154739350055538
5	30	0.00163425439707496	0.00163425439707496	0.0015521445891334	0.0015575845932065	0.00154402018672046	0.00150798342726036	0.00154132151373735	0.00154132151373735	0.0015521445891334	0.0015265629044391	0.00154672358476307	0.00145231991740498	0.00142713466770155	0.00140976531075436	0.00143338973629739	0.00143967222058429	0.0014883277033092	0.00146764390660573	0.00147278775008893	0.00143715592930802	0.00153862755755518	0.00176433995404438	0.00158507194797541
5	31	0.00167966107408336	0.00167966107408336	0.00159457834298032	0.0016002141619921	0.00158616180925391	0.00154883378412808	0.00158336618168515	0.00158336618168515	0.00159457834298032	0.00156807807348408	0.00158896237284669	0.0014911905552148	0.00146511563512015	0.00144713495565079	0.00147159130573352	0.00147809559819002	0.00152847690912374	0.00150705773072908	0.00151238422010986	0.00147549043850237	0.00158057548144062	0.00181452956371485	0.00162869345428008
5	32	0.00172925347020124	0.00172925347020124	0.00164094646852021	0.00164679466710145	0.00163221308849506	0.00159348451428777	0.00162931230305169	0.00162931230305169	0.00164094646852021	0.00161344988891281	0.00163511903842173	0.00153369388199467	0.00150665387693385	0.00148801003228149	0.00151336885289959	0.00152011375670935	0.00157236711954838	0.00155015026959802	0.00155567487797573	0.00151741219532082	0.00162641667291325	0.00186930872804021	0.00167634978710232
5	33	0.00178037683966653	0.00178037683966653	0.00168886446379527	0.00169492393709519	0.00167981584784526	0.00163969328799185	0.00167681042888908	0.00167681042888908	0.00168886446379527	0.00166037648280638	0.00168282665354221	0.00157776348676547	0.00154976134125752	0.0015304560715978	0.00155671493753784	0.00156369973378421	0.00161781854872959	0.00159480705434619	0.00160052905926222	0.00156090206234438	0.00167381038703606	0.00192557962596561	0.00172554897944715
5	34	0.00183427121557072	0.00183427121557072	0.00173954959050062	0.00174582081899756	0.00173018496079735	0.00168866408561188	0.00172707463393211	0.00172707463393211	0.00173954959050062	0.00171006751312721	0.00173330088911897	0.00162458554388603	0.00159561574627157	0.00157564481196314	0.00160280940160812	0.00161003548873611	0.00166602902676486	0.00164221928168866	0.00164813962590522	0.00160714115272691	0.00172396989845358	0.00198461347095784	0.00177751772090871
5	35	0.00189536058953797	0.00189536058953797	0.00179713475953385	0.00180363739567749	0.00178742473618721	0.00174437479216284	0.00178419973439473	0.00178419973439473	0.00179713475953385	0.00176656595422954	0.00179065556728027	0.00167794411632575	0.00164791405555931	0.0016272133691279	0.00165537080562233	0.00166286129720318	0.00172090779240784	0.00169622419380575	0.00170236170168703	0.00165986104183268	0.0017809805513852	0.00205130257503943	0.00183650521448764
5	36	0.00196703008688378	0.00196703008688378	0.00186458575131738	0.00187136679344111	0.00185446023210113	0.00180957155115538	0.00185109729292246	0.00185109729292246	0.00186458575131738	0.00183270984143943	0.00185782928082356	0.00174031460343869	0.00170901146370364	0.00168743488761297	0.00171678406290861	0.00172459201196329	0.00178510459751239	0.00175937103439556	0.00176576943633931	0.00172146458008642	0.0018477404522083	0.00212972422168454	0.001905643717543
5	37	0.00205389765675194	0.00205389765675194	0.00194642552637697	0.00195353850462075	0.00193580458992939	0.00188872301382358	0.00193227717222996	0.00193227717222996	0.00194642552637697	0.00191299095559872	0.00193933844701329	0.00181609386959591	0.00178327110093977	0.00176064876750937	0.00179142075608603	0.00179960765564171	0.00186306317426961	0.00183607680784581	0.00184278652995494	0.00179632841561431	0.00192875618218118	0.00222463167783445	0.00198949520372513
5	38	0.00215738239977199	0.00215738239977199	0.00204405319480231	0.00205155305672446	0.00203285477791391	0.0019832162834865	0.00202913562245805	0.00202913562245805	0.00204405319480231	0.00200880156074865	0.00203658075012324	0.00190665258783764	0.00187205571916961	0.00184821211731215	0.00188064563313874	0.00188927496186526	0.00195616499140962	0.00192771685706817	0.00193478986783412	0.00188581848904764	0.00202542327128426	0.00233746979054177	0.00208946715882205
5	39	0.00227649870301781	0.00227649870301781	0.00215666924355847	0.00216459885678317	0.00214482925674947	0.00209234856697817	0.00214089705677105	0.00214089705677105	0.00215666924355847	0.00211939846498268	0.00214876867902596	0.00201140639796384	0.0019748332366695	0.00194962842572412	0.00198391370551497	0.00199303592720971	0.00206374952518035	0.00203367461120504	0.0020411519993766	0.00198938201592269	0.00213697206584976	0.00246694219563779	0.00220468640526914
5	40	0.00240773044717262	0.00240773044717262	0.00228113099531386	0.00228950884509504	0.00226862166653947	0.00221317318709844	0.0022644671531233	0.0022644671531233	0.00228113099531386	0.00224175295178844	0.00227278380204974	0.00212765066896332	0.00208900665696135	0.00206237423136594	0.00209860135540459	0.00210824012179653	0.00218295621454292	0.00215117937089312	0.00215907995076281	0.00210437931415297	0.00226032024784292	0.00260891824066592	0.00233186189695997
5	41	0.00254281134828981	0.00254281134828981	0.00240953909404422	0.00241835926376971	0.00239636911902603	0.00233798937231393	0.00239199514326978	0.00239199514326978	0.00240953909404422	0.00236808059345496	0.00240075109298578	0.00224793621513697	0.00220724110515787	0.00217919367282367	0.00221734528912363	0.00222749572745344	0.00230617296247685	0.00227271254523061	0.00228103185842862	0.0022234299880681	0.00238762915111828	0.00275455618694688	0.00246294677891615
5	42	0.00267773756156412	0.00267773756156412	0.00253853094786617	0.00254774580564017	0.00252477111523332	0.00246376902454717	0.00252020109851737	0.00252020109851737	0.00253853094786617	0.00249521346878537	0.00252934941900732	0.00236964580949949	0.00232710121206658	0.00229777530259436	0.00233766520974966	0.00234827716325283	0.00243051814345169	0.00239554501248207	0.00240424083184949	0.00234402661324257	0.00251563935385929	0.00289878730949341	0.0025943242780763
5	43	0.00281089687444127	0.00281089687444127	0.00266661172278349	0.00267616586593967	0.00265234442457047	0.00258908035134259	0.00264760564204608	0.00264760564204608	0.00266661172278349	0.00262169327180565	0.00265709168874312	0.00249142699664112	0.00244727036300691	0.00241682720073515	0.00245823560472566	0.00246924997731601	0.00255458799786087	0.0025183024918843	0.00252732526123331	0.00246483831850864	0.00264287532601631	0.00303981322057745	0.00272445251112321
5	44	0.00294769818920962	0.00294769818920962	0.0027986506029194	0.00280852385138987	0.0027839057714286	0.00271850947824058	0.00277900811094015	0.00277900811094015	0.0027986506029194	0.00275222458951572	0.00278881206344216	0.00261751654523833	0.00257183004317738	0.00254032478869459	0.00258317636161451	0.00259457273738043	0.00268284433035996	0.00264531708985278	0.00265464939910355	0.00259000816608254	0.00277411906679154	0.00318393211521874	0.00285841502948897
5	45	0.00310121436951172	0.00310121436951172	0.00294660405761889	0.0029568493915622	0.0029313025799331	0.00286342330172083	0.00292621976542351	0.00292621976542351	0.00294660405761889	0.00289842141760035	0.00293639422324073	0.00275854944754025	0.00271108831676863	0.00267835222722219	0.00272287649150739	0.00273471592280715	0.00282639414002251	0.00278742401781745	0.00279711588321426	0.00272997398525788	0.00292114576440302	0.00334603668131335	0.00300861288992444
5	46	0.00328236954758196	0.00328236954758196	0.00311999529514056	0.00313075716705106	0.00310392181046424	0.0030326097246443	0.00309858240486792	0.00309858240486792	0.00311999529514056	0.00306937943140945	0.0031092704168009	0.00292240563493038	0.0028725214136683	0.00283810997239247	0.00288491206735228	0.00289735616826141	0.00299370227241047	0.00295275102970149	0.00296293602210027	0.00289237209949808	0.0030932521841847	0.003539355549336	0.00318512591170023
5	47	0.00350673031707951	0.00350673031707951	0.00333355583488024	0.00334503400998702	0.00331641237927476	0.00324035132788221	0.00331071750840797	0.00331071750840797	0.00333355583488024	0.00327957007062051	0.00332211704607071	0.00312280205526254	0.00306959045840463	0.00303288275711824	0.00308280774424384	0.00309608194211979	0.0031988515413047	0.00315517076125703	0.0031660347168298	0.00309076541786498	0.00330503241664899	0.00378077895791135	0.0034030204429094
5	48	0.0037824860029363	0.0037824860029363	0.0035948364026275	0.00360727260807768	0.00357626243751135	0.00349386007270209	0.00357009246674829	0.00357009246674829	0.0035948364026275	0.00353634741138725	0.00358244307145458	0.0033665285495349	0.00330889614444707	0.00326914151210794	0.00332321108362376	0.00333758795205865	0.00344890421910671	0.00340158870789969	0.00341335637999669	0.00333182975605285	0.00356393314076868	0.00407952990815706	0.00367010195875401
5	49	0.00411338050441117	0.00411338050441117	0.00390738001244785	0.00392102921784915	0.00388699523996528	0.00379657182644485	0.00388022397597486	0.00388022397597486	0.00390738001244785	0.00384319232290271	0.00389377832028803	0.00365688683426378	0.00359367982503452	0.00355008608226102	0.00360937841117954	0.00362514557483256	0.00374724868663356	0.003695343416333	0.00370825193845196	0.00361883046092697	0.00387346450773237	0.00443967491226684	0.00398999377285327
5	50	0.00449561688312895	0.00449561688312895	0.00426791770574034	0.00428300037722775	0.00424539322865033	0.00414549514158834	0.00423791151751161	0.00423791151751161	0.00426791770574034	0.00419699716813117	0.00425288814818221	0.00399122852204876	0.003921445783161	0.00387332509193343	0.00393877624351886	0.00395618329421426	0.00409101550841031	0.00403369282131081	0.0040479477502714	0.00394921126146607	0.00423044299148876	0.00485655052530154	0.00435921703646697
5	51	0.00491065634600816	0.00491065634600816	0.00465941541128225	0.00467605324332455	0.00463456959540238	0.00452439279166869	0.00462631713342057	0.00462631713342057	0.00465941541128225	0.00458119055795292	0.00464283677819272	0.00435430786933122	0.00427739200738844	0.00422436074652549	0.00429649265102213	0.00431567858835502	0.00446431923582098	0.00440111969145649	0.0044168352016141	0.00430799395383978	0.00461807936603497	0.00530917571483125	0.00476013781286585
5	52	0.00533858005133354	0.00533858005133354	0.00506450026148907	0.00508264894885737	0.00503739866517652	0.00491722504122656	0.00502839706669013	0.00502839706669013	0.00506450026148907	0.00497917503276678	0.00504641637789858	0.00473172808592671	0.00464785098484504	0.00459002326694065	0.00466867982802055	0.00468960201341152	0.00485170511553515	0.00478277917659448	0.00479991831363583	0.00468122191145978	0.00501941155364399	0.00577342778533358	0.00517437259942965
5	53	0.00576196441219027	0.00576196441219027	0.00546767691417976	0.00548716625475937	0.00543857261829975	0.00530950857265746	0.00542890565412615	0.00542890565412615	0.00546767691417976	0.00537604367703648	0.0054482567959234	0.00511025558274817	0.00502014483361116	0.0049580144119539	0.00504252245126001	0.0050649998185751	0.00523913447170184	0.005165096572555	0.0051835073762307	0.00505599687327642	0.00541925587280602	0.00622871023608919	0.00558565995927268
5	54	0.00617920262799325	0.00617920262799325	0.00586752441828479	0.0058881719564221	0.00583668878717488	0.00569992156895069	0.00582644629687507	0.00582644629687507	0.00586752441828479	0.00577043304095218	0.00584694928306544	0.00548869258012089	0.00539313153193671	0.00532723047385048	0.00541686467294848	0.0054407022545768	0.00562532940854669	0.00554684006012779	0.00556635912532779	0.00543115465968205	0.00581622178056898	0.00667311836937521	0.00599250463970868
5	55	0.00661321035012998	0.00661321035012998	0.00628465227580818	0.00630642621088651	0.00625213225071439	0.00610786201442913	0.00624132967996362	0.00624132967996362	0.00628465227580818	0.00618224831285318	0.00626295351868849	0.00588493971317637	0.0057840453989841	0.00571445037378063	0.00580910564072748	0.00583427445971618	0.00602915533720133	0.00594631912744573	0.00596692086656413	0.00582419387278949	0.00623054577413068	0.0071333574563937	0.00641643270351593
5	56	0.00709511542787038	0.00709511542787038	0.00674694757183413	0.00677002804108795	0.00671247432078965	0.00655951146734933	0.00670102242379262	0.00670102242379262	0.00674694757183413	0.0066383853333324	0.00672394578882174	0.00632306761062436	0.00621601659362838	0.00614216109486838	0.00624260822533986	0.00626931361396726	0.00647604339569012	0.0063881811345132	0.006410034308366	0.00625861777658776	0.00668959006444125	0.00764586553153613	0.00688662013442835
5	57	0.00765960447051953	0.00765960447051953	0.00728564184382646	0.00731043532918445	0.00724860919086971	0.00708427789858129	0.00723630685070701	0.00723630685070701	0.00728564184382646	0.00716901625272337	0.00726093244606222	0.00683022178994849	0.00671518061135598	0.00663580663134066	0.00674375796574193	0.00677245693490356	0.00699459797636342	0.00690019034703129	0.00692367211734114	0.00676096272039198	0.00722402539007713	0.00825096501640505	0.00743567411946681
5	58	0.00833302657948234	0.00833302657948234	0.00792443735539735	0.00795152375239992	0.00788398066453391	0.00770446636043989	0.00787054105173075	0.00787054105173075	0.00792443735539735	0.00779703165468974	0.0078974432266097	0.00742697359538349	0.00730133473979822	0.00721465429157924	0.00733254378159163	0.00736388622423905	0.00760650838140059	0.0075033922781144	0.00752903950743758	0.00735133320263848	0.00785712434907919	0.00897932130328614	0.00808835083676371
5	59	0.00913277196202932	0.00913277196202932	0.00867930656787581	0.00870935869913613	0.00863442269018331	0.00843530034026539	0.00861951303724377	0.00861951303724377	0.00867930656787581	0.0085379689571547	0.00864935813318196	0.00812761643359547	0.00798835681718138	0.00789229725667536	0.00802294641257614	0.00805768578096389	0.00832666786835513	0.00821233480166667	0.00824077004145032	0.0080437720194073	0.00860462912982987	0.00985063459310897	0.00886118741427888
5	60	0.0100649651976476	0.0100649651976476	0.00955640082960077	0.00959008987983705	0.0095060890236716	0.00928294369190683	0.0094893773524304	0.0094893773524304	0.00955640082960077	0.00939798692860224	0.00952283012571161	0.0089383277354446	0.00878242953325786	0.00867492149699102	0.00882114729679629	0.00886003574945984	0.00916124537808783	0.00903319187073954	0.00906503645952914	0.00884445983761412	0.00947269506024876	0.0108709795310878	0.0097603249799781
5	61	0.0111143962167467	0.0111143962167467	0.0105438511399781	0.0105816309152108	0.0104874342373822	0.0102372705688153	0.0104686957652329	0.0104686957652329	0.0105438511399781	0.0103662310407453	0.0105062062505137	0.00985112293593664	0.00967651604779437	0.00955613593362779	0.00971987546501013	0.00976342917106414	0.0101008784153435	0.00995739577747968	0.00999307421881786	0.00974598431835155	0.0104499907741362	0.0120196012810978	0.0107725700545094
5	62	0.0122459341604286	0.0122459341604286	0.0116103462443835	0.0116524211018992	0.011547518645907	0.0112689752564614	0.011526651755664	0.011526651755664	0.0116103462443835	0.0114125560553272	0.0115684233118299	0.0108391738065722	0.0106448901130234	0.0105109672811129	0.0106931320998982	0.0107415927164887	0.0111171426160509	0.0109574419587016	0.0109971507494168	0.0107221821709747	0.0115058225728387	0.013255087949045	0.0118650936035809
5	63	0.0134219068474301	0.0134219068474301	0.0127228041561704	0.012769079342759	0.0126537056264647	0.012347376999468	0.0126307562795392	0.0126307562795392	0.0127228041561704	0.0125052768438814	0.012676696671014	0.0118747565959003	0.0116611397239261	0.0115138985095908	0.0117141809525969	0.0117674634417281	0.0121804103767176	0.012004800488046	0.0120484641627929	0.0117461214246993	0.0126078485546129	0.0145321761611411	0.013002992223641
5	64	0.0146160296843925	0.0146160296843925	0.0138573886132642	0.0139076093147682	0.013782397384007	0.0134499273450851	0.0137574905997761	0.0137574905997761	0.0138573886132642	0.0136213056656227	0.0138073492598843	0.0129369162223421	0.0127050195191135	0.0125451695780702	0.0127626010552985	0.0128204435618271	0.0132686997409491	0.0130780810100026	0.0131254774149803	0.0127972751671972	0.0137326288257045	0.0158205653423051	0.0141614561305904
5	65	0.0158313067651565	0.0158313067651565	0.0150154978335152	0.0150695129511144	0.0149348379619518	0.0145771969714061	0.0149080477392186	0.0149080477392186	0.0150154978335152	0.0147615582163929	0.0149616763275436	0.0140252175850397	0.0137756533420388	0.0136036053398283	0.0138376249657268	0.0138998753770735	0.0143822214178701	0.0141771210917139	0.0142281203240722	0.0138749416778754	0.014881305572985	0.0171259745156882	0.0153425171781125
5	66	0.0171027388513426	0.0171027388513426	0.0162299858752993	0.0162877856539702	0.0161436705640558	0.0157608972453468	0.0161150009250041	0.0161150009250041	0.0162299858752993	0.015958225587725	0.0161723912082676	0.0151699438926319	0.0149026827688078	0.0147184065363663	0.0149690533498839	0.0150357195189491	0.0155521809030701	0.0153325957383325	0.0153871996453806	0.0150090174966438	0.0160863822005322	0.0184868620497192	0.0165798868793681
5	67	0.0184555152025075	0.0184555152025075	0.0175192099707448	0.0175812277482005	0.0174265932527312	0.0170158398930116	0.0173958299472241	0.0173958299472241	0.0175192099707448	0.0172275999329007	0.017457410960987	0.0163815713616517	0.0160946726356144	0.0158968384316281	0.0161659227889794	0.0162374883625128	0.0167918417487103	0.016556159600109	0.0166147681916674	0.0162088241934513	0.0173651209484281	0.0199398479834042	0.0178946253523226
5	68	0.0199387167516714	0.0199387167516714	0.0189272561602939	0.018994252134689	0.0188272050123477	0.0183834794969506	0.0187939722967757	0.0187939722967757	0.0189272561602939	0.0186122381456906	0.0188604964921537	0.017698294738002	0.0173883642632294	0.0171746479610029	0.0174653343072572	0.0175426450611752	0.0181415000652825	0.017886898378866	0.0179502118446768	0.0175116797780481	0.0187607982417103	0.0215421842428515	0.0193328059798315
5	69	0.0216314539881396	0.0216314539881396	0.0205292381673926	0.0206022373124645	0.0204202241416993	0.0199367804882112	0.0203840149262736	0.0203840149262736	0.0205292381673926	0.0201860088813646	0.0204564976774901	0.0191903696588002	0.0188527877996036	0.018620020141699	0.0189366224109551	0.0190208298182101	0.0196731637226293	0.0193958133986118	0.0194647822412219	0.0189871020138685	0.0203478699171599	0.0233793146551793	0.0209711451710518
5	70	0.0236276333828686	0.0236276333828686	0.0224156855514225	0.0224959386842296	0.0222958423435681	0.0217644276456476	0.0222560371615276	0.0222560371615276	0.0224156855514225	0.0220383755494745	0.0223357187176409	0.0209441259491995	0.0205731963592695	0.0203174613571597	0.0206653082920228	0.0207578326355656	0.0214746897620677	0.0211698861629522	0.0212456790572561	0.0207207732908639	0.0222163030444189	0.0255503618584175	0.0229015348378613
5	71	0.026319274985548	0.026319274985548	0.0249598611213052	0.0250498632575284	0.0248254638732476	0.0242295755641092	0.0247808257982416	0.0247808257982416	0.0249598611213052	0.0245367472172838	0.0248701823554908	0.0233099564034178	0.0228942007528347	0.0226075918787616	0.0229974392524024	0.0231011432929124	0.0239047290566957	0.0235630251065321	0.0236479904268583	0.0230596056776518	0.0247362679858946	0.028476969124442	0.0255047654534202
5	72	0.0295873022154175	0.0295873022154175	0.0280578220329352	0.0281590815216628	0.0279066151287444	0.0272362049101687	0.0278563941273187	0.0278563941273187	0.0280578220329352	0.0275817897753113	0.0279569266712851	0.0262016057358654	0.0257338794956583	0.0254114479439878	0.0258500224176827	0.0259666895194499	0.026870738938596	0.0264863122104928	0.0265819001869781	0.0259199596260049	0.0278062635040694	0.0320150668144533	0.0286708870319837
5	73	0.0334854620493588	0.0334854620493588	0.0317692858106209	0.0318829304770082	0.0315995778830223	0.0308470412113736	0.0315432102714007	0.0315432102714007	0.0317692858106209	0.0312349809202105	0.031656046223378	0.0296853808184176	0.0291600807811001	0.0287979114147484	0.0292905278482852	0.0294215584679462	0.0304367366942575	0.0300050922107712	0.0301124260272926	0.029369076026973	0.0314869432088324	0.0362079863200276	0.0324572808944535
5	74	0.0380404536661942	0.0380404536661942	0.0361262016365314	0.0362530212484512	0.0359368035545123	0.0350967250713852	0.0358738917744457	0.0358738917744457	0.0361262016365314	0.0355298404816735	0.0359998256625047	0.03379917702598	0.0332121205683484	0.0328072585979174	0.033357921768929	0.0335043630367419	0.0346385300558344	0.0341563800941122	0.0342762847248759	0.0334457095419913	0.0358110901291625	0.0410734924627371	0.0368938285762688
5	75	0.0432345206996915	0.0432345206996915	0.0411156317526622	0.0412560997964346	0.0409058259212819	0.0399748697603515	0.0408361288261185	0.0408361288261185	0.0411156317526622	0.0404549120935815	0.0409756419720175	0.0385357791317423	0.0378842015056065	0.0374346635004011	0.0380460557102908	0.0382086014112329	0.0394668579741049	0.038932092617351	0.0390651007861861	0.0381434999625116	0.0407665504838458	0.0465860159437572	0.0419656713460687
5	76	0.049090816428187	0.049090816428187	0.0467646567979768	0.0469189892749346	0.0465341094077887	0.0455106307665953	0.046457513129883	0.046457513129883	0.0467646567979768	0.0460384817132175	0.046610831972906	0.0439269163116436	0.0432092008194384	0.0427137887922259	0.0433875227652487	0.0435665806357175	0.0449517902517341	0.0443632552940345	0.0445096626782481	0.0434948689824755	0.046381042931317	0.0527623292145169	0.0476983252691815
5	77	0.0554811673990416	0.0554811673990416	0.0529376179186717	0.0531065015793456	0.0526852988922782	0.0515646634297362	0.0526014600870915	0.0526014600870915	0.0529376179186717	0.0521427257455533	0.0527692713238937	0.0498289499065019	0.049041669413805	0.0484979858877228	0.049237315656985	0.0494337424089226	0.0509524205266229	0.0503073717445377	0.0504678642909184	0.0493550778480942	0.0525177546956919	0.0594877187049764	0.0539590360307324
5	78	0.0623156953819828	0.0623156953819828	0.0595399875834191	0.0597244040090529	0.0592644300938225	0.0580401183816002	0.0591728612915032	0.0591728612915032	0.0595399875834191	0.0586717560147766	0.0593561405970055	0.0561422905231478	0.0552808488228933	0.0546857163966254	0.0554949620806547	0.0557099046398492	0.0573709077191214	0.0566655856758371	0.0568410990608901	0.0556238278947069	0.0590814339711074	0.0666805030420998	0.060655089648506
5	79	0.0695568881963511	0.0695568881963511	0.0665307339279332	0.0667318923107235	0.0662301327394844	0.0648941465891144	0.0661302344659363	0.0661302344659363	0.0665307339279332	0.0655834813098185	0.0663301819222972	0.0628218789721998	0.0618807105927172	0.0612302949468644	0.0621146724766627	0.0623495189361506	0.0641636118973636	0.0633934371499855	0.0635851097882345	0.0622554739895282	0.0660304868740288	0.0743090919400433	0.0677468442455721
5	80	0.0772160319135212	0.0772160319135212	0.0739184726659212	0.0741377583825247	0.0735907596283	0.0721339378046683	0.0734818451334949	0.0734818451334949	0.0739184726659212	0.0728856903612376	0.0736998355557304	0.0698731194619212	0.0688458558381574	0.0681357706639754	0.0691012471231949	0.0693575858103335	0.0713370907237938	0.0704968205233583	0.0707059556048771	0.06925493642259	0.0733730918323946	0.08238904290658	0.0752439836070726
5	81	0.0852703307960909	0.0852703307960909	0.0817048612233931	0.0819420665390208	0.0813503401165695	0.0797739352857254	0.0812325085852167	0.0812325085852167	0.0817048612233931	0.0805874793146412	0.0814683425680382	0.0773261872776764	0.0762134318425285	0.0754440445515252	0.0764901104071876	0.0767677934014635	0.0789113925365173	0.0780016238999821	0.078228077987776	0.0766565994391259	0.0811148477264113	0.0908571304133441	0.0831384629970223
5	82	0.0941812284423905	0.0941812284423905	0.0903246191273516	0.0905813022560709	0.0899409576108868	0.0882345478481163	0.0898134329222735	0.0898134329222735	0.0903246191273516	0.0891152723121696	0.0900686633698108	0.0855835185101231	0.0843777677044871	0.0835438639042583	0.0846776034207207	0.0849785046007509	0.0873005711935721	0.0863152237484618	0.0865605130383798	0.0848580160310726	0.0896860890472366	0.100217424386052	0.0918757010194197
5	83	0.104283151432955	0.104283151432955	0.100105124403525	0.100383320413725	0.0996892752982276	0.0978392286601706	0.0995510431711838	0.0995510431711838	0.100105124403525	0.0987941855774691	0.0998276993682217	0.0949634781166223	0.0936548724167461	0.0927495927413249	0.0939803234924799	0.0943069055120712	0.096826301459235	0.0957574019087935	0.0960235154301232	0.0941761367397549	0.0994130027209367	0.110814902784599	0.101785940286842
5	84	0.115836226222545	0.115836226222545	0.111303016394507	0.111604999608122	0.110851572969217	0.108842629822921	0.110701499094382	0.110701499094382	0.111303016394507	0.109879717153337	0.111001850293581	0.105718094986763	0.104295542689632	0.103311160960735	0.104649376063661	0.105004409853866	0.107742324542671	0.106580922987409	0.10687009439243	0.104862252027509	0.110551628393642	0.122914706700191	0.113127250170989
5	85	0.128915517575849	0.128915517575849	0.123994796929574	0.124322748862376	0.123504490392461	0.121321993152766	0.123341486102654	0.123341486102654	0.123994796929574	0.122448800480025	0.123667710103691	0.117925507880469	0.11637830916736	0.115307364160225	0.116763195290459	0.117149354308213	0.120126203686848	0.118863682966246	0.119178063694584	0.116994737684642	0.123178696949953	0.136589479424936	0.125975565426099
5	86	0.143497787006959	0.143497787006959	0.138172267214586	0.138527380984629	0.137641302700929	0.13527709910831	0.137464768334314	0.137464768334314	0.138172267214586	0.136497868751025	0.137818063775689	0.131595436915555	0.129917343604857	0.128755426934757	0.130334850049618	0.130753698206167	0.13398124464409	0.132612679207413	0.132953504391933	0.13058599766249	0.137288460385075	0.15179166636187	0.140316686899672
5	87	0.159365494551222	0.159365494551222	0.153620259654452	0.154003558754773	0.153047098997196	0.15049422474788	0.152856521056147	0.152856521056147	0.153620259654452	0.151812576422213	0.153237914546373	0.146516156876237	0.144701891806055	0.143445289844364	0.14515334099076	0.145606198632284	0.149094406976709	0.147615616383975	0.147983933252339	0.145424886279935	0.152666180427348	0.16830074976393	0.155934447659162
5	88	0.176356745276197	0.176356745276197	0.170184579477476	0.170596572535144	0.169568454706491	0.166823380296471	0.169363575865898	0.169363575865898	0.170184579477476	0.168241159047647	0.169773581388682	0.162543044102706	0.160589782838195	0.159236482712038	0.161075886550127	0.16156346169327	0.165317587269768	0.163726386099137	0.164122744774152	0.161368254779512	0.169158944567452	0.18594293433473	0.172671546864781
5	89	0.19450183304338	0.19450183304338	0.187900824375538	0.188341669711459	0.187241490377807	0.184303000841553	0.187022226906254	0.187022226906254	0.187900824375538	0.185820859377095	0.187461010912227	0.179718092566092	0.17762461378959	0.176173705441266	0.178145686101522	0.178668287009905	0.18269047966561	0.180986004664692	0.181410626729488	0.178459062928282	0.186803220196543	0.204740050493812	0.190561459412108
5	90	0.213947365400858	0.213947365400858	0.206913776522163	0.207383753742257	0.20621080694715	0.20307688182005	0.205977014883679	0.205977014883679	0.206913776522163	0.204695888475201	0.206444864373866	0.198183847689458	0.195948361840115	0.194398542230897	0.196504858124061	0.197062934865794	0.201356439061852	0.199537362400043	0.19999058507309	0.196839514227186	0.205743487882596	0.224841580461093	0.209749700783207
5	91	0.234976535959858	0.234976535959858	0.227508112238269	0.228007408656156	0.226761216935489	0.223430415739109	0.226512797124156	0.226512797124156	0.227508112238269	0.225151344804615	0.227009909192367	0.218226516706331	0.215847568648185	0.21419775236604	0.216439863278485	0.217033783189678	0.22160115720449	0.219666452430045	0.220148539296087	0.216796019906338	0.226264649459902	0.246528009139454	0.230520375494108
5	92	0.258085675846234	0.258085675846234	0.250184169562962	0.250712717969642	0.249393435488051	0.245865945939287	0.249130413231536	0.249130413231536	0.250184169562962	0.247688741434872	0.249656735433293	0.240350808326898	0.237827950071531	0.23607772229128	0.238456171086361	0.239086051542999	0.243927833974533	0.241877351063653	0.242388350175787	0.238833899947048	0.248867668370885	0.270288657291831	0.253372256724718
5	93	0.283244087362519	0.283244087362519	0.27491064205066	0.275468405510137	0.274076113676787	0.270351975055967	0.273798500893201	0.273798500893201	0.27491064205066	0.27227664931565	0.274354007940577	0.264525128170957	0.261857922538125	0.260006896368713	0.26252219203512	0.263188146621344	0.268304919095808	0.266138474231608	0.266678439927298	0.262921562302811	0.273521169304705	0.296094419371147	0.278274243407735
5	94	0.310096454681347	0.310096454681347	0.30133796845753	0.301924513155873	0.300460287229044	0.296542249190909	0.300168295264739	0.300168295264739	0.30133796845753	0.298567404324823	0.300752563231698	0.290407616125415	0.287597700042446	0.28564695139974	0.288297619847472	0.288999243030979	0.294387680896889	0.292106726455208	0.292675302836836	0.288718389087074	0.299876587062751	0.323581830723694	0.304874406514665
5	95	0.3360154240017	0.3360154240017	0.326987370085773	0.327592368346008	0.326081967010502	0.322038577151018	0.325780723437945	0.325780723437945	0.326987370085773	0.324128851462983	0.32638348913757	0.315702358444388	0.312797907340163	0.310780705145423	0.313521505383514	0.314246777332336	0.319813953869266	0.317457958235879	0.318045324996804	0.313956467436526	0.325479758162562	0.349891363975486	0.330634191816214
5	96	0.364588097519122	0.364588097519122	0.355371326618607	0.355989443153217	0.354446163590499	0.350312645285858	0.354138311455915	0.354138311455915	0.355371326618607	0.352449897967718	0.354754283340684	0.343828922395411	0.340854261305552	0.33878732444928	0.341595505135134	0.342338360921723	0.34803711156105	0.345626165438895	0.346227331688532	0.342041024948067	0.353830726704496	0.378725351247579	0.359096190127401
5	97	0.394355705597633	0.394355705597633	0.385036625507192	0.385662098006445	0.384100318245139	0.37991503179076	0.38378872206519	0.38378872206519	0.385036625507192	0.382079455991091	0.384412167408497	0.373343521494166	0.370325855325385	0.368228013552669	0.371077977453052	0.371831627121091	0.377609610143268	0.375165911603044	0.375775349627429	0.371529983750619	0.383477378663421	0.408619831977088	0.388804734279337
5	98	0.425091168903341	0.425091168903341	0.415765478279953	0.416391902149886	0.414827609028033	0.41063330929841	0.414515456316112	0.414515456316112	0.415765478279953	0.412802810342987	0.415139996807946	0.404040874403766	0.401010790760368	0.398903263128183	0.401766174615242	0.402522981386361	0.408321494922698	0.405869903463834	0.406481417908634	0.402220087756535	0.414203538495295	0.439334652175489	0.419538207239471
5	99	0.456503117772101	0.456503117772101	0.447269402239007	0.447890155365154	0.446339885300485	0.442180906296624	0.446030475791745	0.446030475791745	0.447269402239007	0.444332553470232	0.44664950944533	0.435637204672674	0.432626705268527	0.430531742789751	0.433377374082925	0.434129345414393	0.439887130816628	0.437453550538971	0.438060680509592	0.433828400435202	0.445721280770322	0.470575466837785	0.451006867832114
5	100	0.522214500264344	0.522214500264344	0.513837625218473	0.514401899435475	0.512992374271551	0.509205918447484	0.512710933050748	0.512710933050748	0.513837625218473	0.511165764075453	0.513273969983228	0.503233251173092	0.500479186231938	0.498560313697898	0.501166286208656	0.501854329494089	0.507114421530973	0.504892959317694	0.505447410890149	0.501578998900027	0.512429646236063	0.534913440923159	0.517232579063862
6	0	0.0138991023062302	0.0140275610274635	0.0128733514273733	0.0131124080424481	0.0130322332811198	0.0126192891691289	0.0132742403134475	0.0134174811380579	0.0136876132756291	0.0134380699051412	0.0139417906370245	0.0125613751067755	0.0121075291678298	0.0117779383960481	0.0120704571572341	0.0121075291678298	0.0127946383584355	0.0124082336981222	0.0124463431222424	0.0118141119933962	0.0133150095047995	0.0170214531676257	0.0139417906370245
6	1	0.00082055453300059	0.000829185441390286	0.000752036561650072	0.000767940184275503	0.000762601954756317	0.000735179090679657	0.000778729008041133	0.000788293493266207	0.000806368864080437	0.000789669404443055	0.000823421473973624	0.000731342879040363	0.000701365113723001	0.000679690973266359	0.000698923141482606	0.000701365113723001	0.000746808883954452	0.000721210561696667	0.000723730404103671	0.000682065750105545	0.000781449814532664	0.00103325195053791	0.000823421473973624
6	2	0.000670977550091961	0.000677841999326855	0.00061641133493275	0.000629088267685166	0.000624833917293188	0.000602966104453371	0.00063768406637719	0.000645301683036872	0.000659690932769288	0.000646397317196283	0.000673257940898701	0.000599905241804389	0.000575971132782658	0.000558649305315774	0.000574020261955361	0.000575971132782658	0.000612242715139473	0.000591818690854267	0.000593830051594572	0.000560547936260817	0.000639851305627403	0.000839616928862882	0.000673257940898701
6	3	0.000553548894235411	0.000559056306263311	0.000509713685415595	0.000519906707692897	0.000516486584197398	0.000498896634150555	0.000526815047821754	0.000532935105000855	0.000544490176647208	0.000533815183579769	0.00055537864336713	0.000496433170509162	0.000477158362525034	0.000463194986366499	0.000475586317740904	0.000477158362525034	0.000506360615094185	0.000489923240302528	0.000491542675609667	0.000464726071755607	0.000528556428549576	0.000688439146296002	0.00055537864336713
6	4	0.000459762238564604	0.000464218107947501	0.000424254845830752	0.000432518181588573	0.000429746006360182	0.000415480958504191	0.0004381162950582	0.000443074049607763	0.000452430631922816	0.00044378686530711	0.00046124275570983	0.000413482121247264	0.000397833748448716	0.000386487352380462	0.000396556764304821	0.000397833748448716	0.000421535633496562	0.000408198775572808	0.000409513249088038	0.000387731911205908	0.000439527108370015	0.000568594341476746	0.00046124275570983
6	5	0.000386033893662988	0.000389670689774405	0.000357017561085991	0.000363776118631008	0.00036150916846715	0.00034983741529709	0.000368352754846219	0.00037240451903575	0.000380047837395085	0.000372986969329967	0.000387242371947057	0.000348201072247315	0.000335382881790444	0.000326079865405262	0.000334336242892293	0.000335382881790444	0.00035479272834642	0.000343874812659308	0.000344951312029852	0.000327100657731229	0.000369505882362781	0.000474601365592867	0.000387242371947057
6	6	0.00032934467298109	0.000332359959006322	0.000305257866585198	0.000310872976575185	0.000308989889635841	0.000299289225375822	0.000314673648863762	0.000318037334633492	0.000324379864135614	0.000318520787429351	0.00033034671647601	0.000297928503738173	0.000287263099269287	0.000279515361994985	0.000286391741675592	0.000287263099269287	0.000303408792702897	0.000294330081651597	0.000295225591941801	0.000280365797946118	0.000315631055218669	0.000402566407495366	0.00033034671647601
6	7	0.000289085041768725	0.000291658481734723	0.000268503963750844	0.000273305695308881	0.000271695651985666	0.000263397241465956	0.000276554461397998	0.000279428794801406	0.000284846335416143	0.0002798418453472	0.000289940322182119	0.000262232627915485	0.000253099196254672	0.000246458496702199	0.00025235259163075	0.000253099196254672	0.000266922207418964	0.000259152104590258	0.000259918826098193	0.000247187663191252	0.000277372669122007	0.000351406747909309	0.000289940322182119
6	8	0.000263972818000745	0.000266260504609513	0.000245657309839344	0.000249933675385165	0.000248500012185068	0.000241107109855988	0.000252825863066278	0.000255383968210971	0.000260203602640652	0.000255751518624698	0.000264733187866342	0.000240069089964928	0.000231924205756847	0.000225997404707686	0.000231258070246671	0.000231924205756847	0.000244248176618665	0.000237322832694442	0.000238006437664703	0.000226648386947237	0.000253554124290199	0.00031923390590111	0.000264733187866342
6	9	0.000252052249561339	0.00025417799877166	0.00023501509603599	0.000238995936031822	0.000237661552987873	0.000230777310150412	0.000241687220409087	0.000244066943004709	0.000248548767693312	0.00024440881078954	0.000252758849905209	0.00022981026206578	0.000222218343214468	0.000216689451771037	0.000221597120425282	0.000222218343214468	0.000233702939166591	0.000227251232395175	0.000227888305856074	0.000217296916459017	0.000242364763550826	0.000303273175786956	0.000252758849905209
6	10	0.000250726386968109	0.000252771378958125	0.000234315624319574	0.000238153494877204	0.00023686727053003	0.00023022769328974	0.00024074693466371	0.000243039351258933	0.000247354766538848	0.000243368616445697	0.00025140620603865	0.000229294498407488	0.000221963831821485	0.00021662004802168	0.000221363626885338	0.000221963831821485	0.000233050127623509	0.000226824429678151	0.000227439441025079	0.000217207391226706	0.000241399695465386	0.000299854552297643	0.00025140620603865
6	11	0.00026348574387505	0.000265559003225118	0.000246826182346365	0.000250725808915804	0.000249419135410471	0.000242670001612122	0.000253359728252474	0.000255687095642613	0.0002600662186238	0.000256021317381506	0.000264175025583897	0.000241720864744141	0.000234260199629425	0.000228816209212996	0.000233648971257785	0.000234260199629425	0.000245539831993009	0.000239207942646704	0.00023983371335085	0.000229414795024048	0.00025402252018905	0.000313139202489048	0.000264175025583897
6	12	0.000292520677034601	0.000294733815075799	0.000274712405455485	0.00027888494040115	0.000277487100810841	0.000270262577416341	0.000281701779879247	0.00028418984342511	0.000288868981564775	0.000284547070462067	0.000293256537045931	0.000269245972901776	0.00026124959939396	0.000255408558406524	0.000260594053450785	0.00026124959939396	0.00027333547963173	0.000266553683608774	0.00026722422149563	0.000256051059807068	0.000282410424057959	0.000345352029289227	0.000293256537045931
6	13	0.000341115141671599	0.000343591400676574	0.000321161587145318	0.000325841331678994	0.000324273888822146	0.000316167678897928	0.0003289989836634	0.000331787020657825	0.0003370276383725	0.000332187235713191	0.000341938572031755	0.000315026310432716	0.000306042452648048	0.000299473093644306	0.000305305464581713	0.000306042452648048	0.000319616655957272	0.000312002764757281	0.000312755919682315	0.000300196002736374	0.000329793166385051	0.000400033546522774	0.000341938572031755
6	14	0.00041424216579867	0.000417117580862347	0.000391038371797448	0.00039648591025327	0.000394661683731201	0.000385221301925736	0.00040015969838711	0.000403402176389911	0.000409493788236737	0.000403867527375627	0.000415198428291845	0.00038389123729145	0.000373414719857968	0.00036574538902139	0.000372554691335055	0.000373414719857968	0.000389239209329042	0.000380366806725526	0.000381244869223628	0.000366589698525466	0.000401083452032782	0.000482424978548272	0.000415198428291845
6	15	0.000515969392759432	0.000519386310911914	0.000488355348761891	0.000494844863526781	0.000492672166318167	0.000481421044705214	0.000499219045154813	0.000503078160286868	0.000510324409627377	0.000503631892365385	0.000517105860469591	0.000479834854730221	0.00046733203853307	0.000458169187305112	0.00046630496107695	0.00046733203853307	0.000486211144827945	0.000475630518324346	0.000476678136135843	0.000459178345008009	0.000500318618759521	0.000596716017001143	0.000517105860469591
6	16	0.000645262702282293	0.00064934769006695	0.000612205299192072	0.00061998125547848	0.000617378357467053	0.000603891365668017	0.000625220019612372	0.000629840238168172	0.000638511416742008	0.000630503050648542	0.000646621501498724	0.000601988855745049	0.000586982970909494	0.000575974544412385	0.000585749495067628	0.000586982970909494	0.00060963504736305	0.000596944747227163	0.000598201798118088	0.000577187436087146	0.000626536612791771	0.000741495901879787	0.000646621501498724
6	17	0.000795733675783453	0.000800565568775999	0.000756585458164297	0.000765801705677258	0.000762717216172714	0.000746726313037846	0.000772008156899622	0.000777480049761921	0.000787745241318301	0.000778264908397488	0.00079734105768353	0.00074446943206761	0.000726658220807179	0.000713580020593238	0.000725193330393709	0.000726658220807179	0.000753538089781989	0.000738484374558342	0.000739976112878936	0.000715021452122736	0.00077356761325528	0.000909247993056078	0.00079734105768353
6	18	0.000951535999900256	0.000957122480936756	0.000906232110489849	0.000916904349774937	0.00091333304465155	0.000894810649870995	0.000924088908063001	0.000930421561681863	0.000942297563858651	0.000931329762166225	0.000953394527829415	0.000892195436857046	0.00087154702461491	0.000856374929434393	0.000869848048546199	0.00087154702461491	0.000902702373304106	0.000885258842266944	0.000886987918500592	0.000858047589979398	0.000925893826683885	0.00108249561475483	0.000953394527829415
6	19	0.00109427546007541	0.00110053515621151	0.00104347685882625	0.0010554492199007	0.00105144324738686	0.00103066000704713	0.00106350701104442	0.00107060802538554	0.00108392165381885	0.00107162631912036	0.00109635805938565	0.00102772469934915	0.00100454119637679	0.00098749742156229	0.00100263300882367	0.00100454119637679	0.00103951632757901	0.00101993801727315	0.00102187913931122	0.000989376803421837	0.00106553105256637	0.00124078078365088	0.00109635805938565
6	20	0.00121014742804732	0.00121693751671057	0.00115501679451091	0.00116801466353639	0.00116366586903372	0.00114109894422896	0.00117676106957712	0.00118446788485173	0.00119891470102707	0.00118557297104442	0.0012124065708689	0.0011379110232507	0.00111272619683403	0.00109420405238617	0.0011106527938516	0.00111272619683403	0.001150716394145	0.00112945337445105	0.00113156187497261	0.00109624674831974	0.00117895788565211	0.0013688806806344	0.0012124065708689
6	21	0.00129176100005461	0.00129890262520605	0.00123375412569736	0.00124743369297314	0.00124285706687124	0.00121910382764638	0.00125663756535656	0.00126474664273803	0.00127994544275399	0.00126590934617258	0.00129413716817868	0.00121574777048031	0.0011892297842009	0.00116972157234235	0.00118704623675717	0.0011892297842009	0.00122922768764554	0.00120684338337745	0.00120906334727031	0.00117187325141775	0.00125894912463586	0.00145856541948105	0.00129413716817868
6	22	0.001342708877131	0.00135003318681608	0.00128319795056682	0.00129723550296261	0.00129253933860863	0.00126816196785401	0.00130667908118016	0.00131499858914936	0.0013305898910138	0.00131619140649056	0.00134514588785292	0.00126471722167111	0.00123749398027089	0.00121746179612562	0.00123525200330359	0.00123749398027089	0.00127855260401195	0.0012555769085078	0.00125785577508888	0.00121967148394494	0.00130905069798048	0.00151364560487987	0.00134514588785292
6	23	0.00136943569580712	0.00137681253002716	0.00130947917590485	0.00132362489798762	0.00131889275941745	0.00129432519176418	0.00133314017226294	0.00134152213264506	0.00135722869947372	0.00134272384993916	0.00137189023845714	0.00129085309738298	0.00126340955860524	0.00124321047627328	0.0012611491061586	0.00126340955860524	0.0013047976102101	0.00128163964666992	0.00128393682585426	0.00124543877596366	0.00133552965971481	0.00154147314370881	0.00137189023845714
6	24	0.00138126904495917	0.00138862680364757	0.00132145102746699	0.00133556676239251	0.00133084484266173	0.00130632728916917	0.00134506092228597	0.00135342365974399	0.00136909264668605	0.0013546225734308	0.00138371728920961	0.00130286184877643	0.00127546723899249	0.00125529995656719	0.00127321052415714	0.00127546723899249	0.00131677901416481	0.00129366555252961	0.0012959585230863	0.00125752492563636	0.00134744498908418	0.00155275186083685	0.00138371728920961
6	25	0.00138794915730849	0.001395275431573	0.00132837383017903	0.00134243445504168	0.00133773112079722	0.00131330762892726	0.00135189079108678	0.00136021971180517	0.00137582408619034	0.00136141373916724	0.00139038696443546	0.0013098551509395	0.00128256006739251	0.00126246267013573	0.00128031131639509	0.00128256006739251	0.00132371975853966	0.00130069284984288	0.00130297739915987	0.00126468007160075	0.00135426526495569	0.00155861016529434	0.00139038696443546
6	26	0.00139454734126684	0.00140186488919905	0.00133503440172561	0.00134908169668516	0.00134438291844283	0.00131998150954785	0.00135852857893633	0.00136684884988905	0.001382436210933	0.001368041612544	0.00139698226996537	0.00131653193828204	0.00128925793443154	0.00126917387243589	0.00128701076837092	0.00128925793443154	0.00133038454944832	0.0013073770906081	0.00130965981698355	0.00127138989464896	0.00136090061760919	0.00156494828243625	0.00139698226996537
6	27	0.00140593861361278	0.00141328908335274	0.00134615265743345	0.00136026525127028	0.00135554469040008	0.00133102919335564	0.00136975574702702	0.00137811423177333	0.0013937726870374	0.00137931245745008	0.00140838451261632	0.00132756336167444	0.00130015962715339	0.00127997869086417	0.00129790167905186	0.00130015962715339	0.00134148107183347	0.00131836520026637	0.00132065874857525	0.00128220545850126	0.00137213869901675	0.00157707131958571	0.00140838451261632
6	28	0.00142431848584335	0.00143175714545805	0.00136381367779841	0.0013780962099348	0.00137331882346826	0.00134850792693687	0.00138770089819664	0.00139615989639388	0.00141200650367754	0.00139737252665898	0.00142679373494957	0.00134500029489266	0.00131726570869591	0.00129684072832401	0.00131498047244331	0.00131726570869591	0.00135908580396767	0.00133569115013293	0.00133801237839641	0.00129909444045763	0.00139011251149949	0.00159749416591553	0.00142679373494957
6	29	0.00145091056153233	0.00145850418401541	0.00138914846960176	0.00140372727767799	0.00139885075364416	0.00137352557607161	0.00141353138506041	0.00142216613377702	0.00143834227965829	0.00142340396765387	0.00145343736596614	0.00136994531688618	0.00134163717349348	0.00132079060542066	0.00133930473396913	0.00134163717349348	0.00138432259209244	0.00136044351796134	0.00136281277131456	0.00132309080203264	0.00141599309253281	0.00162771476086078	0.00145343736596614
6	30	0.00148572637089304	0.00149354403999897	0.00142215027170854	0.00143715592930802	0.00143213653315887	0.00140607089725912	0.00144724755966558	0.00145613584895774	0.00147278775008893	0.00145741005289973	0.0014883277033092	0.00140238616529809	0.00137325381420272	0.00135180239125241	0.00137085361050123	0.00137325381420272	0.00141718328416616	0.00139260735261037	0.00139504564455989	0.00135416923850606	0.0014497815202016	0.00166780178909523	0.0014883277033092
6	31	0.00152578295182352	0.00153387910166036	0.00145995562170008	0.00147549043850237	0.00147029388590176	0.00144331075511429	0.00148593870813027	0.00149514161821428	0.00151238422010986	0.00149646096423439	0.00152847690912374	0.00143949666041462	0.00140934452303319	0.00138714561992853	0.00140686053786883	0.00140934452303319	0.00145481378141109	0.00142937494465731	0.00143189868177358	0.00138959479598257	0.00148856231552191	0.00171443355938755	0.00152847690912374
6	32	0.00156957269296024	0.00157797090695653	0.00150130335495226	0.00151741219532082	0.0015120234677368	0.001484045035753	0.00152824733388281	0.00153779152780149	0.00155567487797573	0.00153915984115714	0.00157236711954838	0.00148009060447415	0.00144883214063579	0.00142582228805274	0.00144625726164905	0.00144883214063579	0.00149597183407364	0.00146959689286857	0.00147221332513049	0.00142836078514152	0.00153096818587152	0.00176535454412007	0.00157236711954838
6	33	0.0016149240513713	0.00162362311653849	0.00154422083453444	0.00156090206234438	0.00155532172675317	0.00152635061825944	0.00157212287038594	0.0015820072262421	0.00160052905926222	0.00158342434110079	0.00161781854872959	0.00152225617781287	0.00148989358987924	0.00146607396491877	0.00148722796766627	0.00148989358987924	0.00153870013551588	0.00151139128634474	0.00151410021750591	0.00146870167190903	0.00157494065335931	0.00181779744680387	0.00161781854872959
6	34	0.00166303403203445	0.00167203520719594	0.00158988407505464	0.00160714115272691	0.00160136808066481	0.00157139795339353	0.00161874980917164	0.00162897614718561	0.00164813962590522	0.00163044231693474	0.00166602902676486	0.00156716254144411	0.00153368763931272	0.00150905154238609	0.00153093055265694	0.00153368763931272	0.00158417299278902	0.00155592383646722	0.00155872593408	0.00151176922664889	0.00162166505146671	0.00187301090468774	0.00166602902676486
6	35	0.00171780280532624	0.00172713461382533	0.00164197284724051	0.00165986104183268	0.0016538767611619	0.00162281145101073	0.00167189464092456	0.00168249558322639	0.00170236170168703	0.00168401548075735	0.00172090779240784	0.00161842144090973	0.00158372620131393	0.00155819375925307	0.00158086872724264	0.00158372620131393	0.00163605305870157	0.00160677271956994	0.00160967701598969	0.00156101024754737	0.0016749166474353	0.00193553886224251	0.00172090779240784
6	36	0.00178186743012261	0.00179159658612833	0.00170281872865783	0.00172146458008642	0.00171522672021149	0.00168284689430234	0.00173400843904814	0.00174505927259784	0.00176576943633931	0.00174664370180605	0.00178510459751239	0.00167827137535904	0.00164211225032818	0.00161550509208411	0.00163913438996384	0.00164211225032818	0.00169664843346579	0.0016661307196633	0.00166915762499959	0.00161844002445546	0.00173715865969732	0.00200894175344104	0.00178510459751239
6	37	0.00185966830577397	0.00186987151481271	0.00177677807891141	0.00179632841561431	0.00178978785093707	0.00175583858657324	0.00180948133743821	0.00182106912197762	0.00184278652995494	0.00182273056645795	0.00186306317426961	0.00175104154729322	0.00171313404476498	0.00168524294257256	0.00171001237670901	0.00171313404476498	0.0017703086984567	0.00173831341790861	0.00174148675018496	0.00168831939344043	0.00181278458843563	0.00209787416503781	0.00186306317426961
6	38	0.00195258614171538	0.00196334238159193	0.00186521204561298	0.00188581848904764	0.0018789245029371	0.00184314241679354	0.00189968243851812	0.00191189697781277	0.00193478986783412	0.00191364831142186	0.00195616499140962	0.00183808662261344	0.00179813634180041	0.00176874449734403	0.00179484660922401	0.00179813634180041	0.0018583933904718	0.00182467220158096	0.00182801660079142	0.00177198638796706	0.00190316432224605	0.0022037625178014	0.00195616499140962
6	39	0.0020599659718682	0.00207133749240166	0.00196759879519273	0.00198938201592269	0.00198209427764592	0.00194426938792935	0.00200403797737933	0.00201695048715964	0.0020411519993766	0.00201880191066064	0.00206374952518035	0.00193892508078053	0.0018966960912398	0.00186562902488815	0.00189321880356966	0.0018966960912398	0.00196039085577322	0.00192474530396393	0.00192828049656872	0.00186905563822681	0.00200771880736903	0.00232554288855063	0.00206374952518035
6	40	0.00217895857976141	0.00219097350039011	0.0020813624917067	0.00210437931415297	0.00209667889674059	0.00205671160526407	0.00211986509620628	0.00213350860752063	0.00215907995076281	0.00213546483558857	0.00218295621454292	0.00205106452693906	0.00200644252212754	0.00197361425289564	0.00200276813582509	0.00200644252212754	0.00207374629824536	0.00203608133848132	0.0020398168429798	0.00197723515191407	0.00212375431489975	0.00245954330789436	0.00218295621454292
6	41	0.00230196361736907	0.00231461475825252	0.00219919091945377	0.0022234299880681	0.00221532075874005	0.00217323003218198	0.00223973760740873	0.00225410485976916	0.00228103185842862	0.00225616483404529	0.00230617296247685	0.00216728271180137	0.00212028634424234	0.00208570906389882	0.00211641628891889	0.00212028634424234	0.00219117009415335	0.00215150263946134	0.00215543685329576	0.0020895229683316	0.00224383316672571	0.00259734841513092	0.00230617296247685
6	42	0.00242611873137153	0.00243934091515273	0.00231868439644571	0.00234402661324257	0.00233554858069643	0.00229153941954027	0.00236107511572738	0.0023760942406378	0.00240424083184949	0.00237824761485768	0.00243051814345169	0.00228532045991531	0.0022361725410782	0.00220000649085064	0.0022321249084707	0.0022361725410782	0.00231029802332766	0.00226881895546086	0.00227293312736485	0.00220399588139741	0.00236535658070763	0.00273468536421486	0.00243051814345169
6	43	0.00255002387080063	0.002563740773733	0.00243853339655515	0.00246483831850864	0.00245603863293922	0.00241035309728198	0.00248253238719556	0.00249811886105736	0.00252732526123331	0.00250035347438279	0.00255458799786087	0.00240389633640735	0.00235286103349159	0.0023152968642383	0.00234865731973386	0.00235286103349159	0.00242982762182783	0.00238676274044218	0.00239103465669159	0.00231944086821864	0.00248697571550165	0.00286989394449614	0.00255458799786087
6	44	0.00267812446490749	0.00269230903047423	0.00256278888191839	0.00259000816608254	0.0025809031003906	0.00253362403675529	0.0026083147749867	0.00262443917022617	0.00265464939910355	0.0026267507780503	0.00268284433035996	0.00252694095975141	0.00247410707248288	0.00243520786393014	0.00246975443361935	0.00247410707248288	0.00255377950448476	0.00250920547770082	0.00251362764418431	0.00243949961870746	0.00261291160943444	0.00300860845644359	0.00268284433035996
6	45	0.00282149323445136	0.0028362215044236	0.00270169453254872	0.00272997398525788	0.0027205147631496	0.00267138894174879	0.00274899121289704	0.00276573992699292	0.00279711588321426	0.00276814091613819	0.00282639414002251	0.00266444375969885	0.00260952840424185	0.00256908593482842	0.00260500353910951	0.00260952840424185	0.00269233329731714	0.00264601142231188	0.00265060751772781	0.00257354841144082	0.0027537661831808	0.00316436520547441	0.00282639414002251
6	46	0.00298855246785897	0.00300402851887758	0.00286264721842908	0.00289237209949808	0.00288242966819747	0.00283078989361318	0.00291235996436716	0.00292996262088719	0.00296293602210027	0.00293248595625734	0.00299370227241047	0.00282348869484695	0.00276575296802086	0.00272322727118708	0.00276099528474878	0.00276575296802086	0.00285280696540215	0.00280411076382796	0.00280894274269725	0.00272791987349095	0.00291737847575734	0.00334867289113407	0.00299370227241047
6	47	0.00319335854333991	0.00320986589953068	0.0030590574423927	0.00309076541786498	0.00308015974193634	0.00302507411173453	0.00311208644857302	0.00313086296648402	0.0031660347168298	0.00313355455817221	0.0031988515413047	0.00301728557096667	0.00295569482738594	0.00291032823890069	0.00295061937281678	0.00295569482738594	0.00304856056945191	0.00299661402492301	0.00300176859636144	0.00291533438740427	0.00311743964781334	0.00357743939660367	0.0031988515413047
6	48	0.00344295397396439	0.00346083557748939	0.00329748860286745	0.00333182975605285	0.00332034315000081	0.00326068499965678	0.0033549223181117	0.00337525956482749	0.00341335637999669	0.0033781749322925	0.00344890421910671	0.00325225036224608	0.00318555400478025	0.00313643089452555	0.00318005810636198	0.00318555400478025	0.00328612038920844	0.00322986451059294	0.00323544648634976	0.00314185139472262	0.00336072042356916	0.00385911810762246	0.00344890421910671
6	49	0.00374072086539158	0.00376033852351932	0.00358117013144308	0.00361883046092697	0.00360623321731327	0.003540813586459	0.00364415711541778	0.00366646329656297	0.00370825193845196	0.00366966102038624	0.00374724868663356	0.00353156530955658	0.00345844341840858	0.00340459729199842	0.00345241870473226	0.00345844341840858	0.00356870398442266	0.00350702116077977	0.00351314115958568	0.00341053855394307	0.00365051642611836	0.00419753561467275	0.00374724868663356
6	50	0.00408380585911531	0.00410547301373668	0.0039076363334076	0.00394921126146607	0.00393530403502551	0.00386309058833923	0.00397717333098472	0.00400180250205778	0.0040479477502714	0.00400533338366507	0.00409101550841031	0.00385288312741802	0.00377218844120293	0.00371277848185822	0.0037655406649528	0.00377218844120293	0.00389387551390769	0.00382579489743901	0.00383254904796347	0.00371933311047859	0.00398419472864441	0.00458867494664878	0.00409101550841031
6	51	0.00445636992704271	0.00448026041879619	0.00426217264907604	0.00430799395383978	0.0042926657109577	0.00421308272416116	0.00433881483723331	0.00436596393799796	0.0044168352016141	0.00436985622391986	0.00446431923582098	0.00420183481139118	0.00411292585331081	0.00404748091232564	0.0041056022467623	0.00411292585331081	0.00424700744265504	0.00417198696915339	0.0041794289933075	0.00405470084156692	0.00434655445029003	0.00501337416773193	0.00446431923582098
6	52	0.00484303534283553	0.00486909124936845	0.00463125483679169	0.00468122191145978	0.00466450660536101	0.00457772552590406	0.00471483243670769	0.00474443954412294	0.00479991831363583	0.00474868428087378	0.00485170511553515	0.004565460733379	0.00446851799589474	0.00439716422447052	0.00446053296085942	0.00446851799589474	0.00461471794884181	0.00453291503100093	0.00454102964099312	0.00440503581979254	0.00472327270663129	0.00545064985539267	0.00485170511553515
6	53	0.00522982200521603	0.00525780918084506	0.00500231426171326	0.00505599687327642	0.00503803896195065	0.00494480111688577	0.00509210495510596	0.00512391099846506	0.0051835073762307	0.00512847090765933	0.00523913447170184	0.00493162303574646	0.00482745487885001	0.00475077526060425	0.00481887416537263	0.00482745487885001	0.00498454702051691	0.00489665293012273	0.00490537214011859	0.00475923471397607	0.00510117219614961	0.0058822737153588	0.00523913447170184
6	54	0.00561545782141892	0.00564512467401435	0.00537421990880319	0.00543115465968205	0.00541210970416863	0.00531321392349092	0.00546944586140908	0.00550317205282144	0.00556635912532779	0.00550800702711644	0.00562532940854669	0.0052992342522724	0.00518871294106015	0.00510733728815352	0.00517960754861845	0.00518871294106015	0.00535537460140616	0.0052621346899229	0.00527138515938088	0.00511631563446727	0.00547906076959263	0.00630656249877816	0.00562532940854669
6	55	0.00601873803083515	0.00605004407234976	0.00576407506637477	0.00582419387278949	0.00580408492121707	0.00569964644464818	0.00586462102697127	0.00590022491223365	0.00596692086656413	0.00590532879591812	0.00602915533720133	0.00568488086676623	0.00556812502022248	0.0054821344854471	0.00555850429211436	0.00556812502022248	0.00574417368450096	0.00564569273265682	0.00565546436759824	0.00549162303174748	0.00587477158571739	0.00674739352393295	0.00602915533720133
6	56	0.00646499486449708	0.00649819713542046	0.00619482486753807	0.00625861777658776	0.00623728081398033	0.00612644943994211	0.00630151092478922	0.00633928350489518	0.006410034308366	0.00634469803920307	0.00647604339569012	0.00611077797544664	0.00598684083318901	0.00589554037143259	0.00597662691187136	0.00598684083318901	0.00617370538856099	0.00606918310900027	0.00607955520678248	0.00590561571767166	0.00631228006559676	0.00723724391286726	0.00647604339569012
6	57	0.00698272674405655	0.00701840102161729	0.00669240594409378	0.00676096272039198	0.00673803278220556	0.00661892036384904	0.006807056958264	0.00684764713212395	0.00692367211734114	0.0068534654529738	0.00699459797636342	0.00660207706717403	0.00646886457958693	0.00637072211756392	0.00645788562204778	0.00646886457958693	0.00666970851756403	0.00655737085821331	0.00656851894915735	0.00638155288969524	0.00681862953691981	0.00781223515934143	0.00699459797636342
6	58	0.00759354176824159	0.00763250807028471	0.00727646317334517	0.00735133320263848	0.00732629131936865	0.0071962142109224	0.007401674047574	0.00744600498996415	0.00752903950743758	0.00745235961918683	0.00760650838140059	0.00717782126164026	0.00703236000564809	0.00692520186312376	0.00702037212800228	0.00703236000564809	0.00725167633041731	0.00712900290179563	0.00714117627565177	0.00693702722951375	0.00741431303041403	0.00849981543070181	0.00760650838140059
6	59	0.00831228963688389	0.00835549898680728	0.00796079254340217	0.0080437720194073	0.00801601653236102	0.00787186382329789	0.00809957163668979	0.00814871373820357	0.00824077004145032	0.0081557583357147	0.00832666786835513	0.00785148329279343	0.00769032719033793	0.00757163460706627	0.00767704777218646	0.00769032719033793	0.00793332338169751	0.00779739280721105	0.00781088039288863	0.00758473168618067	0.00811358191795976	0.0093179633148875	0.00832666786835513
6	60	0.00914513994076893	0.00919354139217018	0.00875157771503198	0.00884445983761412	0.00881339011298009	0.00865205583134234	0.00890692826204229	0.00896194996089495	0.00906503645952914	0.00896983790098464	0.00916124537808783	0.00862925043582587	0.00844895802065231	0.0083162150569718	0.00843410478201545	0.00844895802065231	0.00872083427623394	0.00856872949495118	0.0085838198201597	0.00833086068089861	0.00892261418656146	0.0102727913060276	0.00916124537808783
6	61	0.0100828306236163	0.0101370709707124	0.00964196781943046	0.00974598431835155	0.00971118806625025	0.00953053567166841	0.00981595130565662	0.00987758433710465	0.00999307421881786	0.00988642059002607	0.0101008784153435	0.00950500399113325	0.00930319753413483	0.00915465951715536	0.00928657500245099	0.00930319753413483	0.00960754293918867	0.00943725340100969	0.0094541456399272	0.0091710459263362	0.00983352139597973	0.0113476881877994	0.0101008784153435
6	62	0.0110970534348253	0.0111574301476806	0.0106064532739443	0.0107221821709747	0.0106834662437733	0.0104824894636566	0.0108000354430071	0.0108686206296873	0.0109971507494168	0.0108784540040702	0.0111171426160509	0.0104540888023805	0.0102296361681073	0.0100644649037323	0.01021115075131	0.0102296361681073	0.0105681552235781	0.0103787293256753	0.0103975181127655	0.0100826847726892	0.0108195869276001	0.0125059296613193	0.0111171426160509
6	63	0.0121583194199907	0.0122247127770368	0.0116188797142515	0.0117461214246993	0.0117035534410546	0.0114825895063174	0.0118317224379614	0.0119071349015889	0.0120484641627929	0.0119179472770131	0.0121804103767176	0.0114513656396018	0.011204611972963	0.011023042338876	0.0111842907694418	0.011204611972963	0.0115767728549944	0.0113685164596008	0.0113891723904481	0.0110430705634106	0.0118532199870349	0.0137079225332597	0.0121804103767176
6	64	0.013244721282611	0.0133167869691877	0.0126591413974011	0.0127972751671972	0.0127510639081885	0.0125111785441935	0.0128902007162274	0.012972063922938	0.0131254774149803	0.0129838010305925	0.0132686997409491	0.0124772796087438	0.0122093738652504	0.0120122263275038	0.0121873097618884	0.0122093738652504	0.0126134289426559	0.0123873308109266	0.0124097570356416	0.012033973456975	0.0129135373447793	0.014926362308155	0.0132686997409491
6	65	0.0143564224827785	0.0144339584558183	0.0137262759309911	0.0138749416778754	0.0138252083780107	0.0135670183878659	0.0139749456366584	0.0140630401888998	0.0142281203240722	0.0140756703762565	0.0143822214178701	0.0135305298366598	0.0132421322453212	0.013029875282725	0.0132183784106149	0.0132421322453212	0.0136770755081894	0.0134337060934212	0.0134578468786314	0.0130532903714822	0.0140000590460625	0.0161649336041987	0.0143822214178701
6	66	0.0155245616939696	0.0156075668178178	0.0148497982463847	0.0150090174966438	0.0149557556286524	0.0146792161923599	0.0151161109519196	0.015210444373851	0.0153871996453806	0.0152239685483636	0.0155521809030701	0.0146401301995317	0.0143311657117891	0.0141037289137059	0.0143057149107141	0.0143311657117891	0.0147971013930381	0.0145364089359248	0.0145622701567364	0.0141288203685014	0.0151430035004757	0.0174595223228534	0.0155521809030701
6	67	0.0167621989751486	0.0168512846520365	0.0160378986810286	0.0162088241934513	0.0161516475692675	0.0158547627889263	0.0163237853718658	0.0164250450580218	0.0166147681916674	0.0164395619130965	0.0167918417487103	0.0158127985117465	0.015481058245034	0.0152368283555292	0.0154537294081547	0.015481058245034	0.0159813249965566	0.0157014359870912	0.0157292028756867	0.0152637736181055	0.0163526528417106	0.0188381959611875	0.0167918417487103
6	68	0.0181094777172322	0.0182057147334609	0.0173270325298876	0.0175116797780481	0.0174499130898044	0.0171291944605102	0.0176358698268923	0.0177452583853848	0.0179502118446768	0.0177609406118182	0.0181415000652825	0.0170838612548096	0.016725488194214	0.0164616505671522	0.0166959653100898	0.016725488194214	0.0172659171240541	0.0169635583956647	0.0169935544551646	0.0164907591208154	0.0176670547108842	0.020352113140239	0.0181415000652825
6	69	0.0196382791974451	0.0197431187848143	0.0187859874142512	0.0189871020138685	0.0189198257179311	0.0185705164721919	0.0191223731321386	0.0192415256790828	0.0194647822412219	0.0192586079717509	0.0196731637226293	0.0185211444144272	0.0181308641810036	0.0178435605734328	0.018098714466954	0.0181308641810036	0.0187194237202323	0.0183901263708367	0.0184227937354297	0.017875257043981	0.0191563412257991	0.0220820174881655	0.0196731637226293
6	70	0.0214363505990045	0.0215515739209534	0.0204998025132574	0.0207207732908639	0.0206468529715512	0.0202630759365573	0.020869408830482	0.0210003392853416	0.0212456790572561	0.0210191105717967	0.0214746897620677	0.0202088360938853	0.019780111614697	0.0194645476444112	0.0197447978135195	0.019780111614697	0.0204266704961094	0.0200649052675611	0.0201007915846536	0.0194993602148926	0.0209067340115799	0.024123175977159	0.0214746897620677
6	71	0.0238617465330225	0.0239909265187122	0.0228119437379482	0.0230596056776518	0.0229767543762248	0.022546644038185	0.0232262056120458	0.0233729676215981	0.0236479904268583	0.0233940091896646	0.0239047290566957	0.0224858605069824	0.0220054544893711	0.0216518976551858	0.0219658870060381	0.0220054544893711	0.022729982265875	0.0223245710158004	0.0223647846020462	0.0216908995447686	0.0232680433262792	0.0268752588226875	0.0239047290566957
6	72	0.0268223821094959	0.0269677142948251	0.0256413409844607	0.0259199596260049	0.0258267519744148	0.0253428828013614	0.0261073852905496	0.0262724941524833	0.0265819001869781	0.0262961662187689	0.026870738938596	0.0252745026611321	0.0247340620067284	0.0243363288480873	0.0246895503610999	0.0247340620067284	0.0255491352398813	0.0250930562847685	0.0251382953925185	0.0243802036870269	0.0261544530850353	0.0302128607497575	0.026870738938596
6	73	0.0303824433692213	0.0305456145836806	0.0290561415382948	0.029369076026973	0.0292643918339815	0.0287208908271901	0.0295795691772285	0.029764987871217	0.0301124260272926	0.0297915709676013	0.0304367366942575	0.028644076232727	0.0280369094249736	0.0275899953275695	0.0279868969334338	0.0280369094249736	0.0289525727802722	0.0284402402063718	0.0284910628208294	0.0276392985572625	0.0296324277687596	0.0341871524402908	0.0304367366942575
6	74	0.0345778910626809	0.0347601272551013	0.0330959385758836	0.0334457095419913	0.0333287104131344	0.0327211466208647	0.033680941404064	0.0338881260469353	0.0342762847248759	0.0339178277094028	0.0346385300558344	0.0326352606691768	0.0319562391026504	0.0314562605952006	0.0319002957886289	0.0319562391026504	0.032980163008999	0.0324073319707376	0.0324641644703812	0.0315114252079704	0.0337400074232004	0.0388225995035675	0.0346385300558344
6	75	0.0393996126540541	0.0396016931231016	0.037755214041895	0.0381434999625116	0.0380136296439696	0.0373390300950891	0.0384045731879767	0.0386344776725276	0.0390651007861861	0.0386674333294071	0.0394668579741049	0.0372436410020629	0.0364892489373371	0.0359334998563673	0.036427076994873	0.0364892489373371	0.0376266657524339	0.0369904597614622	0.0370535932579087	0.03599482938566	0.0384701202236321	0.0440994506151143	0.0394668579741049
6	76	0.044877798509713	0.0451001399159518	0.04306707109557	0.0434948689824755	0.0433517995990818	0.042608370296722	0.0437824257779757	0.044035597056705	0.0445096626782481	0.0440718836922187	0.0449517902517341	0.0425032119761993	0.0416712349891006	0.0410579571435682	0.0416026431209737	0.0416712349891006	0.0429254088845929	0.0422240568764723	0.0422936732932137	0.0411256509671015	0.0438546115370993	0.050039230841374	0.0449517902517341
6	77	0.0508713392734433	0.0511149709328755	0.0488857123010251	0.0493550778480942	0.0491981240670704	0.048382268734969	0.0496704891678451	0.0499481271249055	0.0504678642909184	0.0499879161728093	0.0509524205266229	0.0482668276856285	0.0473531602883508	0.0466792777763786	0.0472778065850624	0.0473531602883508	0.0487302511465051	0.0479603297212323	0.0480367712636064	0.0467536775148891	0.0497496564468137	0.0565170542058569	0.0509524205266229
6	78	0.0572822645768606	0.0575486057363086	0.0551101531631363	0.0556238278947069	0.0554520731875547	0.0545590239407624	0.0559689349122052	0.0562726595098047	0.0568410990608901	0.0563161830778055	0.0573709077191214	0.0544326249980769	0.0534319186617216	0.0526934807392963	0.053349361607014	0.0534319186617216	0.0549399845757539	0.0540969909379119	0.0541807049338408	0.052775022831668	0.0560555457034554	0.063445061530056	0.0573709077191214
6	79	0.0640668306621762	0.0643576131903186	0.0616941757405241	0.0622554739895282	0.0620678094406306	0.0610918120535661	0.0626325070371278	0.0629642835804454	0.0635851097882345	0.0630118234810276	0.0641636118973636	0.0609536423632625	0.0598594754806407	0.0590517592303639	0.0597691863930507	0.0598594754806407	0.0615082031839276	0.0605867156884466	0.0606782397597902	0.0591409645514206	0.0627271215409402	0.0707872287318664	0.0641636118973636
6	80	0.0712315116641906	0.0715487185415178	0.0686422225861948	0.06925493642259	0.0690500931862542	0.0679845649969427	0.0696664477549959	0.070028525496164	0.0707059556048771	0.0700804042788272	0.0713370907237938	0.067833694882785	0.0666387248607911	0.0657563323224956	0.0665400993935541	0.0666387248607911	0.0684391916435622	0.0674330094012831	0.0675329583361361	0.0658537960933376	0.0697697070831785	0.0785559391266737	0.0713370907237938
6	81	0.0787970936877303	0.0791404878619725	0.0759928097381705	0.0766565994391259	0.0764346944563386	0.0752801890448265	0.0771023439767419	0.0774944961217193	0.078228077987776	0.0775506804398316	0.0789113925365173	0.0751166894128325	0.0738214114477436	0.0728646316143963	0.07371448515899	0.0738214114477436	0.0757728262891225	0.0746824243533984	0.0747907546829668	0.0729703251510617	0.0772141845122602	0.0867181627155135	0.0789113925365173
6	82	0.0871767902326734	0.0875486606288716	0.084138663729723	0.0848580160310726	0.0846175511612897	0.0833662452505258	0.0853409977607981	0.0857658612472079	0.0865605130383798	0.0858267284512247	0.0873005711935721	0.0831890042234037	0.0817845745794566	0.0807468341303112	0.0816686145909969	0.0817845745794566	0.0839002373115274	0.0827182015587035	0.0828356518392819	0.0808614852971126	0.08546217210868	0.0957463031604552	0.0873005711935721
6	83	0.0966920392172391	0.0970953854937328	0.0933953232034429	0.0941761367397549	0.0939151429273458	0.0925567455980161	0.0947003023159226	0.0951613398214082	0.0960235154301232	0.0952273852930451	0.096826301459235	0.0923642994270413	0.0908390653810535	0.0897116913894624	0.0907131052194541	0.0908390653810535	0.0931364932884782	0.0918530636121335	0.0919806066689828	0.0898362610325965	0.0948317989211195	0.10597757796386	0.096826301459235
6	84	0.107596460052933	0.108034647019291	0.104013337562105	0.104862252027509	0.104578513485639	0.10310143379447	0.105432040686566	0.105933144920294	0.10687009439243	0.106004925398872	0.107742324542671	0.102892132385538	0.101232945028396	0.100006136344575	0.101095893113711	0.101232945028396	0.103731896031294	0.102336070207877	0.102474803384185	0.100141710916837	0.10557497095406	0.117673464468005	0.107742324542671
6	85	0.11996765814363	0.120443923636836	0.116071313932965	0.116994737684642	0.116686116368733	0.115079161219708	0.117614431278721	0.118159355150253	0.119178063694584	0.11823740724394	0.120126203686848	0.114851409911942	0.11304555134115	0.111709815707606	0.112896351018526	0.11304555134115	0.115765128523653	0.114246274281735	0.114397258621155	0.111857447941895	0.117769866870162	0.130908419059744	0.120126203686848
6	86	0.133809404551782	0.134325587151163	0.129584301592848	0.13058599766249	0.130251241561456	0.128507799940303	0.13125809312553	0.131849013605393	0.132953504391933	0.131933647706083	0.13398124464409	0.12826064919085	0.12630047847257	0.124850034693351	0.126138489487194	0.12630047847257	0.12925211333122	0.127603901874512	0.127767772764981	0.125010369025293	0.131426656784523	0.145652987165204	0.13398124464409
6	87	0.148908751023151	0.149466413586942	0.144341743603037	0.145424886279935	0.145062938617647	0.143177440965757	0.146151493153091	0.146790251650193	0.147983933252339	0.146881730474664	0.149094406976709	0.142910092229203	0.140789195748961	0.139219205012767	0.140613881644847	0.140789195748961	0.143982491772045	0.142199600307315	0.142376891448429	0.139392780266623	0.146333711421923	0.161688772016343	0.149094406976709
6	88	0.165117844483481	0.165717798020205	0.160201956314611	0.161368254779512	0.160978548235535	0.158947976843472	0.162150500426433	0.162838075364188	0.164122744774152	0.162936538072301	0.165317587269768	0.158659993692029	0.156374833008949	0.154682587623999	0.156185895187111	0.156374833008949	0.159815066397389	0.157894586930535	0.15808559175398	0.154869706897139	0.16234665362147	0.178850775472594	0.165317587269768
6	89	0.182476545517199	0.18311910070091	0.177208853524462	0.178459062928282	0.178041349494684	0.175864341736987	0.179297432161999	0.180034235419686	0.181410626729488	0.180139739906659	0.18269047966561	0.175555521280075	0.173104400406935	0.171288544680397	0.172901691746062	0.173104400406935	0.176794066416119	0.174734648688227	0.174939506294222	0.171489362099615	0.179507639141494	0.197167115197992	0.18269047966561
6	90	0.20112815065118	0.201813793526446	0.195504299734391	0.196839514227186	0.196393432574058	0.194068036138909	0.197734719480888	0.198521363182984	0.19999058507309	0.198633996033229	0.201356439061852	0.19373809195585	0.191118652913914	0.189177341791139	0.190901971621143	0.191118652913914	0.195061243971113	0.192860980651288	0.193079885496836	0.1893920655608	0.197959156212887	0.216785141746789	0.201356439061852
6	91	0.221358390304542	0.222087490034133	0.215374900156969	0.216796019906338	0.216321274472454	0.213845864221556	0.217748638734201	0.218585613312293	0.220148539296087	0.218705443444404	0.22160115720449	0.213494554165614	0.210704771269172	0.208636383678501	0.210473941499281	0.210704771269172	0.214903266727227	0.212560546342986	0.212793664522134	0.208865198172555	0.21798744676818	0.237987390294362	0.22160115720449
6	92	0.243670576003035	0.244443165013333	0.237326565119493	0.238833899947048	0.238330394268116	0.23570435247613	0.239844104726801	0.240731538406481	0.242388350175787	0.240858582407918	0.243927833974533	0.235331573165741	0.232370485093732	0.230174145505482	0.232125416055659	0.232370485093732	0.236826237178922	0.234340374819175	0.234587782325059	0.230417154467563	0.240097322857894	0.261268457901632	0.243927833974533
6	93	0.268033151978123	0.268849280269873	0.261327717339108	0.262921562302811	0.262389203465182	0.259611953394486	0.263989522462077	0.264927545469204	0.266678439927298	0.265061820564917	0.268304919095808	0.259217610327242	0.256084353381874	0.253759289833909	0.255824964523715	0.256084353381874	0.260798585690017	0.258168954767629	0.258430720270124	0.254016584240496	0.264257189618505	0.286597986217631	0.268304919095808
6	94	0.294101590385544	0.294960697083238	0.2870389878516	0.288718389087074	0.288157499748666	0.285230658378311	0.289843445148318	0.290831464896266	0.292675302836836	0.290972885243238	0.294387680896889	0.28481497204944	0.281511216519705	0.27905857336291	0.281237639556029	0.281511216519705	0.286481361063426	0.283709434504946	0.283985415933963	0.279330030616316	0.290125393502707	0.313618448491979	0.294387680896889
6	95	0.319518500861238	0.320405679738187	0.312220231520969	0.313956467436526	0.313376651986161	0.310350142861899	0.315119318678916	0.316140346089931	0.318045324996804	0.31628647696114	0.319813953869266	0.309920177088637	0.306501826341848	0.303962829123231	0.306218671446749	0.306501826341848	0.311643622554666	0.308776511684435	0.309062031768373	0.304243898081527	0.315410703842343	0.33964224716638	0.319813953869266
6	96	0.347734825970982	0.348642471299442	0.340262424500114	0.342041024948067	0.341447127524698	0.33834604268948	0.343231920585112	0.344277355102762	0.346227331688532	0.344426962603191	0.34803711156105	0.337905335713852	0.334400282502397	0.33179537290404	0.334109841100151	0.334400282502397	0.339671615320979	0.336732921477582	0.337025643121382	0.33208380234104	0.343530291803338	0.368286538675564	0.34803711156105
6	97	0.37730327946234	0.378223017832178	0.369725255371525	0.371529983750619	0.370927430923455	0.367780024457991	0.372738027444645	0.37379828742781	0.375775349627429	0.373949999138108	0.377609610143268	0.367332580390365	0.363772569422317	0.361125221420932	0.36347746385323	0.363772569422317	0.36912562947956	0.366142055746574	0.366439324684742	0.361418417215932	0.373040651619864	0.398090808466685	0.377609610143268
6	98	0.408014237982219	0.408936703121523	0.400407506378189	0.402220087756535	0.40161498409665	0.398453093087576	0.403433031535429	0.404497357487955	0.406481417908634	0.404649633094368	0.408321494922698	0.398003431072559	0.394424355211328	0.391761185666231	0.394127555698837	0.394424355211328	0.399805129582673	0.396806811688517	0.397105628826673	0.392056203173221	0.403736838577974	0.428824420290132	0.408321494922698
6	99	0.439582194454162	0.440497638287604	0.432027106513043	0.433828400435202	0.433227136190932	0.430084143782182	0.435033433517119	0.436090582885497	0.438060680509592	0.436241813785913	0.439887130816628	0.429637010117471	0.426076635193342	0.423425729802247	0.425781272473759	0.426076635193342	0.431428338771141	0.428446925010168	0.428744136881965	0.423719458491555	0.435335214422809	0.460195058330847	0.439887130816628
6	100	0.506836205110924	0.507671312616981	0.499930184563696	0.501578998900027	0.501028790790026	0.498150084861906	0.502681228427673	0.50364766601941	0.505447410890149	0.503785880125973	0.507114421530973	0.497740193573235	0.494473181686175	0.492037002879486	0.494201900585544	0.494473181686175	0.499381785123958	0.496648798256626	0.496921422527109	0.492307095607851	0.502957164066028	0.525553927176339	0.507114421530973
7	0	0.0166068330390294	0.0166068330390294	0.0151917952443317	0.0153792911426433	0.0151452795278334	0.0145757103722143	0.0151917952443317	0.0152151066491062	0.0154265255793152	0.0150065851933688	0.0154265255793152	0.0138141173662807	0.0130722591959621	0.012484569591886	0.012522913466535	0.0123323645540235	0.0127164065742088	0.0120889789519318	0.0118867928293623	0.0110287127546334	0.0122194297553589	0.0154265255793152	0.012294604120571
7	1	0.00100467439786741	0.00100467439786741	0.000907893489711418	0.000920648523318234	0.000904732438989429	0.000866135651479351	0.000907893489711418	0.000909478154319907	0.00092386518335375	0.000895315169451976	0.00092386518335375	0.000814850562144711	0.000765266414828473	0.000726259050604919	0.000728796531961097	0.000716197166657794	0.000741617545734174	0.000700143062958982	0.000686840224519793	0.000630574910124818	0.000708742341927611	0.00092386518335375	0.000713703553038569
7	2	0.000817018633408888	0.000817018633408888	0.000740353856035509	0.00075046997651374	0.000737846204770699	0.000707207993901019	0.000740353856035509	0.000741610875807883	0.000753020531051581	0.000730374097965813	0.000753020531051581	0.000666439914040114	0.000626957483902145	0.000595848248164989	0.000597873303797836	0.000587816384327902	0.000608102286571756	0.000574994869993313	0.000564364578197741	0.000519365552326467	0.00058186361696668	0.000753020531051581	0.000585825392469591
7	3	0.000670409972375257	0.000670409972375257	0.000609141841434374	0.000617235907090924	0.00060713496420067	0.000582599888851118	0.000609141841434374	0.000610147766323044	0.000619276172868396	0.000601153916554956	0.000619276172868396	0.000549907460972349	0.000518193824314435	0.000493167463940501	0.000494797622989385	0.000486700358273202	0.000503029602411998	0.000476371691657428	0.000467803442215194	0.000431504932207165	0.000481905743889807	0.000619276172868396	0.000485096876453017
7	4	0.000554082461057058	0.000554082461057058	0.000504690144294844	0.000511222384591397	0.000503070167823873	0.000483253847860553	0.000504690144294844	0.000505502087712602	0.000512868612667401	0.000498241370928882	0.000512868612667401	0.000456815445706053	0.000431129865836104	0.000410831955444535	0.000412154908272809	0.000405582472762724	0.000418833849639126	0.000397194743187874	0.000390233064872479	0.00036072047383603	0.00040168942660256	0.000512868612667401	0.000404280616425046
7	5	0.000462821013268039	0.000462821013268039	0.000422659887450582	0.000427977335321824	0.000421340880718538	0.000405196485201621	0.000422659887450582	0.000423320938440073	0.000429317117460905	0.000417408506750496	0.000429317117460905	0.000383628239323204	0.00036264087215109	0.000346031181379389	0.00034711443125763	0.000341731881820861	0.000352581760136941	0.000334859153418578	0.000329151839151568	0.00030494033535748	0.000338542498550406	0.000429317117460905	0.000340665429417737
7	6	0.000392851002983528	0.000392851002983528	0.00035967630375611	0.000364073635990014	0.000358585294575512	0.000345223686622727	0.00035967630375611	0.00036022305250451	0.000365181343654795	0.000355332083115203	0.000365181343654795	0.000327349695292564	0.000309930002940554	0.000296123826855581	0.000297024794682709	0.000292547201908494	0.000301570919430297	0.000286827089583358	0.00028207444017054	0.000261900066977562	0.000289893111168223	0.000365181343654795	0.000291659816001478
7	7	0.000343156933066911	0.000343156933066911	0.000314943410816026	0.000318687121578781	0.000314014375045591	0.000302630064383357	0.000314943410816026	0.000315408958927574	0.000319629982030569	0.00031124367851781	0.000319629982030569	0.00028738204234599	0.00027249948454693	0.000260687816010899	0.000261459081039627	0.000257625440042632	0.000265349769210579	0.000252725618239477	0.000248652474437929	0.000231352753156659	0.000255352289610934	0.000319629982030569	0.00025686548367919
7	8	0.000311934655695677	0.000311934655695677	0.000286936270018894	0.000290256645090938	0.00028611212819207	0.000276007897762586	0.000286936270018894	0.000287349230728596	0.000291092725138451	0.000283653878196521	0.000291092725138451	0.000262458623827389	0.000249215812858398	0.000238692011749144	0.000239379560619772	0.000235961507489855	0.000242847126432173	0.000231590898497373	0.000227955982262306	0.000212509991859329	0.000233934147173458	0.000291092725138451	0.000235283775992788
7	9	0.000296522126885992	0.000296522126885992	0.000273368561102534	0.00027644690858386	0.00027260434525272	0.000263229988665416	0.000273368561102534	0.000273751472050145	0.000277221896631009	0.000270324492258159	0.000277221896631009	0.000250644969364076	0.000238327810620399	0.0002285271652813	0.000229167815677607	0.000225982423409301	0.000232398108446358	0.000221907514433385	0.000218516959487349	0.000204102943109163	0.000224092480296875	0.000277221896631009	0.000225350677940647
7	10	0.000293395966009365	0.000293395966009365	0.000271208091921131	0.000274161489083634	0.000270474727236631	0.000261473267805575	0.000271208091921131	0.000271575519593135	0.000274904850047515	0.000268286510148998	0.000274904850047515	0.000249372258683896	0.000237509512017416	0.000228056119912657	0.000228674470862252	0.000225599391581874	0.000231791465648315	0.000221663526204405	0.000218386859518619	0.000204450373618867	0.000223774228659398	0.000274904850047515	0.00022498935585079
7	11	0.000306628965640419	0.000306628965640419	0.000284224533249006	0.000287210362658903	0.000283482938650724	0.00027437464645884	0.000284224533249006	0.000284596057738734	0.000287961708240871	0.000281269744422682	0.000287961708240871	0.000262112571156841	0.000250071618711262	0.000240461121078291	0.000241090170111496	0.000237961295234245	0.000244260185536363	0.000233954385832064	0.000230616668464495	0.000216414475685858	0.000236103495369405	0.000287961708240871	0.000237340410016743
7	12	0.000338444600094762	0.000338444600094762	0.000314629467919935	0.000317807340145429	0.000313839977441187	0.000304136899889744	0.000314629467919935	0.00031502495760813	0.00031860681085393	0.000311483372405063	0.00031860681085393	0.000291054491794356	0.000278185142614984	0.000267896446176123	0.000268570361893524	0.000265217651296111	0.000271965455297266	0.00026092162054622	0.000257340915470603	0.000242099243111066	0.000263226148308476	0.00031860681085393	0.000264552148436896
7	13	0.000392352213598889	0.000392352213598889	0.000365819442960276	0.000369364513452241	0.000364938504510195	0.000354104125823849	0.000365819442960276	0.000366260709313397	0.000370256136007753	0.000362308397190057	0.000370256136007753	0.000339474224942524	0.000325056665463937	0.000313510892675666	0.000314267688126034	0.00031050189161017	0.000318079156580724	0.000305673736502565	0.000301647060303336	0.000284502429535408	0.000308264108290659	0.000370256136007753	0.000309754164663431
7	14	0.00047356213819431	0.00047356213819431	0.000442888924661979	0.000446992677239197	0.000441868886919931	0.000429314897447526	0.000442888924661979	0.000443399826213128	0.0004480245430589	0.000438822847836676	0.0004480245430589	0.00041233624297552	0.000395572745416382	0.000382124958696053	0.000383007079821995	0.000378616743989375	0.000387448324783779	0.000372984457714596	0.000368284169203351	0.000348268228022569	0.00037600673583106	0.0004480245430589	0.000377744734446721
7	15	0.000586251286897999	0.000586251286897999	0.000549963680957211	0.00055482508542281	0.000548755000079758	0.000533868743312336	0.000549963680957211	0.000550569019364253	0.000556047136194072	0.000545144872354702	0.000556047136194072	0.000513703944854428	0.000493757319849698	0.000477728061417186	0.000478780299250779	0.0004735421848371	0.000484076355371638	0.000466818217337515	0.000461203333583902	0.000437292102293116	0.000470426864210927	0.000556047136194072	0.000472501459052292
7	16	0.000729058095794017	0.000729058095794017	0.00068585191748575	0.000691647280482189	0.00068441068015308	0.000666648703752248	0.00068585191748575	0.000686573673866252	0.000693103756704108	0.000680105114258443	0.000693103756704108	0.000642553663920606	0.000618678437613325	0.000599461496116554	0.000600723846796862	0.000594438564529284	0.000607075586349583	0.000586365908647093	0.000579620887165307	0.000550900372819615	0.000590699005103762	0.000693103756704108	0.000593189421632201
7	17	0.00089461215127374	0.00089461215127374	0.000843690280410142	0.000850527980735604	0.00084198946182952	0.000821016304596289	0.000843690280410142	0.000844541977637006	0.000852246047123075	0.000836907550816744	0.000852246047123075	0.0007925286265479	0.000764257904829564	0.000741470864510705	0.000742968635540535	0.000735509913564447	0.000750502995563766	0.000725925406088756	0.000717913056137738	0.000683804255856505	0.000731070670439448	0.000852246047123075	0.000734027178778627
7	18	0.00106564232665943	0.00106564232665943	0.00100693335098706	0.00101482334666015	0.0010049704555634	0.000980754717397265	0.00100693335098706	0.00100791623594453	0.00101680548662451	0.000999104698041177	0.00101680548662451	0.000947829805909176	0.000915116955057764	0.000888720371943796	0.000890456209192879	0.000881810795107295	0.000899186384301038	0.000870697122182867	0.000861402718507976	0.000821847190422512	0.000876663889269469	0.00101680548662451	0.000880091811052842
7	19	0.00122195354930622	0.00122195354930622	0.00115630795062092	0.00116513574431127	0.00115411147281901	0.00112700499112664	0.00115630795062092	0.00115740775663182	0.00116735320324732	0.00114754704179083	0.00116735320324732	0.0010901221220152	0.00105344432943764	0.00102382395564707	0.00102577247331162	0.00101606682803356	0.00103557082858441	0.00100358664907949	0.000993146304334217	0.00094872576353312	0.00101028757640169	0.00116735320324732	0.0010141367468369
7	20	0.00134850301307144	0.00134850301307144	0.00127740397248642	0.00128696951491513	0.00127502371648646	0.0012456420815339	0.00127740397248642	0.00127859576629573	0.00128937207172253	0.00126790952700359	0.00128937207172253	0.0012056417633097	0.00116583823855979	0.00113367431171195	0.00113579069201732	0.00112524815273666	0.0011464320051855	0.00111168901195684	0.00110034358742065	0.00105208331848285	0.00111896965887784	0.00128937207172253	0.00112315141691567
7	21	0.00143716817390604	0.00143716817390604	0.00136247419977127	0.00137252686928873	0.00135997255787196	0.00132908687662924	0.00136247419977127	0.00136372674583704	0.00137505160458891	0.0013524951580761	0.00137505160458891	0.00128702174445845	0.00124514327720345	0.00121128739474166	0.00121351553330317	0.0012024156763495	0.00122471785633976	0.00118813750886639	0.00117618849075903	0.00112537056491944	0.00119580455564649	0.00137505160458891	0.00120020791825996
7	22	0.00149173347338478	0.00149173347338478	0.00141520767618781	0.00142551006488566	0.00141264373400745	0.00138098367914246	0.00141520767618781	0.00141649139182939	0.00142809735940012	0.00140497974449696	0.00142809735940012	0.00133784809313908	0.00129488529183821	0.00126013877780282	0.00126242592415667	0.00125103155378389	0.00127392407422693	0.00123637248360102	0.00122410289858384	0.00117193152406466	0.00124424435579853	0.00142809735940012	0.00124876505069485
7	23	0.00151943403733803	0.00151943403733803	0.00144243276631303	0.00145280212655704	0.00143985201120198	0.00140797950638768	0.00144243276631303	0.00144372487798131	0.00145540609313436	0.00143213741727116	0.00145540609313436	0.00136453977742016	0.00132125671015913	0.00128623812244572	0.00128854354382424	0.00127705761106883	0.00130013278174781	0.0012622788263879	0.00124990736435072	0.0011973127391725	0.00127021525448009	0.00145540609313436	0.00127477273995814
7	24	0.00153079619807032	0.00153079619807032	0.00145405836200389	0.00146439484459093	0.00145148566160307	0.00141970838372257	0.00145405836200389	0.00145534642170278	0.00146699042600334	0.00144379483984326	0.00146699042600334	0.00137638554400619	0.00133320371202622	0.00129825555784179	0.0013005566639997	0.00128909177526176	0.00131212351884766	0.00127433838202531	0.00126198670177131	0.00120948551105595	0.00128226141149184	0.00146699042600334	0.001286810954207
7	25	0.0015367696585557	0.0015367696585557	0.00146041176646389	0.00147069915470548	0.00145785118275326	0.00142622015768438	0.00146041176646389	0.00146169374436344	0.00147328230471649	0.00145019633743741	0.00147328230471649	0.00138308635840116	0.00134008072448629	0.00130526596108106	0.00130755854265422	0.00129613576089212	0.00131908199283943	0.00128143519861095	0.00126912656536663	0.00121681626660627	0.00128933004651239	0.00147328230471649	0.0012938632072245
7	26	0.00154314746948795	0.00154314746948795	0.00146691380579161	0.00147718580194276	0.00146435698699671	0.00143277026955615	0.00146691380579161	0.00146819388881303	0.0014797650202997	0.00145671323864066	0.0014797650202997	0.00138969020865498	0.00134673025829503	0.00131194652907952	0.00131423723385523	0.00130282356724257	0.00132575089235384	0.00128813386137507	0.00127583355358908	0.00122356395743087	0.00129602300181435	0.0014797650202997	0.00130055275639464
7	27	0.00155518082288228	0.00155518082288228	0.00147862461649683	0.00148894089902744	0.00147605673361847	0.00144433197985514	0.00147862461649683	0.00147991023269679	0.00149153119637471	0.00146837981140721	0.00149153119637471	0.00140105955138642	0.00135790291953996	0.00132295628694988	0.00132525782233176	0.00131379004614023	0.00133682569814816	0.00129903016251272	0.00128667062217887	0.00123415267035567	0.00130695706759921	0.00149153119637471	0.00131150842650019
7	28	0.00157534349891545	0.00157534349891545	0.00149787478917686	0.00150831427830803	0.00149527622629961	0.00146317204095691	0.00149787478917686	0.0014991757635906	0.00151093549933856	0.00148750755483695	0.00151093549933856	0.00141938086261411	0.00137570544291055	0.00134033764060191	0.00134266694375981	0.00133106076745128	0.00135437432005244	0.00131612259457633	0.00130361362135907	0.00125046169880343	0.00132414527343265	0.00151093549933856	0.00132875159907309
7	29	0.00160509761420173	0.00160509761420173	0.00152600281816794	0.00153666093939498	0.00152334985851708	0.00149057443368872	0.00152600281816794	0.00152733103006922	0.00153933708069402	0.00151541862056658	0.00153933708069402	0.00144587012359488	0.00140128689435487	0.00136518615079384	0.00136756366358495	0.00135571736095242	0.00137951347959726	0.00134047044642125	0.00132770321981791	0.00127345192451335	0.00134865889245733	0.00153933708069402	0.00135336044298756
7	30	0.00164450416210001	0.00164450416210001	0.00156304366357312	0.00157401927071763	0.00156031174093209	0.0015265629044391	0.00156304366357312	0.00156441141809894	0.00157677519363372	0.0015521445891334	0.00157677519363372	0.00148053733811471	0.00143464403606188	0.0013974882056723	0.0013999350434224	0.00138774354636609	0.00141223364427384	0.001372053187502	0.00135891537248398	0.00130308415072964	0.00138047966960127	0.00157677519363372	0.00138531801718696
7	31	0.00169028451163208	0.00169028451163208	0.0016058699000352	0.00161724141506849	0.00160303953674049	0.00156807807348408	0.0016058699000352	0.00160728695513928	0.00162009685352461	0.00159457834298032	0.00162009685352461	0.00152040927324225	0.00147288987043721	0.00143442687485787	0.00143695953177773	0.00142434080692786	0.00144969005024895	0.00140810198271182	0.00139450612868964	0.00133672021447584	0.00141682282420085	0.00162009685352461	0.00142183039064882
7	32	0.00174028215259046	0.00174028215259046	0.00165266370818261	0.00166446461523327	0.00164972657769317	0.00161344988891281	0.00165266370818261	0.0016541342337925	0.00166742798494319	0.00164094646852021	0.00166742798494319	0.00156399872980655	0.00151471543517424	0.00147483441562067	0.00147746017263251	0.00146437796992962	0.00149065924682013	0.00144754412862097	0.00143345134578893	0.00137354523449872	0.00145658431574455	0.00166742798494319	0.00146177546273942
7	33	0.00179180808067947	0.00179180808067947	0.00170100515116677	0.00171323311391946	0.00169796182166584	0.00166037648280638	0.00170100515116677	0.00170252886081515	0.0017163038148098	0.00168886446379527	0.0017163038148098	0.00160915058333741	0.00155810939631916	0.00151681400400011	0.00151953265452976	0.00150598795528964	0.00153319917338792	0.0014885601820938	0.00147397122358547	0.0014119494038471	0.00149791915703798	0.0017163038148098	0.00150329353806861
7	34	0.00184610500018993	0.00184610500018993	0.001752114655822	0.00176477048076725	0.00174896490628165	0.00171006751312721	0.001752114655822	0.00175369165712421	0.00176794869491589	0.00173954959050062	0.00176794869491589	0.00165706018506253	0.00160425201982099	0.00156153307805228	0.00156434527747216	0.00155033474404941	0.0015784824255164	0.0015323084758808	0.00151721928700171	0.00145306614445441	0.00154198872685426	0.00176794869491589	0.00154754773114975
7	35	0.00190763349005576	0.00190763349005576	0.00181016356053904	0.00182328681726312	0.00180689753170481	0.00176656595422954	0.00181016356053904	0.00181179878808658	0.00182658247028925	0.00179713475953385	0.00182658247028925	0.00171160962778604	0.00165686619974126	0.00161258656202414	0.00161550136716215	0.0016009798377047	0.00163015461271796	0.0015822968192384	0.00156665850603352	0.00150016704257979	0.00159232965077846	0.00182658247028925	0.00159809123336697
7	36	0.00197983199730987	0.00197983199730987	0.00187817249655577	0.00189185824482796	0.00187476655677683	0.00183270984143943	0.00187817249655577	0.00187987778611718	0.00189529523554495	0.00186458575131738	0.00189529523554495	0.00177541069585495	0.00171834281959738	0.00167219002939776	0.00167522794284809	0.0016600933663057	0.00169050049681498	0.00164062264451452	0.00162432589480109	0.00155502969127605	0.00165107833051589	0.00189529523554495	0.00165708289839425
7	37	0.00206732979628811	0.00206732979628811	0.00196067747638898	0.00197503378080674	0.00195710473538554	0.00191299095559872	0.00196067747638898	0.00196246629194328	0.00197863925170683	0.00194642552637697	0.00197863925170683	0.00185289711586994	0.00179305515100889	0.00174466587545446	0.00174785080429236	0.00173198409013073	0.00176386287349491	0.00171157249905158	0.00169448915383011	0.0016218431832929	0.0017225332826376	0.00197863925170683	0.00172882807357491
7	38	0.00217154827540874	0.00217154827540874	0.00205908043648665	0.00207421815376585	0.00205531330057384	0.00200880156074865	0.00205908043648665	0.00206096659291353	0.00207801993994409	0.00204405319480231	0.00207801993994409	0.0019454480731161	0.00188236833992803	0.00183136712987336	0.00183472380006206	0.00181800174793601	0.00185159966228628	0.00179649072249287	0.00177848800606168	0.00170192813193362	0.00180804176180209	0.00207801993994409	0.00181467567113355
7	39	0.0022914780332505	0.0022914780332505	0.0021725576255059	0.00218856305863383	0.00216857459001659	0.00211939846498268	0.0021725576255059	0.00217455188578683	0.00219258280707746	0.00215666924355847	0.00219258280707746	0.00205241966213891	0.00198573480349518	0.00193182218228547	0.00193537037304013	0.00191769435049573	0.00195320932132548	0.00189495664979236	0.00187592775751484	0.0017950015416777	0.00190716632173964	0.00219258280707746	0.00191417856588961
7	40	0.00242355553156811	0.00242355553156811	0.00229791746398465	0.00231482746152379	0.00229370930134819	0.00224175295178844	0.00229791746398465	0.0023000244396139	0.00231907436867445	0.00228113099531386	0.00231907436867445	0.00217098525932644	0.00210052557678357	0.00204355920083604	0.0020473084246236	0.0020286308393786	0.00206615797422199	0.00200460448709504	0.00198449689142785	0.00189898447885922	0.00201750617789104	0.00231907436867445	0.00202491581974224
7	41	0.0025594688881153	0.0025594688881153	0.00242721171991637	0.00244501396464633	0.00242278144866395	0.00236808059345496	0.00242721171991637	0.00242942989254667	0.00244948489003059	0.00240953909404422	0.00244948489003059	0.0022935679624673	0.00221937166967869	0.00215937826118992	0.00216332687629877	0.00214365574147178	0.0021831785221742	0.00211835043279594	0.00209717171213972	0.00200710824855753	0.00213193902243927	0.00244948489003059	0.00213974303112657
7	42	0.00269513249343874	0.00269513249343874	0.00255699411331317	0.00257559156448893	0.00255236577066067	0.00249521346878537	0.00255699411331317	0.00255931143099772	0.00258026202372732	0.00253853094786617	0.00258026202372732	0.00241734378255092	0.00233978375703255	0.00227705475971887	0.00228118386605137	0.00226061293901163	0.00230194198260594	0.00223414780813152	0.00221199637814087	0.00211780776250975	0.00224835953090779	0.00258026202372732	0.00225652106753178
7	43	0.00282891947192752	0.00282891947192752	0.00268575424042045	0.00270503417438178	0.00268095576660935	0.00262169327180565	0.00268575424042045	0.00268815669704812	0.00270987574461787	0.00266661172278349	0.00270987574461787	0.00254092006545606	0.00246043454174383	0.00239531421897473	0.00239960144097677	0.00237824179142619	0.0024211529274678	0.00235075823695815	0.0023277511407296	0.00222994354877833	0.00236551737242995	0.00270987574461787	0.00237399273141137
7	44	0.00296630729585545	0.00296630729585545	0.00281843193130206	0.00283835307740693	0.00281347352974586	0.00275222458951572	0.00281843193130206	0.00282091440808341	0.00284335532611027	0.0027986506029194	0.00284335532611027	0.00266870963004191	0.00258545162512846	0.00251805760419312	0.00252249537146237	0.00250038447049002	0.00254480179914175	0.00247192979502121	0.00244810583266429	0.0023468509024739	0.00248721106912254	0.00284335532611027	0.0024959856024131
7	45	0.003120509982213	0.003120509982213	0.00296713034850255	0.00298779962724925	0.0029619854094265	0.00289842141760035	0.00296713034850255	0.00296970616833643	0.00299298940536385	0.00294660405761889	0.00299298940536385	0.00281171690276256	0.00272524027012453	0.00265521159651557	0.00265982367254221	0.00263684312624758	0.00268300449829327	0.00260726499007232	0.00258249663196142	0.00247725423608886	0.00262315021214434	0.00299298940536385	0.00263227089798519
7	46	0.00330262953089904	0.00330262953089904	0.00314155616013517	0.00316326602243757	0.00313615201545406	0.00306937943140945	0.00314155616013517	0.00314426172358491	0.00316871688934894	0.00311999529514056	0.00316871688934894	0.00297827941979399	0.00288739660439294	0.00281378304792087	0.0028186316938466	0.00279447172788459	0.00284300053791229	0.00276337310247558	0.00273732935058418	0.002626683674951	0.00278007526434936	0.00316871688934894	0.00278966464223819
7	47	0.00352833680447734	0.00352833680447734	0.00335655170700682	0.00337970621158506	0.00335078790976358	0.00327957007062051	0.00335655170700682	0.00335943732249759	0.00338551975212235	0.00333355583488024	0.00338551975212235	0.00318240082858134	0.00308545802302944	0.00300693203434274	0.00301210435411853	0.00298633142079917	0.00303809971556064	0.00295315600973252	0.00292537253293143	0.00280733955969714	0.00297097363389785	0.00338551975212235	0.00298120335774128
7	48	0.00380590161668915	0.00380590161668915	0.00361975183612714	0.00364483995587922	0.00361350683498736	0.00353634741138725	0.00361975183612714	0.00362287838285096	0.00365113910812059	0.0035948364026275	0.00365113910812059	0.00343108426306983	0.00332608149441335	0.00324103810909123	0.00324663939548963	0.00321872943348785	0.00327479136788559	0.00318280486931815	0.00315272051505593	0.00302490168938242	0.00320209875505914	0.00365113910812059	0.00321317629893864
7	49	0.00413909309384959	0.00413909309384959	0.00393472610246452	0.00396226357612876	0.00392787168985917	0.00384319232290271	0.00393472610246452	0.00393815779300065	0.00396917800499671	0.00390738001244785	0.00396917800499671	0.00372769931808756	0.00361252634814196	0.00351927183822032	0.00352541321532077	0.00349481312826823	0.00355628123238651	0.00345542974852217	0.00342245219968613	0.00328231696083768	0.00347658071415394	0.00396917800499671	0.00348872505745061
7	50	0.0045240473306464	0.0045240473306464	0.00429813635034723	0.00432856895561242	0.00429056168932618	0.00419699716813117	0.00429813635034723	0.00430192869406665	0.00433621071557745	0.00426791770574034	0.00433621071557745	0.00406942465510727	0.00394225151562094	0.00383931512242805	0.00384609314188358	0.00381232228419268	0.00388016315340886	0.00376886308735334	0.00373247710324635	0.00357782750022003	0.0037922022697335	0.00433621071557745	0.0038056037795544
7	51	0.00494203564929582	0.00494203564929582	0.00469275048570712	0.00472632405081995	0.00468439442498213	0.00458119055795292	0.00469275048570712	0.00469693410401224	0.00473475490595119	0.00465941541128225	0.00473475490595119	0.00444051374865758	0.0043003230028291	0.00418688429260459	0.00419435289072497	0.00415714265176361	0.00423189619544798	0.00410926241850282	0.00406917935992792	0.00389878761475504	0.00413497514966409	0.00473475490595119	0.00414974031137785
7	52	0.00537281541923073	0.00537281541923073	0.00510086267222848	0.00513748616004292	0.00509174766649604	0.00497917503276678	0.00510086267222848	0.00510542629223975	0.00514668304466217	0.00506450026148907	0.00514668304466217	0.00482574224720072	0.00467285678436274	0.00454915877737612	0.00455730246615442	0.00451672928640348	0.00459824010939447	0.00446452369317064	0.00442082130973466	0.00423503355923404	0.00449255896999458	0.00514668304466217	0.0045086581000213
7	53	0.00579871821172175	0.00579871821172175	0.00550672506440276	0.00554605208224352	0.00549693696049249	0.00537604367703648	0.00550672506440276	0.00551162565035341	0.00555592764284444	0.00546767691417976	0.00555592764284444	0.00521124670104295	0.0050470099305497	0.00491410687594894	0.00492285716525981	0.00487926097729598	0.00496684288508386	0.00482316261390723	0.00477619883744109	0.004576563027671	0.0048532888034847	0.00555592764284444	0.00487058817941838
7	54	0.00621811389878519	0.00621811389878519	0.00590889215225979	0.00595055154065193	0.00589852295616951	0.00577043304095218	0.00590889215225979	0.00591408358392753	0.00596101219940138	0.00586752441828479	0.00596101219940138	0.0055957665861112	0.00542162381934655	0.00528065189052547	0.00528993491194358	0.00524368242196979	0.00533659537720203	0.00518415824576463	0.00513431970477944	0.0049225084379699	0.00521612527089643	0.00596101219940138	0.0052344805665513
7	55	0.00665421077389162	0.00665421077389162	0.00632827558438656	0.0063722016930194	0.00631734145151966	0.00618224831285318	0.00632827558438656	0.00633374974562387	0.0063832307786721	0.00628465227580818	0.0063832307786721	0.00599795738475217	0.0058141307033212	0.0056652529154065	0.00567505840535461	0.0056262000845353	0.00572434101529933	0.00556331257650835	0.00551064942145375	0.00528689445214811	0.00559708722993298	0.0063832307786721	0.00561647901306176
7	56	0.00713854740905136	0.00713854740905136	0.00679318746575906	0.00683974426266382	0.00678159786713693	0.0066383853333324	0.00679318746575906	0.00679898969034247	0.00685143323217151	0.00674694757183413	0.00685143323217151	0.00644295431838848	0.00624794018696938	0.00608994503024712	0.00610035260968699	0.00604849196957027	0.00615265791039131	0.00598173169247232	0.005925818095198	0.0056883084082445	0.00601758744869064	0.00685143323217151	0.00603817286759496
7	57	0.00770624741359919	0.00770624741359919	0.00733531318829145	0.00738532317724568	0.00732286369409663	0.00716901625272337	0.00733531318829145	0.00734154587009297	0.00739787885790053	0.00728564184382646	0.00739787885790053	0.00695904468881743	0.0067494880138623	0.00657968599280888	0.0065908720213891	0.00653513140583609	0.00664708806980325	0.00646337276965275	0.00640326970497707	0.00614798948910449	0.00650191357018526	0.00739787885790053	0.00652403998023354
7	58	0.00838399462387321	0.00838399462387321	0.00797870273299798	0.00803333971189649	0.00796510164999616	0.00779703165468974	0.00797870273299798	0.00798551198139554	0.00804705731714555	0.00792443735539735	0.00804705731714555	0.00756767481576872	0.007338801579841	0.00715337043657071	0.00716558542004811	0.00710471837359155	0.00722697392240897	0.00702636351021848	0.00696073857520674	0.00668198139760328	0.00706844660033861	0.00804705731714555	0.00709260714855442
7	59	0.00918935846293379	0.00918935846293379	0.00873951488601267	0.00880014086903377	0.00872442376313325	0.0085379689571547	0.00873951488601267	0.0087470702336163	0.00881536296401866	0.00867930656787581	0.00881536296401866	0.00828360761472005	0.00802988228370204	0.00782439130879618	0.00783792559528931	0.00777048746547173	0.00790594900387782	0.00768368461247394	0.00761099384784357	0.00730214906742463	0.00773030342469799	0.00881536296401866	0.00775706962904673
7	60	0.0101284598828829	0.0101284598828829	0.00962389769362522	0.00969187128803535	0.00960697891515446	0.00939798692860224	0.00962389769362522	0.00963236825290839	0.00970893956982691	0.00955640082960077	0.00970893956982691	0.00911301395626381	0.00882891130816693	0.00859893672082668	0.00861408024375399	0.00853862838411348	0.00869019883613739	0.00844152813446899	0.00836022935107001	0.00801470319695141	0.00849367486847272	0.00970893956982691	0.00852361750529142
7	61	0.0111856628969846	0.0111856628969846	0.0106195460595223	0.0106957843972891	0.0106005715359572	0.0103662310407453	0.0106195460595223	0.0106290460538216	0.0107149293473897	0.0105438511399781	0.0107149293473897	0.010046831723473	0.00972857063531111	0.00947106811515644	0.00948802088081897	0.00940355941610689	0.00957324096667711	0.00929488255242422	0.00920390678989981	0.00881715093138587	0.0093532438636024	0.0107149293473897	0.00938675756236127
7	62	0.0123253517884944	0.0123253517884944	0.0116946484349395	0.0117795627398273	0.0116735156744907	0.0114125560553272	0.0116946484349395	0.0117052291572092	0.0118008874790501	0.0116103462443835	0.0118008874790501	0.011056983912961	0.0107028067011974	0.0104163409135109	0.0104351977894869	0.0103412535467146	0.0105299954607831	0.0102203892804333	0.0101192235215135	0.00968927621938999	0.0102852934476873	0.0118008874790501	0.0103225664322487
7	63	0.0135092702077671	0.0135092702077671	0.0128155228407409	0.0129089172218296	0.0127922800146167	0.0125052768438814	0.0128155228407409	0.0128271600855826	0.0129323719709514	0.0127228041561704	0.0129323719709514	0.0121142576294213	0.0117248181145417	0.011409865851916	0.0114305969121957	0.0113273169176226	0.0115348185911373	0.0111944467600855	0.0110832362489435	0.0106106453112387	0.0112657973866363	0.0129323719709514	0.0113067731707274
7	64	0.014710823136267	0.014710823136267	0.0139580120216218	0.0140593660921981	0.0139327878763568	0.0136213056656227	0.0139580120216218	0.0139706412139164	0.0140848193967192	0.0138573886132642	0.0140848193967192	0.0131968942852469	0.0127741486412052	0.0124322238611577	0.0124547313609793	0.0123425998705466	0.0125678815566506	0.0121983368249328	0.0120775859012642	0.0115644037855559	0.0122758061360016	0.0140848193967192	0.0123202950085362
7	65	0.0159332211115641	0.0159332211115641	0.0151237223768186	0.0152327269509876	0.0150965933318258	0.0147615582163929	0.0151237223768186	0.0151373051757429	0.0152601006323032	0.0150154978335152	0.0152601006323032	0.0143049633645425	0.0138500527049313	0.0134820310455789	0.0135062586722223	0.0133855543570789	0.0136280514392374	0.01323024999696	0.0131002468575268	0.0125476352285345	0.0133136501746657	0.0152601006323032	0.0133615432507283
7	66	0.0172117348430147	0.0172117348430147	0.0163457912747435	0.0164624229774663	0.0163167626883386	0.015958225587725	0.0163457912747435	0.016360324928614	0.016491710703038	0.0162299858752993	0.016491710703038	0.0154694703360074	0.0149823628946162	0.0145881773863487	0.0146141307066144	0.0144848241940197	0.0147445915427946	0.014318434656451	0.0141791372755187	0.0135868622826721	0.0144077901091954	0.016491710703038	0.0144591005099466
7	67	0.0185724277297125	0.0185724277297125	0.017643465067789	0.0177686014448204	0.017612318916719	0.0172275999329007	0.017643465067789	0.0176590587921593	0.0178000239705832	0.0175192099707448	0.0178000239705832	0.0167030703215302	0.0161802106254783	0.0157570188680777	0.0157848840511009	0.0156460491747065	0.0159249508757456	0.0154673877907886	0.0153178071799477	0.0146817101094499	0.0155633350724803	0.0178000239705832	0.0156184290780094
7	68	0.0200650132733491	0.0200650132733491	0.0190614852517817	0.0191966662746456	0.019027838998005	0.0186122381456906	0.0190614852517817	0.0190783306829038	0.0192306110597162	0.0189272561602939	0.0192306110597162	0.0180456024934619	0.0174807691530844	0.0170236035556341	0.0170537057908636	0.0169037250252395	0.0172050172827048	0.0167107202323812	0.0165491307340306	0.0158619637623601	0.0168143704416158	0.0192306110597162	0.0168738875275598
7	69	0.0217691009262796	0.0217691009262796	0.020675496032448	0.0208227958924822	0.0206388341679808	0.0201860088813646	0.020675496032448	0.0206938513791173	0.020859784537995	0.0205292381673926	0.020859784537995	0.0195686956094903	0.0189534340157917	0.0184555191288089	0.0184883026540538	0.0183249653166038	0.0186530958788872	0.0181147821916552	0.0179388189974988	0.017190615849967	0.018227656384652	0.020859784537995	0.0182924714217174
7	70	0.0237790139925838	0.0237790139925838	0.0225764791410764	0.0227384261453077	0.0225361729329415	0.0220383755494745	0.0225764791410764	0.0225966592701374	0.0227790940856719	0.0224156855514225	0.0227790940856719	0.0213598774935399	0.0206837801088996	0.0201367420848428	0.0201727568829208	0.0199933247245216	0.020353799373764	0.0197624468262673	0.0195691722552779	0.0187475067007548	0.0198864324251465	0.0227790940856719	0.0199576302700134
7	71	0.0264891106942453	0.0264891106942453	0.0251401899301938	0.025321821570022	0.0250949859537647	0.0245367472172838	0.0251401899301938	0.0251628224442239	0.0253674341488655	0.0249598611213052	0.0253674341488655	0.023776013204265	0.0230181427501874	0.022405070625631	0.0224454292170372	0.0222443606345687	0.0226483152747535	0.0219856618465317	0.0217691142145597	0.0208486808104014	0.0221245850941697	0.0253674341488655	0.0222043635797891
7	72	0.0297783896371531	0.0297783896371531	0.028260706451587	0.0284650579152319	0.0282098482241578	0.0275817897753113	0.028260706451587	0.0282861699387047	0.0285163762483804	0.0280578220329352	0.0285163762483804	0.0267259293648716	0.0258733138281063	0.0251836160597583	0.0252290184335279	0.0250028221609014	0.0254572610652982	0.0247117961619484	0.0244681908072505	0.0234327721699573	0.0248680790104692	0.0285163762483804	0.0249578268520259
7	73	0.0336998189366447	0.0336998189366447	0.0319969816715837	0.0322263094674099	0.031939905167505	0.0312349809202105	0.0319969816715837	0.03202555816056	0.032283897775018	0.0317692858106209	0.032283897775018	0.0302741470931554	0.0293166872046507	0.0285419762551296	0.0285929806715672	0.0283388667892526	0.0288493731864632	0.0280118920176548	0.0277381694882127	0.0265744708034067	0.0281874837716435	0.032283897775018	0.0282883156634469
7	74	0.0382794206840278	0.0382794206840278	0.0363802860556376	0.0366361575126584	0.0363165979050869	0.0355298404816735	0.0363802860556376	0.0364121720022196	0.0367004060725418	0.0361262016365314	0.0367004060725418	0.0344569313585083	0.0333871587273735	0.0325210966367613	0.0325781286446627	0.0322939652740498	0.0328647924459447	0.0319282551929588	0.0316220448284919	0.030319592842846	0.0321246583774867	0.0367004060725418	0.0322374307289639
7	75	0.043498830538981	0.043498830538981	0.0413970477372796	0.0416803898738986	0.0413265136773836	0.0404549120935815	0.0413970477372796	0.0414323598984177	0.0417515279122729	0.0411156317526622	0.0417515279122729	0.0392654655450881	0.0380785094364221	0.0371168345075001	0.0371801836941443	0.0368645152939393	0.0374985551419302	0.0364581497134106	0.0361178026455661	0.034669155946142	0.0366764021615374	0.0417515279122729	0.0368017039566121
7	76	0.0493807056838172	0.0493807056838172	0.0470738310791296	0.0473850493982947	0.0469963464062023	0.0460384817132175	0.0470738310791296	0.0471126213094155	0.0474631749407047	0.0467646567979768	0.0474631749407047	0.0447301802018284	0.043423275368362	0.0423634044892027	0.0424332506536802	0.0420851676253256	0.0427842126486985	0.0416369249304243	0.0412613736263669	0.0396615250375245	0.041877689879823	0.0474631749407047	0.0420158944139939
7	77	0.0557978632400962	0.0557978632400962	0.0532759240192838	0.0536163921177758	0.0531911453446078	0.0521427257455533	0.0532759240192838	0.053318364014834	0.0537018485717628	0.0529376179186717	0.0537018485717628	0.0507095636387399	0.0492765384672103	0.0481133346422865	0.0481900200514611	0.0478078113701911	0.0485752843730511	0.047315468435852	0.0469028329268461	0.0451435910646108	0.0475799427789473	0.0537018485717628	0.0477317341746898
7	78	0.0626610346701273	0.0626610346701273	0.0599093916376617	0.0602810875861561	0.0598168263125375	0.0586717560147766	0.0599093916376617	0.0599557280024888	0.0603743713461821	0.0595399875834191	0.0603743713461821	0.0571053889652786	0.0555378841457724	0.05426454847548	0.0543485217632988	0.0539299507828557	0.0547703414332573	0.0533906241772912	0.0529384857658804	0.0510095154632728	0.053680357149149	0.0603743713461821	0.0538466242243365
7	79	0.0699331594625678	0.0699331594625678	0.0669336589040742	0.0673390240838146	0.0668326994662746	0.0655834813098185	0.0669336589040742	0.0669841958006918	0.0674407483904455	0.0665307339279332	0.0674407483904455	0.063873705911772	0.0621615708956762	0.0607699020900827	0.0608617028881823	0.0604040814887492	0.061322791227929	0.0598143139005427	0.059319779665631	0.057208794775381	0.0601311619279588	0.0674407483904455	0.0603129709442524
7	80	0.0776258585778467	0.0776258585778467	0.0743576946296894	0.0747995264408543	0.0742476450693048	0.0728856903612376	0.0743576946296894	0.0744127805629102	0.0749103939975843	0.0739184726659212	0.0749103939975843	0.0710208220854818	0.0691524389561781	0.0676330554148976	0.067733300857146	0.067233555086614	0.0682367612287406	0.0665893938679182	0.0660491572303656	0.0637421239695331	0.0669354792231273	0.0749103939975843	0.0671340492692642
7	81	0.0857132240074347	0.0857132240074347	0.0821799605084314	0.0826578224115962	0.082060927317183	0.0805874793146412	0.0821799605084314	0.0822395418371029	0.0827777214269372	0.0817048612233931	0.0827777214269372	0.0785689924173059	0.0765455665351791	0.074899242150716	0.0750078869845822	0.0744662341987096	0.0755534796466094	0.0737679289297212	0.0731821723869513	0.0706795891349278	0.0741431218235851	0.0827777214269372	0.0743583739193656
7	82	0.0946600454986282	0.0946600454986282	0.090838714823001	0.0913557365690101	0.0907099172303408	0.0891152723121696	0.090838714823001	0.0909031821822434	0.0914854511504479	0.0903246191273516	0.0914854511504479	0.0869297545783905	0.0847376982986606	0.0829532688856765	0.0830710529346757	0.0824838003495213	0.0836624865298867	0.0817265740186035	0.0810912762360557	0.0783758123870217	0.0821334433789454	0.0914854511504479	0.0823668489490179
7	83	0.104801607670191	0.104801607670191	0.100662289541391	0.101222555749185	0.100522708203732	0.0987941855774691	0.100662289541391	0.100732152874561	0.101363108863851	0.100105124403525	0.101363108863851	0.0964240729912018	0.0940455492953247	0.0921083268264177	0.0922362243303521	0.0915985078182402	0.092878380678434	0.0907760634525885	0.0900859194745543	0.0871346697305614	0.0912179962535248	0.101363108863851	0.0914714945910714
7	84	0.116398454126251	0.116398454126251	0.111907802151386	0.112515874124789	0.111756298324753	0.109879717153337	0.111907802151386	0.111983631067832	0.112668407679876	0.111303016394507	0.112668407679876	0.107305323232051	0.104720286658285	0.102613724635862	0.102752834217876	0.102059167063227	0.103451216031044	0.101164395862264	0.100413411690627	0.0972004421729483	0.101645216557178	0.112668407679876	0.101920996586676
7	85	0.129525465005068	0.129525465005068	0.124651568190205	0.125311818213651	0.124487049958669	0.122448800480025	0.124651568190205	0.124733908821349	0.12547742643338	0.123994796929574	0.12547742643338	0.119651194538039	0.116840325127926	0.114548442496805	0.114699826172384	0.113944903158518	0.115459750803181	0.112970926548795	0.112153297986891	0.108653450513615	0.113494336422874	0.12547742643338	0.113794515849057
7	86	0.144157506842497	0.144157506842497	0.138883407425444	0.139598207707963	0.138705279974729	0.136497868751025	0.138883407425444	0.138972556915203	0.139777481870186	0.138172267214586	0.139777481870186	0.133466385274438	0.130418512206208	0.127931854100964	0.128096146152719	0.127276790350821	0.128920776631393	0.126219457992973	0.125331655665036	0.121529346786126	0.126787694670112	0.139777481870186	0.127113549178814
7	87	0.160076771139127	0.160076771139127	0.15438781422765	0.155159203842034	0.154195566795641	0.151812576422213	0.15438781422765	0.154484027808589	0.155352652714211	0.153620259654452	0.155352652714211	0.148538132377981	0.145243799702102	0.142554403631997	0.14273213713361	0.141845680051806	0.143624134082103	0.140701511391732	0.13974058027287	0.135622811072288	0.141316450616898	0.155352652714211	0.141669050387943
7	88	0.177120412250049	0.177120412250049	0.171009562970365	0.17183854563736	0.17080294292979	0.168241159047647	0.171009562970365	0.171112966702236	0.172046418444836	0.170184579477476	0.172046418444836	0.164719082629047	0.161173283721924	0.158276827635647	0.158468294855047	0.157513269341958	0.159429110824614	0.156280335545575	0.155244624790878	0.150803994708932	0.156943018927387	0.172046418444836	0.15732295601949
7	89	0.195318059665111	0.195318059665111	0.188783549340927	0.18967042119267	0.188562480087969	0.185820859377095	0.188783549340927	0.188894181140905	0.18989278938756	0.187900824375538	0.18989278938756	0.182049428490312	0.178250083852176	0.175144604073755	0.175349942308403	0.174325652872187	0.176380250186724	0.173003016387133	0.171891703524635	0.167124317646398	0.173713953429157	0.18989278938756	0.174121514100634
7	90	0.214816548092363	0.214816548092363	0.207854798453319	0.208800100052508	0.207619142510005	0.204695888475201	0.207854798453319	0.207972726710568	0.20903709642937	0.206913776522163	0.20903709642937	0.200672350004214	0.196616346892336	0.193299038808047	0.193518440866939	0.192423915230706	0.194619192269687	0.191010281542233	0.189822244536682	0.184722926199299	0.191770173560212	0.20903709642937	0.192205754093233
7	91	0.23589887308093	0.23589887308093	0.228507800845576	0.229511882163549	0.228257467629247	0.225151344804615	0.228507800845576	0.228633070388931	0.229763591114167	0.227508112238269	0.229763591114167	0.220873654076015	0.216558517095713	0.213027038365309	0.213260668152903	0.212095075856748	0.214432666092356	0.21058932475728	0.20932358026822	0.203887665595296	0.211398780615484	0.229763591114167	0.211862722990411
7	92	0.259060841673415	0.259060841673415	0.251242383007397	0.252305072417263	0.250977410762312	0.247688741434872	0.251242383007397	0.251374974016782	0.252571446356183	0.250184169562962	0.252571446356183	0.243156873723612	0.238582014282241	0.234835451034221	0.235083381222428	0.23384634231562	0.236326964021442	0.232247918249955	0.230903942340986	0.225128579159285	0.233107245707369	0.252571446356183	0.233599716767866
7	93	0.284271854422214	0.284271854422214	0.276027300610334	0.277148494921441	0.275747711461756	0.27227664931565	0.276027300610334	0.276167201473203	0.277429504367771	0.27491064205066	0.277429504367771	0.267490443285905	0.262655248008594	0.258692751184773	0.258955047780684	0.257646218924024	0.260270525417145	0.25595462609415	0.254531955954497	0.248414668280153	0.256864099037689	0.277429504367771	0.257385248046057
7	94	0.311175911619744	0.311175911619744	0.302512199544673	0.303691006287029	0.302218213500175	0.298567404324823	0.302512199544673	0.302659299791334	0.303986425006681	0.30133796845753	0.303986425006681	0.293530243174244	0.288437808081385	0.284261665826908	0.284538184444932	0.283158275995359	0.285924817569327	0.281374394788417	0.27987373756896	0.273417211710443	0.282333545196237	0.303986425006681	0.282883098393755
7	95	0.337127225338902	0.337127225338902	0.328198485985549	0.329414087690762	0.327895287114012	0.324128851462983	0.328198485985549	0.328350190541072	0.329718690969861	0.326987370085773	0.329718690969861	0.318928413436093	0.313666425737057	0.309347815867595	0.309633864226231	0.308206262587016	0.31106807847099	0.306360216180892	0.304806815936667	0.298118641266565	0.307352862965217	0.329718690969861	0.307921533086401
7	96	0.365722106168304	0.365722106168304	0.356608634811287	0.357850250981143	0.356298904475019	0.352449897967718	0.356608634811287	0.356763600932917	0.358161329901616	0.355371326618607	0.358161329901616	0.347131042207934	0.341743947223826	0.337318619227858	0.337611850018216	0.33614824069416	0.339081831983845	0.334255030254926	0.332661413627399	0.325794499369168	0.33527312247004	0.358161329901616	0.335856281113089
7	97	0.395501220093065	0.395501220093065	0.386288586554098	0.387544618399362	0.385975215171127	0.382079455991091	0.386288586554098	0.386445367641935	0.387859263973112	0.385036625507192	0.387859263973112	0.376691363418732	0.371228585084244	0.366736834974102	0.367034586810606	0.3655482411408	0.368526976069743	0.36362498670058	0.36200552313188	0.355021342285049	0.364659324476418	0.387859263973112	0.365251695082086
7	98	0.426236386804165	0.426236386804165	0.417019269837633	0.418276842356822	0.416705467927706	0.412802810342987	0.417019269837633	0.4171762593977	0.418591827597267	0.415765478279953	0.418591827597267	0.407400417548572	0.401917422050468	0.397404670990406	0.397703938349173	0.396209851811751	0.399203659008439	0.394275927527322	0.392646904847249	0.385615417367661	0.39531609545935	0.418591827597267	0.395911708734865
7	99	0.457635933734234	0.457635933734234	0.448511770017803	0.449757588687024	0.448200854925974	0.444332553470232	0.448511770017803	0.448667308434565	0.450069583678668	0.447269402239007	0.450069583678668	0.438972955742086	0.433527664075588	0.429041554928416	0.429339179292544	0.427853119218944	0.430830400891077	0.425928928230942	0.424307527286673	0.417302825008704	0.426963953272151	0.450069583678668	0.427556525013967
7	100	0.523239749933939	0.523239749933939	0.514966793313974	0.516098442778152	0.514684268874525	0.511165764075453	0.514966793313974	0.515108113685436	0.516381743496796	0.513837625218473	0.516381743496796	0.506280230097804	0.50130381935963	0.497194196448599	0.497467120103243	0.496103998340318	0.498833987252109	0.494337522526754	0.492847725930087	0.486397849374902	0.495287918797309	0.516381743496796	0.495831822530422
