country_code	reg_code	name	age	2000	2001	2002	2003	2004	2005	2006	2007	2008	2009	2010	2011	2012	2013	2014	2015	2016	2017	2018	2019	2020	2021	2022
188	1	San José	0	13562.5257813762	14164.2060479963	12986.581193312	13112.3394023936	12901.9170458222	12578.4995476692	12470.1141963205	12511.8949218281	12447.0489872757	11910.6612229419	11513.6011564783	11899.111158788	11435.0907846824	11172.2527233055	11169.2614506059	10998.0221006938	10615.5566341237	10042.3564166021	9657.68834651709	8708.48747614202	7905.89634403098	7508.57739026873	7484.46405483958
188	1	San José	1	13320.3039769636	13563.561410498	14163.8051190855	12987.2857174971	13113.1105157416	12902.3298814506	12581.3706394897	12469.2298535202	12512.5434684042	12449.0424321912	11908.4357045888	11511.094574799	11897.057320864	11432.7325825747	11170.1782459638	11165.8098924492	10994.7533152465	10613.5289547243	10038.9599941657	9654.02377863087	8704.63125230778	7904.17574202969	7505.90260536209
188	1	San José	2	13500.0411191702	13325.3094675873	13566.4591748208	14164.2604832601	12991.6568428423	13117.4232720356	12905.0700110448	12582.3830268176	12468.1832911629	12515.5254727923	12449.7272679612	11909.0168146791	11511.5669620904	11896.1577156571	11431.9660355956	11168.8373053622	11164.8685876145	10994.0406935862	10612.8634844411	10037.4278269278	9653.83175679362	8703.23446019227	7901.84372835208
188	1	San José	3	13629.1823276469	13503.2623943998	13326.9928359005	13569.6968983773	14168.5821515008	12995.1251037754	13119.9815891361	12907.7781704638	12581.9781051056	12471.5918244493	12515.1419061057	12450.4798940578	11908.5498150142	11511.1143038577	11893.5267500654	11431.6115973796	11170.7472114101	11166.0292298456	10994.376493737	10611.6168276595	10036.8635583893	9651.77341774867	8703.8861414003
188	1	San José	4	13302.8669220289	13634.338391515	13505.0290008936	13329.8966567298	13571.4110686415	14168.8049254055	12999.3408461319	13120.9928640332	12908.7720254433	12584.6936028829	12472.118413734	12516.9104339861	12450.2682904975	11907.0471863073	11508.9204614891	11893.7422325136	11432.2577074617	11168.7819895011	11165.2109115873	10994.4969139365	10610.2980681623	10038.927279351	9652.69555286851
188	1	San José	5	14084.2060642988	13249.7589642443	13574.7312931623	13448.7623638942	13273.8218452442	13515.673591874	14115.7703777072	12944.9733590392	13066.864352075	12854.5583542195	12530.9505240843	12418.4465568392	12460.699078532	12390.5858414245	11851.8546670772	11454.5069010224	11836.5291681359	11373.601516822	11112.5446803487	11105.6602302048	10934.8270855276	10552.6928738015	9979.9341981135
188	1	San José	6	13672.9227910763	14004.9622866861	13172.136249474	13496.7223795807	13366.4563958901	13191.3141024036	13436.21771489	14037.1150918374	12873.4155938166	12991.2611901808	12780.5062551557	12454.9482733383	12341.4951909614	12383.2474461163	12310.8826616615	11775.1522966361	11378.0534695708	11754.5741686302	11295.3942534556	11031.7836935226	11024.4980183157	10852.0991756426	10469.4053259339
188	1	San José	7	14074.3291343603	13588.0328163848	13915.3871110018	13085.9238723002	13405.0671731786	13275.8493303484	13096.6077466071	13346.9616366568	13951.6603150152	12790.9122435864	12906.8091287971	12693.4547531129	12371.0468906144	12254.5936732982	12293.0948401161	12223.7296582281	11688.9988651844	11292.1494064014	11665.1689204748	11205.0363293492	10943.1207594539	10934.0722975104	10760.1195325892
188	1	San José	8	13944.3278196713	14005.7432828349	13520.861058043	13843.4249604483	13020.0185742049	13333.9595015486	13204.1447808369	13025.5519905569	13279.0058932857	13884.8569819173	12725.6594140471	12841.3079240561	12626.853370389	12304.0454367974	12187.5905490584	12226.5911789558	12153.4764031095	11620.7448020151	11226.1449061964	11595.6135244736	11137.2767624513	10875.4498727194	10862.8807972357
188	1	San José	9	14000.141281149	13868.8400626835	13928.1720799448	13444.6032775633	13763.9680143364	12941.8610147054	13255.7042775628	13122.7889985984	12942.7459529642	13201.1530852599	13807.4034778101	12655.7079001027	12766.9564857249	12553.1523755823	12230.2926197998	12113.0860904739	12150.8376187766	12077.4725162733	11546.9906665291	11151.5896800906	11516.5032634772	11059.7576390442	10797.7623248518
188	1	San José	10	14600.766418047	13934.3048051408	13801.164967934	13859.5647554809	13376.2957405084	13692.4601745107	12873.2549635357	13184.7477291494	13052.3828722523	12870.6427910699	13132.1000126371	13738.2012922124	12591.8559018241	12701.6047001636	12488.0500175951	12164.538747642	12047.5827185293	12082.3340846067	12010.2176513492	11479.7852705279	11087.5781903813	11447.8323767427	10993.0938056193
188	1	San José	11	14579.1566673398	14522.9327922288	13858.390510476	13722.7042918005	13780.9080717213	13297.8368309271	13610.904449444	12795.5977445678	13101.1392867303	12968.4782492773	12788.0404489226	13051.0976683032	13658.6491709423	12517.5529174043	12625.1511539289	12410.5956521421	12087.5850111297	11970.3792588583	12004.6270313682	11929.3583182232	11402.4741278678	11011.3496117087	11368.8527336893
188	1	San José	12	14219.7539788222	14507.4739782458	14451.3665921017	13786.2806233512	13650.797720126	13705.5494015463	13222.1808012335	13533.6457151817	12724.7883635612	13026.0337676823	12891.2245762219	12709.3885725282	12975.8960176811	13586.6966839257	12449.6994303989	12554.3961089179	12340.839659003	12017.3313006266	11898.8719274525	11930.2639060843	11853.8413228851	11329.132597434	10937.290325602
188	1	San José	13	14834.4557205478	14164.1086079886	14447.7440389056	14393.057046295	13728.3210715069	13590.790048496	13644.9930887019	13163.8219189739	13469.6338405953	12662.8820968406	12964.629383604	12827.0715721362	12645.4364754092	12915.6934926979	13526.0927934332	12393.2948539485	12495.2399275442	12280.9330724991	11961.6738826691	11839.2093367831	11867.4873719296	11793.3431950531	11269.4094779024
188	1	San José	14	14774.859073403	14774.9989329472	14106.928271369	14387.4303524207	14330.2445855822	13668.5099360587	13532.8323859107	13584.3843282513	13101.1082839272	13404.9753308569	12600.476832791	12898.1255372272	12760.7679136946	12578.6324711559	12852.9883954502	13466.337912854	12336.1399188083	12435.3310412024	12222.7749065911	11901.3603926661	11777.129810588	11806.2793329207	11729.9082183002
188	1	San José	15	14535.0363750791	14728.0484748777	14725.765499027	14056.8628223322	14336.5677337761	14276.529002916	13618.7990522267	13481.2704992507	13529.124008657	13048.1985984474	13347.7700473547	12545.672433156	12840.2713429893	12701.6630802936	12520.8757081426	12799.1833751738	13413.6340119099	12286.4316086296	12386.1220222801	12171.5059005481	11844.1803318566	11722.6623163136	11750.1081895926
188	1	San José	16	13607.8522261227	14491.0675302218	14680.3084490768	14677.6471515614	14011.2485429438	14287.9021662552	14228.9170962383	13569.2352062803	13433.3087462482	13481.3156815833	12999.143951833	13293.8655660333	12495.618702261	12788.5665475549	12649.0551475406	12466.3685749883	12749.7787331929	13362.9761288963	12240.7702963289	12336.5062488522	12116.324367298	11793.7990041573	11670.8957203037
188	1	San José	17	13519.3580573744	13594.7282973647	14471.8267907968	14660.1390272457	14653.7796882248	13989.232440545	14264.2409340519	14204.0021357456	13546.7201986173	13407.8517661195	13453.4093479368	12970.0399751597	13265.2115576992	12467.7136009619	12760.6089775674	12620.5458083769	12438.6105134571	12725.76933768	13338.2108912377	12214.7094793983	12306.8303807147	12086.039543103	11764.4606699083
188	1	San José	18	13642.3083128589	13538.880950178	13610.5312861011	14487.9106087127	14671.8247478573	14666.8623478748	14002.3197496356	14277.4735179041	14216.5856338824	13558.6619685472	13420.2455831936	13463.7553878016	12981.8357399246	13278.0058317307	12480.7048242192	12772.400249565	12634.9360668241	12452.2477874428	12737.6512688205	13348.6416155862	12224.0803283336	12315.147106971	12092.8774944113
188	1	San José	19	13607.303092706	13674.7204373887	13565.6771888614	13642.3141360239	14521.1977862899	14705.3076878335	14698.5000705574	14033.4014363711	14307.8044665383	14246.5750980553	13588.4058050738	13449.3411184102	13495.0514541568	13011.1293125008	13309.2460407225	12511.9954632244	12805.6420355035	12666.6719773082	12485.7286924655	12765.1256978343	13373.9041263365	12249.8031659176	12341.9726061469
188	1	San José	20	13172.6023548751	13654.7687159191	13718.6717560725	13608.1575404099	13683.4481754996	14566.0296565105	14750.3435167419	14741.6312871126	14073.8329126565	14349.7935768427	14287.6163663537	13630.3007704941	13491.6866972713	13536.6449374337	13053.4193882323	13353.8344955494	12557.3881308286	12852.5289294875	12711.9535067051	12528.7029515839	12802.582702956	13415.1951755048	12290.1681891647
188	1	San José	21	13125.0949797159	13218.7857357249	13696.7798819565	13757.1018837757	13647.042545266	13723.0282728911	14603.4643098637	14787.6243587374	14779.2625299684	14109.5722284291	14386.5850140894	14322.5602123518	13665.8959753116	13527.2800528558	13573.4350131651	13091.6575607614	13394.225542639	12597.3759064784	12893.1581840183	12747.4765516274	12562.662948746	12837.7002505578	13451.131936991
188	1	San José	22	12502.1410807028	13167.6827959732	13258.2515881807	13733.4630172361	13794.8394357903	13683.2714865461	13756.3627520586	14639.2954216654	14822.4057183079	14814.9522566774	14144.4644143789	14419.9788316478	14358.9049442853	13702.8390375448	13565.2705690899	13610.8717058086	13131.0474092232	13432.5622801183	12634.8518785377	12925.924933606	12781.4777040712	12598.0701895776	12873.9494641764
188	1	San José	23	11859.4183855122	12499.7773037392	13162.3951538489	13252.6863098029	13728.8521714207	13787.0717136129	13673.5048999158	13746.9949784067	14624.7232274847	14810.4953708168	14802.5448169787	14132.5595018267	14407.9739859271	14344.5484146224	13689.5288060339	13552.7566505721	13598.4072530544	13118.9328850352	13420.8354024644	12618.8148110392	12906.0135271115	12761.5688922392	12581.2476649571
188	1	San José	24	11086.4063349696	11848.793504023	12488.5864870768	13147.8276037172	13238.8236784311	13713.3378979162	13771.9093718672	13657.64030485	13725.8222237443	14601.8080971572	14789.1878752104	14778.8898227401	14112.8052665916	14384.9664364307	14322.9869356346	13669.016721	13530.7904939935	13577.639907536	13098.2047216085	13393.6500837766	12590.1511066029	12879.3360176246	12739.1785817867
188	1	San José	25	10979.5611886662	11052.6248003692	11812.2495128225	12449.1208673809	13106.5631078231	13198.257377546	13671.2756643433	13731.8462226635	13616.6740923392	13681.3556380072	14554.7997774874	14742.8325634995	14736.1845956708	14068.3473473843	14341.703580412	14278.5230447551	13628.10373623	13484.8186506336	13532.2132029855	13047.5595850365	13341.8922320181	12541.0356672135	12829.6542068974
188	1	San José	26	10791.2820523015	10921.1461547335	10989.7848592005	11745.4851409262	12379.9078946909	13033.0461038645	13125.94231405	13595.2580478215	13658.1314204687	13539.9616502304	13604.5974313778	14473.3940345456	14660.9771168342	14652.8261406672	13992.1844543501	14259.3367297612	14196.6092021223	13549.3814855333	13405.2390593455	13445.517386832	12960.846171487	13252.3333900269	12456.7414043539
188	1	San José	27	10552.3428086595	10721.976537677	10851.2124044686	10923.5218498016	11674.3703495606	12306.6408755871	12954.5825642951	13045.9739484087	13512.7380858296	13575.8210330419	13458.6030303443	13524.3416682655	14388.9383609794	14575.367539758	14566.3138806253	13909.0683545576	14173.6702800233	14110.7872569282	13463.602605171	13317.903061076	13349.4938998513	12868.4770227257	13159.8430795744
188	1	San José	28	10380.4248590092	10435.2758692645	10605.2435782737	10738.9961580979	10813.0551607945	11557.8523319117	12185.726835729	12830.366210317	12920.0540143782	13384.3762258609	13446.2628810952	13332.8971203974	13400.0359873942	14257.5298037366	14440.5025589633	14435.6494004155	13779.20205735	14040.3970184913	13976.4117641015	13328.9152228101	13176.7351358863	13208.1168161167	12731.775449963
188	1	San José	29	10468.504400451	10316.0496652786	10368.8862407431	10532.7218231771	10667.82950221	10745.3367506889	11486.4384224948	12111.4095675786	12752.4495029856	12838.4410129327	13302.2683935831	13363.7571133464	13252.2910969386	13319.6791130472	14169.862824014	14355.3857330472	14348.2325028001	13699.1288976523	13955.4665741888	13886.4721232438	13235.8440899336	13087.1985968863	13117.3468626108
188	1	San José	30	10033.2384283054	10372.819054926	10218.4045594773	10268.5663628961	10433.4024494717	10570.4098238625	10651.9727752591	11387.8704837901	12009.4902219912	12646.6888929583	12732.7820004675	13192.2122881913	13256.1004069487	13146.6334831697	13215.9661940929	14058.6924577072	14242.917296039	14236.3613722798	13589.6487315172	13840.1757893174	13765.7461788372	13121.0456937122	12971.2648099555
188	1	San José	31	10519.3195009849	9959.63816733009	10290.6665626851	10139.1867267639	10186.6979800258	10352.0806316131	10491.5936937763	10574.7018059655	11307.7977339968	11927.8293722313	12557.2295438217	12646.7755657019	13102.2553548927	13168.4912884564	13063.122178164	13131.2484310556	13968.1745615999	14151.746118355	14148.0829987251	13502.2558081879	13744.5466933864	13669.7096398371	13028.4921447459
188	1	San José	32	10775.8272088518	10430.9148046022	9870.12312771449	10197.5439598435	10045.7700836033	10092.8259939714	10255.9637180875	10396.7204692017	10482.7794111858	11209.7314393891	11826.8203427635	12456.1729017097	12544.0185116477	12999.0955349452	13065.7760929582	12965.1072759594	13031.6817335761	13862.9493604033	14046.1652968309	14037.3361133426	13391.7192838168	13631.8252213508	13561.5758529064
188	1	San José	33	10738.6944702945	10693.1307668046	10343.9020677283	9785.59655207853	10107.8261220696	9955.19874455726	10003.3589277362	10167.2429229795	10309.0470519501	10395.8138414473	11120.0700470964	11734.8131675638	12361.1159296499	12450.3084747084	12901.5780962122	12970.70779006	12871.9900256776	12937.9030652016	13763.8130805958	13945.8167328202	13931.8886338766	13290.2306645776	13530.4801721098
188	1	San José	34	10930.2732467489	10665.293272595	10614.3774800049	10263.2255480537	9709.82575958952	10026.0547830235	9874.1310905444	9921.63822824888	10086.920733668	10229.6844215054	10315.8523725693	11036.5121552656	11651.9059517569	12275.4566321325	12362.0889445089	12812.8065788832	12885.7905873839	12788.6610319721	12853.8071420976	13675.362717918	13848.7173305428	13836.8971266111	13201.2895677437
188	1	San José	35	10642.4740952501	10857.8052441437	10596.8935613101	10543.9023760139	10194.1541187751	9641.19907176562	9954.63469041109	9801.65907613672	9850.31597814537	10015.7566820782	10159.9249398757	10248.5949321398	10966.4038656301	11579.0463608882	12199.0356989818	12288.1131330272	12739.6875317537	12814.6667496888	12715.5160299219	12779.9464971037	13594.6096014206	13768.0703204189	13757.5645295025
188	1	San José	36	10692.6757102075	10588.4911771947	10802.7521964512	10543.2225448111	10485.8822407064	10137.1759384483	9583.27623671913	9894.25862648886	9744.53318839769	9790.24958653409	9956.54559000171	10101.96778021	10189.1366981116	10907.9432290484	11520.6767899669	12135.1077309601	12225.5414073842	12677.8637213939	12753.979480788	12649.7971958157	12712.7262257843	13526.9559938985	13705.1252711779
188	1	San José	37	10606.2181383385	10621.5297741607	10518.1271712451	10729.6296495708	10472.2049897814	10413.3076772483	10063.6045191557	9512.39789132753	9819.07948408929	9667.86294428745	9715.33577795875	9881.48701824853	10030.160528475	10120.8251309958	10837.125079586	11445.8001344955	12060.6847590837	12151.6113283445	12605.0791971423	12676.7596522376	12570.6560273729	12637.0063225632	13449.359563365
188	1	San José	38	10443.8254076903	10559.2045551339	10569.0539381577	10468.4020700291	10679.8588112352	10421.7320158113	10360.2372155808	10011.1794309153	9459.81784317092	9763.35904018205	9609.5975799481	9658.67586753547	9828.07894597304	9978.24936988944	10070.005393505	10784.0516851111	11391.3255875222	12003.8004877052	12097.9672288359	12550.3631607497	12613.6633252154	12511.105995028	12585.5691781364
188	1	San José	39	10461.4022558732	10385.0070768368	10498.8884855497	10507.6762210946	10405.1242651897	10613.3309824452	10356.3596818458	10292.7579389614	9944.14879431553	9395.39816406855	9695.14614925805	9541.43657854219	9590.26768180949	9762.41796555988	9913.32926963317	10009.1845833723	10719.22828916	11324.744077989	11935.1977710178	12030.347715148	12471.3640292524	12541.284744357	12441.6220166269
188	1	San José	40	9527.81155304558	10394.3477612528	10319.0910035552	10433.0094004391	10437.596493159	10332.9389223361	10543.9082786322	10284.827400826	10220.6216757053	9870.47578211521	9326.93538496003	9622.63565613275	9469.27722968824	9521.60571952949	9692.25098954348	9846.25686174869	9943.6123957624	10651.3973359615	11254.3944396549	11860.3192141381	11952.393828283	12396.0632542434	12470.9047183631
188	1	San José	41	9954.62719749847	9486.88166293223	10348.7609595981	10275.0564684552	10386.3782945037	10391.8585729016	10287.8130617048	10496.4289234478	10236.4891157184	10168.8476190318	9821.85987325108	9281.77520103801	9573.62408940431	9422.36332912775	9474.93625226553	9648.5781072912	9801.02898606046	9898.87401405091	10608.0500775575	11206.4642540036	11806.8015396218	11903.6357870882	12346.8968702041
188	1	San José	42	9299.14581156112	9900.44446519858	9432.87382025708	10290.1670576757	10221.1217251685	10332.5415561324	10334.2791426523	10232.9803013718	10439.5917775269	10180.715829521	10111.6316360323	9764.19839926914	9226.11428355636	9515.10906591846	9366.54026010586	9418.60888669418	9590.74725993024	9744.63589051764	9847.1212788513	10551.2136962845	11145.2433998817	11746.4868708698	11847.612284616
188	1	San José	43	8920.72825932395	9263.97385553848	9860.64368892099	9394.57793193755	10248.2777447766	10181.0817926758	10291.1109065833	10294.1898862826	10189.6405451563	10393.6654778355	10137.8504664066	10064.4693032212	9721.03695329623	9186.45054822848	9472.2836166954	9323.16045569668	9376.88000498859	9548.60204088272	9705.98122665874	9805.48098538164	10504.5454029101	11097.6885382709	11702.5119871051
188	1	San José	44	8938.55716282045	8885.12487917988	9229.2227629163	9826.1481978809	9361.33595979481	10210.8801967192	10145.1505553491	10254.7694643648	10256.344125305	10151.8097138223	10357.4980715651	10098.8875069199	10028.6561268679	9685.32054026596	9153.47398478886	9436.75200934431	9287.22912912985	9341.58676526238	9513.5406885044	9671.04518517653	9768.10841509151	10468.5372878389	11062.1944873818
188	1	San José	45	8607.80260517739	8897.39714557213	8844.14869550551	9189.37800769864	9782.80977139629	9316.08240080598	10168.0945411144	10104.5613422232	10210.020476688	10212.2640073791	10108.4893260669	10313.9843183975	10054.5234617239	9984.0371120685	9643.89198901696	9113.03838741392	9397.67007046819	9248.88377340588	9300.21861930069	9472.79883644541	9630.49206765032	9727.68389548076	10429.6110227817
188	1	San José	46	8030.36662597477	8573.70655865163	8860.57858004971	8810.04973809809	9153.03990980481	9742.55951865931	9279.2886905	10130.0020799702	10065.0632882649	10169.5369171995	10174.2941641485	10068.4246323839	10269.5686079694	10016.8537579826	9944.20624355392	9607.40648477342	9077.303617494	9361.27462041695	9211.36599216325	9261.01206304269	9437.04817634508	9595.87770225171	9695.35703551253
188	1	San José	47	7681.56745112616	7986.54676116994	8529.39878951661	8813.3734900167	8765.45588870576	9106.89131776641	9694.61661406115	9236.28927106135	10084.6009208967	10014.2748033297	10123.5152374412	10125.8285749276	10020.4587001238	10220.0948106754	9971.3194172642	9900.41836886927	9562.11715399449	9034.75652577385	9319.80741402131	9166.45285063626	9216.1127991138	9395.70571834438	9557.36269950483
188	1	San José	48	7249.52728781476	7645.52760297735	7946.6131873587	8488.04091575249	8772.52768440891	8726.8008932793	9066.79732430965	9652.96340699159	9195.73421296133	10040.9120992252	9973.69974828224	10081.8487976603	10084.3119428825	9978.93518366768	10177.9066609078	9931.22664016924	9861.57948596789	9521.50804159257	9001.63930086596	9280.44531679499	9122.66754181711	9177.12847716673	9359.403762641
188	1	San José	49	6777.74772330496	7202.62825660961	7596.08473726425	7901.25537510608	8439.29066534472	8725.72281625824	8676.80330793613	9015.58578372596	9602.85618723309	9147.74414134843	9988.03578985502	9922.98249828238	10029.8805413803	10035.588706838	9931.30006560133	10129.26134894	9884.33714714651	9810.91935522378	9476.82938080779	8959.7256247245	9232.22008140703	9076.05412496784	9136.66209312738
188	1	San José	50	6469.28289186937	6726.34074200215	7148.44881376497	7540.82522674635	7846.95894543601	8383.43134997607	8668.4287361048	8620.19468405494	8957.4203598471	9542.66681768596	9089.66588608508	9931.61715620734	9865.56245377871	9972.45404050433	9981.50257079996	9877.7053342529	10073.9179073675	9830.97994707392	9756.78317141749	9422.05350364424	8903.1415446183	9176.8730992564	9028.54031204312
188	1	San José	51	6249.01322870085	6423.88637460241	6680.50257010211	7100.54230249819	7491.62683319625	7794.54565714589	8331.33642116263	8616.87515447552	8570.47977808901	8904.57876441433	9486.48584469873	9039.04510818492	9873.4950651229	9808.68361903175	9919.91121548393	9932.95669133296	9824.65715767625	10021.1012844468	9782.13577647273	9707.79987983376	9368.99247069402	8855.94036702529	9128.27292828628
188	1	San José	52	5959.79321852954	6209.11641519943	6384.63922344776	6640.20059679304	7054.78424501869	7442.65754912004	7745.39358909646	8285.48222135572	8570.21414753614	8519.18570557686	8850.84775252194	9431.76229849883	8989.82303394656	9823.66524765637	9759.43594477654	9873.66031864419	9884.4558459563	9777.38525708246	9974.04687718983	9736.0449458275	9655.87823883789	9319.94127483154	8817.99493484367
188	1	San José	53	5587.54346214943	5953.07642168411	6194.73164954989	6365.27612353955	6616.79535648885	7025.01024854363	7411.55123618598	7718.58509615709	8254.86737131263	8532.8197497488	8482.50550197036	8811.92508532173	9389.83811536448	8952.89292312868	9784.71436771798	9721.22883007256	9837.80736917117	9850.08150403374	9742.97897069341	9937.99207178371	9693.85117539504	9608.2222740278	9281.09031748003
188	1	San José	54	5089.7674771082	5320.16174985375	5721.48435052988	5990.06769634641	6174.66880220745	6429.97400411206	6840.35530682661	7229.28710900543	7542.26344257133	8086.01576512495	8378.2857989516	8341.88200074816	8674.05183617838	9249.45676772139	8820.73834148131	9646.15176417707	9589.92201535966	9699.32663690615	9712.32358566503	9603.41172418746	9813.15498750492	9597.58028909384	9505.00867307357
188	1	San José	55	5097.60392534033	5041.23227413275	5271.15991228076	5669.36966150395	5934.2556805894	6118.14823926004	6370.76908466345	6783.53909855074	7167.26252781124	7472.45714487967	8016.12757607001	8305.7080439249	8277.30796475644	8609.22037420907	9183.10019455845	8758.97264427923	9583.74170624703	9525.99004876261	9636.35332628762	9649.80468545914	9532.96162159629	9742.06590798267	9537.98190285698
188	1	San José	56	4672.62519852132	5043.98127761855	4992.92892837687	5220.742324826	5616.26145375731	5877.78031888727	6065.24307961283	6314.39475238035	6722.31082379821	7102.10855300881	7407.36929127114	7946.04971918638	8233.02822822148	8213.37414346292	8545.26351601777	9116.88118689052	8698.85761331686	9522.60352564067	9466.55834960557	9572.96065376261	9583.74277419059	9477.86511548273	9674.68690084077
188	1	San José	57	4528.10480590107	4630.8108131386	5003.7047462728	4949.95986095193	5178.43241048882	5567.73569508247	5829.67176301543	6015.76296509124	6258.2013812114	6667.05436057402	7045.52100206653	7351.59359981466	7882.51765415233	8176.24052908789	8162.5663302355	8490.04135941211	9058.66016278911	8644.85645586407	9470.07065827737	9407.54125010811	9513.1121068269	9529.70013785442	9453.86018522393
188	1	San José	58	4140.5549496064	4496.01043587624	4595.59372816965	4964.5314766581	4912.193341821	5138.95928528297	5526.02256822304	5787.74275390728	5965.21161836242	6205.73785219731	6615.51416849318	6995.64390679167	7298.61445244008	7826.52663885452	8125.47961012833	8113.14459562471	8433.46496638235	9004.5568695102	8593.70075978115	9418.70844509488	9346.04933316364	9448.0427115155	9465.19031110182
188	1	San José	59	3960.08500440811	4100.87695376336	4452.1125600055	4549.21966677118	4917.31718375945	4862.4662072898	5091.29879189254	5473.24652819412	5732.25234804642	5904.89319237615	6144.74625384808	6551.53352777582	6935.81743839856	7235.02416490349	7764.91213664477	8060.852383777	8049.11696826292	8372.91398044824	8940.44454044468	8532.7173476388	9350.0916820827	9279.15675015483	9386.85303697442
188	1	San José	60	3769.81461640837	3919.31891532551	4063.92082335411	4408.03191274067	4506.80509112836	4867.63851128942	4818.70469026137	5043.41791911862	5424.66442007614	5677.23974369854	5848.05005771549	6086.81551954283	6491.35349754551	6879.62994459602	7175.30324023202	7704.52930068684	7999.97179664388	7990.96196632313	8315.70955763555	8876.34187757912	8466.33765055788	9280.7633630561	9221.85798097737
188	1	San José	61	3811.99883788398	3732.42028164271	3883.13261386365	4025.24113575702	4366.50892635576	4465.17302605059	4824.41959335031	4774.12014253263	4998.22481420983	5375.65802538091	5622.5448466455	5793.51850955882	6030.53414982177	6437.81233080759	6822.30533672332	7115.71364945256	7644.79436692003	7945.2142911978	7939.40111464613	8252.99379901683	8806.58420198406	8399.93113489361	9224.13416444389
188	1	San José	62	3924.44756344918	3767.41338193672	3690.95451535759	3839.75065451263	3976.86445344686	4319.02019270906	4414.85376053244	4772.98533248335	4721.57469358945	4945.86356814929	5318.61447991352	5564.76369764754	5733.48475290554	5970.48900428371	6377.98650137813	6754.95981037739	7051.87547246861	7584.17912745829	7880.53999444254	7872.06727424619	8173.34609250261	8728.76943443474	8340.23079295336
188	1	San José	63	3578.09283646177	3882.62595173857	3726.48903367642	3648.80682716313	3798.92358503776	3932.76945431715	4274.5028647095	4368.81526804261	4725.84237225078	4672.11027996349	4896.32058665926	5264.98349428831	5508.73043802938	5678.9382036042	5911.1590585628	6315.39099686324	6693.36914311453	6990.74956831971	7524.99888412439	7813.69093555492	7799.41483144215	8098.02421132544	8661.68273444909
188	1	San José	64	3415.13369774349	3542.14678198928	3840.49159795239	3686.63249341185	3611.72604903567	3757.3760085043	3889.49263517873	4233.61526933645	4321.56301555676	4676.67413471915	4621.96454184442	4845.33676758603	5211.84998585406	5454.8334551709	5626.26170787317	5853.21191263412	6258.19880210908	6635.14260813196	6930.95568228226	7461.15162390384	7740.53950581738	7729.0809103266	8035.99284503938
188	1	San José	65	3217.83771304898	3357.95779636355	3480.24114807557	3778.78335664746	3628.09796584795	3554.9281770307	3694.39352951969	3828.49904806027	4167.61063998566	4254.39141633388	4601.67348622452	4552.73013643669	4774.60072790998	5139.10080933036	5386.30429421033	5556.71429857412	5781.41673211787	6187.87851597807	6555.73531404079	6851.00047302706	7367.70277189153	7651.93913644493	7651.2145672876
188	1	San José	66	3023.36461017954	3166.43961862479	3305.18104788931	3428.17563271789	3722.23651097332	3572.84470414524	3500.69552386041	3637.29361141732	3768.89128076373	4107.83869256549	4188.88949528892	4540.33816974501	4491.89654660516	4710.00144914712	5072.71956060937	5314.6512753047	5486.06120905703	5714.98945214602	6115.87598775664	6474.25735183887	6764.2816617176	7281.29600620116	7576.32476960949
188	1	San José	67	3111.68078703114	2986.27267086963	3124.21167831226	3260.61699862635	3379.92114556833	3666.9654603987	3524.50987405009	3453.59575375535	3585.83086183043	3715.86485876884	4049.48819724149	4132.55270984275	4482.90320166155	4433.19651718606	4654.77202166593	5009.96713103397	5246.64137048985	5421.26351621881	5650.38931635729	6046.29530262586	6395.30448571643	6679.80873932795	7210.60259122346
188	1	San José	68	3024.33390338662	3074.35840034139	2946.81084235469	3082.69268271181	3214.86491603272	3330.04247942895	3615.37079079332	3478.54889697225	3409.38003886037	3534.20063873329	3663.01267396277	3995.39982806609	4079.86589062336	4427.95086339829	4378.96182588759	4600.0179448695	4946.71116286744	5182.83792564977	5363.14844594404	5587.56786924202	5970.58661190674	6317.35120296351	6606.70525186216
188	1	San José	69	3021.78022867156	2975.14510731265	3027.4319571197	2899.28867684407	3030.83418637539	3165.49466551675	3272.8402562033	3558.39992958572	3420.87155065873	3351.24416544725	3475.84496804763	3606.92484977663	3936.46090218671	4020.16417617669	4364.2118188908	4315.45364120126	4533.51061583137	4876.40917585617	5112.71479453103	5292.06560202959	5504.84333665745	5886.56084825068	6240.53131095818
188	1	San José	70	2802.41270476334	2963.33815168373	2919.68309299598	2972.55116338425	2845.42874133211	2978.85936136565	3109.54522846969	3214.41752219706	3491.21466850429	3355.13022672662	3291.13528964566	3417.00608595505	3545.73562230697	3871.25643325169	3956.92437651192	4298.70209172933	4243.93874392717	4466.20983581684	4803.78849270692	5038.1250458826	5210.06608297124	5412.69827168222	5805.15795569598
188	1	San José	71	2766.35534394122	2751.44843473125	2915.01128725055	2868.5434892763	2922.83995429305	2797.1979356816	2930.7090541825	3056.86369990186	3158.13058453953	3427.46908113684	3295.01688903636	3234.79237299646	3362.56674503491	3486.52653781543	3814.76637077249	3893.40605814149	4231.43789759987	4179.88553009082	4403.58349026595	4734.95309575902	4959.89297253309	5127.17360266892	5329.34973497542
188	1	San José	72	2743.37903968001	2709.77427700697	2699.36084375344	2854.0099751178	2814.82812579386	2868.6587971058	2744.29684505905	2872.92180488576	2996.21668581795	3094.13210348514	3357.60100569422	3229.92149312014	3171.59537484159	3298.35358035678	3421.02607354958	3751.2484249276	3821.88502709942	4160.6204029006	4111.76059388902	4334.99886801024	4650.96768331992	4873.44667401834	5047.96735261819
188	1	San José	73	2467.40237047663	2686.06287218908	2656.83970239495	2635.84214937295	2792.32722726468	2761.89653071398	2812.90602984702	2688.91041431399	2813.0163812133	2932.86700621887	3027.91339237985	3286.00153225187	3157.21892023944	3106.13107301924	3227.34246258519	3356.25604827225	3677.97484409959	3749.81250555922	4090.48477276267	4042.82434286165	4253.89993972878	4556.7235000084	4791.03647156049
188	1	San José	74	2252.47470810772	2408.69622829422	2623.61900197785	2585.37243202331	2562.64122242781	2730.53175565308	2700.03644844888	2749.51478341246	2624.90707328489	2745.41282631184	2864.29881773578	2951.96047898442	3207.0512064658	3081.49960556461	3037.61843013155	3155.56042357424	3285.48679027511	3601.40025372526	3674.91231767358	4010.27575306524	3956.38281493906	4158.91659778022	4468.80144032922
188	1	San José	75	2016.8741997011	2186.08258791399	2344.86907863772	2546.13946357992	2512.82815571853	2494.2222571137	2659.40930778921	2627.78110331718	2677.50546071345	2553.55206876369	2676.74072168985	2788.99656308807	2874.25756411332	3128.32926670043	3006.73190244468	2958.32578306868	3077.28202443217	3206.90845455552	3518.23828976556	3589.8252487413	3917.41907634689	3860.63369352115	4073.7826808797
188	1	San José	76	1851.32329322546	1951.4966266919	2117.12415999877	2266.01887338414	2467.73919381632	2438.90763732026	2418.73470359392	2583.1483272061	2548.50198639473	2597.89238598347	2477.12623395358	2597.58547949452	2708.5404070521	2796.2846424811	3042.05722519628	2923.43512856449	2880.0386311522	2998.20314739174	3122.23547497479	3431.64027926131	3489.07501444896	3807.58651683146	3757.25472737961
188	1	San José	77	1724.01697695644	1788.87965827588	1886.27661522514	2045.68014610721	2190.10526922056	2391.46445246102	2359.16618887186	2345.97316513254	2504.87190446245	2466.12821018645	2515.60931687807	2403.72093124655	2520.87793119362	2629.81283019129	2718.00989873195	2957.00887539542	2838.39182879068	2803.20174943569	2915.02548199995	3038.63838412988	3334.89709827861	3376.86521864104	3695.48285839555
188	1	San José	78	1715.48591994055	1652.26147850907	1719.96623499243	1816.09480784836	1965.66285108113	2114.57173493051	2306.71823657095	2278.39385331865	2268.1989089165	2417.99621630133	2377.59141701793	2429.25170291335	2318.41157504289	2441.30015028085	2544.43158994951	2628.45356597978	2861.70712571991	2745.53160353629	2716.51324152627	2823.15165582932	2938.14827943116	3216.40285550563	3258.95029789488
188	1	San José	79	1456.09074142558	1642.83983832584	1581.5813879763	1648.18517176336	1740.83648138813	1888.12628023614	2031.57003179529	2214.17653471652	2192.60506603707	2183.72084079825	2326.95650000557	2282.97623232723	2336.58737009537	2235.4813192006	2355.81668531214	2454.42049738773	2531.54079500176	2754.97745127076	2644.70660569144	2622.61433372985	2719.63137799619	2826.25041472105	3096.23595855591
188	1	San José	80	1260.37194565357	1386.33928767919	1572.90561682647	1507.5521853463	1578.44080376539	1667.55819889075	1808.37971439005	1941.26737450863	2123.37017204616	2103.02391022473	2090.8273773118	2230.59101074816	2182.05523187277	2241.14956347763	2146.7433270409	2266.29953641423	2354.90263655126	2425.95562688976	2641.28116412462	2540.17109022627	2517.29395154635	2607.25169471128	2716.03706673766
188	1	San José	81	1146.38180202155	1187.50239001509	1312.29568225108	1497.87118805238	1430.79632201593	1511.93164959239	1591.31370100443	1724.58350989626	1850.44704973937	2026.03359997932	2007.02975149287	1994.35802513955	2129.81913638193	2080.76168592044	2147.80851001366	2048.71364347588	2162.52049955696	2253.57272146945	2322.01498363301	2524.97195112512	2422.32160413727	2394.97531374729	2499.83379940969
188	1	San José	82	1083.21969793032	1074.80889819615	1114.1803534297	1235.99429070939	1417.84879870934	1359.52378075304	1438.69139421375	1506.76450124305	1633.01162039658	1755.50115740368	1923.53306869578	1903.9587375375	1890.38317303462	2021.31760780246	1985.96705291246	2044.57840445377	1938.57741922766	2058.58001680775	2147.02422100365	2212.46517854441	2399.10466327476	2292.43419480693	2269.08312959212
188	1	San José	83	958.383783143104	1009.18298188216	996.268463608783	1036.62085119052	1155.97214332669	1335.05387893546	1278.02791085736	1350.14530239604	1412.18956742015	1533.81036875562	1652.89514211465	1816.71210072222	1794.13424322716	1780.02799739934	1910.15791626274	1881.0367145241	1929.49694120051	1828.18013129216	1948.31358957094	2030.096387006	2086.81847682381	2259.18782376722	2152.1714622348
188	1	San José	84	862.213509533953	886.746098356835	935.185909503424	918.465835367831	962.108309163279	1073.91977618377	1251.05132793257	1191.99144128579	1262.33576408027	1313.73953145611	1429.20446650705	1545.81797253305	1707.1391626655	1682.28401617181	1666.10816688739	1801.46855155037	1763.100607102	1813.00163258632	1711.31275847966	1827.52009758175	1896.38574612466	1942.56368205966	2108.44485323066
188	1	San José	85	770.184956345267	792.798251568272	819.497286082778	862.903380179637	847.715058689824	887.311413557936	991.409998455874	1171.01639984377	1110.9469434636	1173.14370144011	1220.13860881842	1325.87558289967	1441.99159056159	1594.28625790776	1572.61931992304	1556.90895078869	1681.52892936673	1644.34037446982	1699.40007877251	1595.03652372295	1697.30133416185	1748.82716987459	1796.71794893816
188	1	San José	86	706.575025972995	695.933744378681	718.785688989099	745.468547793887	788.407494040266	770.185406449326	805.551636622364	905.112644094531	1088.22058045903	1022.51619858765	1077.29511727473	1121.31541853848	1219.8003573482	1327.88479545036	1473.86619789066	1450.91845369969	1438.97162312391	1553.26451190267	1521.2322807181	1572.87747548311	1464.88487906938	1549.97977599148	1605.08419933803
188	1	San José	87	619.458263513949	626.534175566762	619.896248919624	639.234582804193	671.220667257048	710.383389063952	694.943588945796	725.261675414522	822.457864377757	1002.29055466242	932.924566728884	988.728635259166	1023.49558687809	1112.19626667165	1218.21876659844	1347.16139111278	1325.72564028044	1320.22058984315	1422.88588881931	1397.4599221089	1435.72849489858	1322.41520005783	1402.40182870199
188	1	San José	88	526.620883112119	542.526520887514	553.760191305693	540.840487304198	562.483505591921	599.451192839744	629.645815652735	618.179639283458	646.115043895262	737.677421973575	916.951566392218	848.363832291626	894.912784948741	925.401061190725	1007.29343441329	1103.2682016003	1217.96794376938	1199.22539433814	1193.08673062364	1293.86575457365	1260.57413839871	1284.50471092199	1178.76708729199
188	1	San José	89	444.905359233393	459.561842718859	476.289542364192	482.224752452719	470.088727455709	495.222114922642	527.465295272434	554.783328908078	545.954781270226	575.345542464705	657.087925633756	833.391177866914	764.053073684936	805.32575657225	826.252030569133	904.114008411399	983.832396089256	1089.21610332181	1075.11581670488	1066.56342934279	1164.02922163133	1112.86622436878	1122.84771549023
188	1	San José	90	352.375698559777	379.634740328046	394.08940166481	410.772965729121	413.482131829128	406.332603724423	429.2510414451	454.856996906777	481.216334609039	479.600204580305	507.268714642938	578.778407839098	755.084324281953	676.470534451687	713.434377358256	729.581157921368	796.942608048926	875.353762503118	962.874273346532	949.37635490986	941.497286990515	1021.9494255576	950.248753008155
188	1	San José	91	283.081645305272	291.662852000058	318.702714959612	330.835940801121	341.286218814649	351.733099414091	347.268713227376	366.307886890672	390.049533159769	414.618201633261	417.535486199236	439.215289334438	506.225418278692	676.25929700481	588.090963681658	619.271819428905	632.678251886117	695.233396322259	762.02193405036	839.403971766579	822.334664416905	809.571452077148	868.317122420207
188	1	San José	92	227.87991118469	229.947459145508	242.032678788542	262.209538500145	269.861038201739	286.296976282186	296.67338937341	292.233274009449	307.913231448534	332.207398697269	357.806908324054	356.238236067369	375.41551171875	439.656729978624	601.64331519688	506.198377702577	533.132977777341	542.986405506202	596.689442632136	650.804375725067	712.871444959897	695.290626672485	681.523127340824
188	1	San José	93	166.417377337361	179.59244729961	185.861527333666	189.806943313224	206.252165475824	220.537954133235	236.653024895629	246.147929905848	242.350170970728	257.830850876026	279.15031806822	300.516471945973	299.194875036079	315.853734879587	369.299065903116	526.765414617716	427.077101106874	449.96037692375	455.981260135146	500.042662047293	537.835759997919	581.083153109102	571.518970434086
188	1	San José	94	119.691772005834	122.918334940193	138.029943882109	144.419241492535	144.11682984713	161.945800523658	175.056628435492	189.791506995022	198.526173802351	197.024987456182	212.280818591485	233.364480402489	248.729851004476	244.143095890504	257.009693075444	306.183486090011	451.901727872839	353.178623622679	368.233623619626	376.665174887856	404.67997629598	425.938871377081	455.799639649363
188	1	San José	95	92.0419646127446	87.2517589233897	92.647439046598	105.101403262343	111.152821719376	111.481467549609	125.975751566097	137.467464181068	147.431204803297	160.710082166364	159.477990114355	172.998664933853	189.580687821084	199.934079091647	195.069787334927	205.410728181067	240.32920984651	382.261913233672	286.23698792943	301.462794983131	299.152650678121	315.064375605318	319.601002069445
188	1	San José	96	62.1083513617588	66.7034214538531	62.0236623919923	65.9788387378583	74.8481599574478	83.688880307762	84.6787671857206	94.1574086079478	102.877702686211	113.372104638404	126.417564940793	127.449772788882	136.970010122401	146.039111700149	152.620258008251	149.489588092084	155.830002606967	179.204910402292	320.344719727438	227.008088178071	236.552505607127	224.752424253609	236.232414408171
188	1	San José	97	41.776449843565	42.5759393067413	44.2400168666783	42.766706209733	44.1368615323707	53.8958995011748	63.400264338734	60.6216756544388	68.5915689235708	74.3250747100761	84.0888454116019	96.1403486425219	95.6753386024535	103.187143963441	107.482342364564	114.30359895038	110.429994316904	113.991730365803	132.065552628259	270.413289829534	174.177401266316	175.047695137895	159.110178597895
188	1	San José	98	30.669990752805	26.020378009279	27.6342195212356	28.9894199303947	28.0865070808157	29.3451562106356	38.8624860418718	44.6054693484106	42.3194150939953	50.5533407345473	53.0481089996437	59.8164765172721	72.3698194778205	70.3967575347701	75.1436119198131	77.6762447929206	83.0067541049627	79.8673279167587	82.6363650305451	98.1633409071969	225.390567001109	126.572993381121	122.886665298303
188	1	San José	99	11.2350220348783	16.4132464148731	11.3411209663628	12.2967328061572	14.0533240986092	14.7976958929001	14.0581707563702	19.5665594497322	25.5511723291929	23.7844916469814	29.277992820864	29.5273906070829	36.7959203684115	40.8349800562831	41.0891774954581	42.5840467635212	44.6192731737895	48.679674979908	43.9936150712543	44.7109294122142	55.5734049941434	166.143324308704	84.6016790829624
188	1	San José	100	8.90138484284675	10.3296276105289	12.0816023932303	11.6809361465557	14.2189895090079	11.8858984308091	12.3944574510078	14.7304532593798	17.1291452716857	20.8670301515046	25.0282061062387	26.700453058755	34.9747410958584	37.5828304893904	36.4210576819688	37.0110491894564	39.7172573060682	41.1130020562893	43.8136293952446	48.5676195485931	78.628632139144	86.5411385408281	97.7441721906328
188	2	Alajuela	0	7636	7876	7253	7357	7288	7171	7218	7369	7472	7306	7222	7624	7516	7561	7753	7856	7824	7622	7538	6959	6417	6136	6093
188	2	Alajuela	1	7694	7646	7883	7258	7362	7291	7173	7219	7369	7472	7306	7220	7620	7512	7558	7752	7855	7823	7622	7537	6959	6417	6137
188	2	Alajuela	2	7880	7704	7653	7888	7264	7367	7296	7177	7222	7371	7474	7307	7220	7620	7512	7559	7752	7856	7824	7622	7537	6959	6418
188	2	Alajuela	3	7998	7889	7712	7658	7893	7269	7371	7300	7181	7224	7374	7476	7308	7220	7620	7513	7559	7753	7856	7824	7622	7538	6960
188	2	Alajuela	4	7816	8004	7895	7717	7662	7897	7273	7375	7304	7184	7226	7375	7476	7308	7221	7620	7513	7559	7753	7856	7825	7622	7539
188	2	Alajuela	5	8288	7836	8024	7914	7735	7678	7913	7289	7390	7319	7198	7240	7389	7490	7321	7234	7634	7526	7572	7766	7870	7838	7635
188	2	Alajuela	6	8035	8318	7863	8051	7941	7761	7704	7938	7311	7414	7342	7220	7262	7411	7512	7343	7255	7656	7548	7594	7788	7892	7861
188	2	Alajuela	7	8245	8063	8345	7888	8077	7967	7788	7729	7963	7334	7437	7365	7242	7284	7433	7534	7365	7277	7679	7571	7616	7811	7916
188	2	Alajuela	8	8135	8271	8087	8369	7911	8102	7992	7813	7752	7985	7355	7458	7385	7262	7304	7453	7555	7385	7297	7700	7592	7637	7832
188	2	Alajuela	9	8150	8169	8305	8120	8403	7943	8135	8026	7846	7784	8015	7383	7487	7414	7291	7333	7483	7586	7415	7326	7731	7622	7667
188	2	Alajuela	10	8472	8183	8200	8338	8152	8436	7975	8168	8058	7879	7814	8045	7411	7516	7443	7320	7362	7514	7616	7445	7355	7761	7651
188	2	Alajuela	11	8424	8499	8209	8225	8363	8176	8462	8000	8193	8083	7904	7837	8067	7431	7537	7465	7342	7385	7536	7638	7467	7376	7784
188	2	Alajuela	12	8161	8449	8524	8231	8248	8386	8199	8485	8021	8215	8104	7925	7858	8087	7450	7556	7484	7362	7405	7556	7658	7486	7395
188	2	Alajuela	13	8425	8195	8483	8557	8263	8281	8419	8231	8517	8052	8246	8135	7957	7887	8116	7478	7585	7513	7391	7433	7584	7687	7513
188	2	Alajuela	14	8267	8455	8222	8509	8583	8287	8306	8444	8254	8540	8072	8267	8156	7978	7908	8137	7497	7605	7533	7410	7451	7602	7705
188	2	Alajuela	15	8001	8308	8492	8256	8543	8616	8319	8337	8476	8283	8570	8099	8295	8185	8008	7938	8167	7525	7633	7559	7435	7476	7628
188	2	Alajuela	16	7368	8053	8355	8535	8296	8583	8655	8357	8374	8512	8317	8604	8131	8328	8219	8042	7972	8200	7556	7664	7588	7462	7503
188	2	Alajuela	17	7181	7405	8086	8385	8563	8323	8610	8680	8380	8397	8532	8337	8623	8150	8348	8239	8062	7992	8220	7574	7679	7602	7475
188	2	Alajuela	18	7116	7222	7440	8120	8416	8592	8350	8635	8704	8402	8416	8551	8354	8640	8167	8367	8257	8081	8010	8236	7586	7690	7612
188	2	Alajuela	19	6977	7158	7256	7469	8147	8439	8615	8370	8653	8720	8416	8429	8562	8365	8652	8179	8380	8269	8093	8020	8242	7590	7695
188	2	Alajuela	20	6635	7013	7185	7278	7489	8164	8454	8627	8380	8660	8723	8419	8431	8564	8367	8653	8182	8382	8271	8093	8016	8236	7586
188	2	Alajuela	21	6501	6670	7039	7206	7296	7503	8177	8465	8636	8385	8662	8723	8419	8431	8564	8367	8654	8184	8383	8269	8086	8007	8231
188	2	Alajuela	22	6114	6542	6703	7068	7231	7317	7523	8194	8481	8648	8395	8670	8730	8426	8438	8571	8375	8663	8192	8388	8268	8084	8008
188	2	Alajuela	23	5780	6175	6595	6751	7114	7274	7357	7562	8232	8516	8681	8425	8699	8760	8456	8468	8601	8407	8694	8219	8411	8291	8109
188	2	Alajuela	24	5411	5849	6235	6650	6803	7164	7322	7402	7603	8272	8555	8717	8460	8735	8796	8491	8502	8638	8443	8729	8247	8437	8320
188	2	Alajuela	25	5385	5467	5897	6279	6692	6842	7201	7357	7433	7631	8300	8580	8742	8484	8759	8821	8515	8526	8663	8464	8745	8261	8453
188	2	Alajuela	26	5332	5445	5519	5945	6325	6737	6884	7243	7396	7469	7665	8334	8614	8774	8515	8791	8854	8547	8558	8693	8489	8772	8288
188	2	Alajuela	27	5256	5392	5496	5563	5987	6366	6776	6921	7277	7429	7498	7691	8360	8640	8801	8541	8817	8881	8574	8583	8711	8508	8793
188	2	Alajuela	28	5231	5326	5452	5549	5612	6036	6414	6824	6965	7320	7469	7535	7728	8398	8677	8839	8578	8855	8921	8610	8614	8742	8539
188	2	Alajuela	29	5300	5286	5374	5497	5591	5652	6075	6453	6861	7000	7354	7501	7566	7759	8429	8710	8872	8608	8887	8951	8636	8639	8770
188	2	Alajuela	30	5141	5368	5347	5432	5551	5644	5701	6125	6500	6908	7044	7398	7543	7607	7801	8472	8753	8916	8651	8929	8989	8671	8678
188	2	Alajuela	31	5428	5194	5420	5397	5478	5595	5686	5741	6164	6541	6948	7082	7436	7580	7645	7838	8511	8792	8955	8686	8962	9023	8705
188	2	Alajuela	32	5595	5476	5236	5462	5438	5517	5634	5723	5776	6198	6575	6982	7116	7469	7614	7678	7870	8544	8826	8987	8714	8991	9054
188	2	Alajuela	33	5582	5643	5518	5275	5502	5475	5553	5668	5755	5805	6227	6604	7011	7144	7498	7643	7707	7898	8573	8853	9009	8735	9015
188	2	Alajuela	34	5654	5626	5683	5556	5311	5538	5509	5586	5699	5785	5832	6254	6632	7039	7171	7525	7671	7733	7923	8600	8876	9031	8758
188	2	Alajuela	35	5466	5694	5663	5717	5587	5340	5566	5537	5613	5725	5808	5853	6275	6654	7060	7191	7548	7693	7753	7942	8617	8893	9048
188	2	Alajuela	36	5448	5505	5732	5698	5751	5619	5371	5597	5566	5641	5751	5834	5878	6300	6679	7084	7216	7575	7719	7775	7961	8638	8916
188	2	Alajuela	37	5368	5494	5548	5775	5739	5789	5656	5406	5632	5599	5671	5782	5864	5905	6329	6706	7113	7245	7605	7745	7795	7982	8663
188	2	Alajuela	38	5215	5401	5525	5579	5804	5767	5816	5682	5429	5656	5621	5694	5805	5886	5926	6350	6726	7134	7266	7624	7760	7810	8000
188	2	Alajuela	39	5158	5249	5432	5554	5606	5832	5794	5841	5706	5452	5679	5642	5716	5826	5906	5946	6370	6746	7153	7284	7639	7773	7825
188	2	Alajuela	40	4627	5192	5280	5461	5582	5633	5860	5820	5866	5730	5475	5701	5665	5738	5849	5928	5966	6390	6766	7171	7299	7652	7789
188	2	Alajuela	41	4741	4649	5213	5299	5478	5598	5650	5877	5834	5880	5742	5487	5713	5677	5751	5860	5937	5975	6400	6774	7174	7300	7654
188	2	Alajuela	42	4353	4765	4669	5233	5317	5497	5616	5667	5893	5850	5895	5757	5501	5727	5691	5764	5872	5947	5986	6409	6780	7180	7308
188	2	Alajuela	43	4105	4379	4788	4689	5254	5337	5516	5635	5685	5911	5868	5911	5773	5518	5743	5707	5779	5884	5961	5996	6417	6786	7189
188	2	Alajuela	44	4050	4126	4398	4805	4704	5268	5351	5529	5647	5696	5923	5879	5921	5783	5527	5754	5716	5787	5893	5968	5998	6418	6787
188	2	Alajuela	45	3842	4070	4143	4414	4821	4716	5282	5364	5540	5658	5706	5934	5889	5930	5793	5536	5763	5725	5795	5900	5972	6000	6420
188	2	Alajuela	46	3522	3854	4079	4151	4422	4828	4721	5290	5370	5545	5663	5710	5938	5892	5934	5796	5538	5766	5727	5795	5899	5970	5999
188	2	Alajuela	47	3325	3531	3860	4083	4155	4425	4829	4723	5291	5369	5545	5663	5710	5936	5892	5932	5793	5536	5764	5722	5787	5893	5965
188	2	Alajuela	48	3114	3336	3539	3867	4089	4160	4429	4834	4726	5294	5371	5547	5665	5710	5936	5892	5932	5792	5537	5763	5715	5781	5888
188	2	Alajuela	49	2916	3127	3345	3547	3874	4096	4164	4432	4838	4728	5296	5372	5548	5666	5711	5936	5893	5931	5790	5535	5756	5707	5776
188	2	Alajuela	50	2798	2925	3136	3353	3555	3881	4103	4169	4435	4842	4731	5299	5374	5549	5669	5713	5937	5894	5930	5789	5530	5750	5704
188	2	Alajuela	51	2723	2810	2936	3146	3362	3562	3889	4109	4173	4439	4844	4733	5301	5375	5550	5670	5712	5936	5893	5927	5781	5524	5744
188	2	Alajuela	52	2619	2733	2818	2944	3152	3367	3568	3896	4114	4177	4440	4845	4734	5301	5374	5550	5669	5710	5933	5889	5919	5774	5520
188	2	Alajuela	53	2477	2631	2744	2827	2952	3158	3373	3575	3902	4118	4180	4442	4846	4735	5302	5374	5549	5667	5707	5930	5881	5907	5764
188	2	Alajuela	54	2272	2347	2524	2651	2744	2871	3081	3298	3501	3833	4058	4128	4392	4794	4686	5249	5320	5492	5608	5645	5875	5841	5862
188	2	Alajuela	55	2328	2268	2344	2519	2646	2740	2867	3076	3292	3494	3826	4050	4122	4385	4785	4676	5238	5308	5478	5595	5625	5854	5824
188	2	Alajuela	56	2179	2332	2272	2348	2523	2650	2744	2870	3079	3294	3496	3827	4049	4123	4384	4783	4672	5233	5301	5469	5582	5616	5837
188	2	Alajuela	57	2142	2174	2325	2267	2343	2517	2644	2738	2862	3072	3287	3489	3817	4039	4113	4371	4769	4657	5219	5282	5445	5559	5612
188	2	Alajuela	58	1970	2132	2163	2314	2255	2333	2504	2632	2724	2848	3059	3275	3476	3801	4024	4097	4351	4748	4635	5196	5251	5410	5524
188	2	Alajuela	59	1881	1968	2132	2162	2312	2253	2331	2502	2628	2719	2844	3055	3272	3470	3795	4015	4087	4339	4734	4620	5174	5226	5385
188	2	Alajuela	60	1768	1877	1966	2129	2159	2309	2249	2327	2498	2622	2713	2838	3050	3267	3462	3785	4003	4075	4325	4715	4597	5147	5204
188	2	Alajuela	61	1759	1758	1867	1956	2119	2149	2298	2238	2316	2487	2610	2702	2826	3038	3252	3445	3767	3984	4055	4299	4683	4563	5117
188	2	Alajuela	62	1789	1749	1747	1858	1946	2108	2139	2288	2228	2307	2476	2600	2691	2814	3024	3236	3429	3750	3965	4031	4266	4649	4534
188	2	Alajuela	63	1614	1779	1738	1737	1847	1934	2098	2128	2277	2216	2296	2465	2588	2678	2799	3008	3218	3409	3729	3937	3997	4229	4613
188	2	Alajuela	64	1525	1603	1768	1727	1728	1836	1923	2089	2117	2264	2205	2284	2453	2575	2665	2783	2990	3199	3387	3704	3905	3964	4197
188	2	Alajuela	65	1428	1510	1588	1752	1714	1714	1820	1908	2073	2100	2248	2189	2268	2434	2556	2645	2760	2969	3171	3357	3666	3867	3928
188	2	Alajuela	66	1327	1409	1491	1568	1732	1696	1697	1802	1890	2054	2080	2229	2171	2248	2413	2532	2620	2735	2941	3137	3317	3624	3828
188	2	Alajuela	67	1351	1314	1395	1476	1552	1714	1681	1684	1787	1873	2038	2064	2214	2154	2232	2392	2508	2596	2712	2911	3101	3278	3589
188	2	Alajuela	68	1295	1333	1296	1376	1457	1531	1693	1661	1664	1765	1853	2017	2044	2191	2131	2208	2364	2478	2567	2679	2872	3059	3236
188	2	Alajuela	69	1280	1276	1316	1280	1359	1440	1512	1673	1642	1645	1746	1834	1998	2024	2170	2108	2183	2336	2449	2537	2643	2833	3020
188	2	Alajuela	70	1173	1261	1259	1299	1264	1343	1422	1493	1653	1621	1627	1729	1816	1978	2004	2147	2081	2157	2307	2418	2501	2601	2794
188	2	Alajuela	71	1142	1155	1244	1242	1283	1248	1328	1405	1476	1633	1603	1610	1712	1796	1959	1980	2121	2055	2131	2277	2382	2461	2559
188	2	Alajuela	72	1120	1121	1135	1222	1223	1264	1230	1309	1385	1454	1609	1581	1587	1688	1771	1932	1950	2090	2026	2100	2238	2341	2422
188	2	Alajuela	73	1005	1097	1098	1109	1197	1202	1243	1208	1286	1361	1429	1582	1553	1562	1658	1742	1899	1916	2056	1992	2061	2192	2298
188	2	Alajuela	74	924	982	1074	1073	1083	1175	1180	1220	1185	1262	1337	1402	1555	1525	1534	1627	1710	1864	1879	2020	1952	2017	2148
188	2	Alajuela	75	841	900	960	1047	1048	1059	1152	1157	1197	1161	1238	1312	1376	1526	1496	1503	1595	1676	1828	1841	1976	1906	1976
188	2	Alajuela	76	782	812	871	928	1016	1018	1029	1121	1125	1165	1132	1208	1280	1344	1489	1458	1465	1555	1633	1783	1789	1920	1854
188	2	Alajuela	77	741	755	785	841	897	986	988	1000	1091	1093	1132	1101	1176	1247	1309	1450	1418	1427	1513	1588	1731	1730	1860
188	2	Alajuela	78	747	713	730	759	813	870	956	960	975	1061	1061	1102	1071	1147	1214	1273	1409	1377	1388	1469	1540	1673	1671
188	2	Alajuela	79	635	721	689	706	734	788	844	927	933	947	1030	1030	1071	1041	1116	1179	1233	1365	1334	1346	1420	1486	1616
188	2	Alajuela	80	545	604	692	659	679	706	759	811	893	898	912	995	990	1032	1005	1077	1135	1186	1312	1282	1293	1364	1430
188	2	Alajuela	81	495	517	577	663	630	656	679	728	778	858	864	876	956	951	995	964	1033	1090	1138	1257	1226	1235	1310
188	2	Alajuela	82	466	467	487	546	630	601	626	645	693	742	819	825	836	912	912	951	916	986	1041	1086	1197	1164	1172
188	2	Alajuela	83	410	438	436	456	513	597	568	591	609	654	701	778	781	791	866	867	901	865	935	986	1027	1130	1095
188	2	Alajuela	84	369	385	412	408	430	483	566	536	558	572	616	662	737	739	746	821	818	852	815	882	926	963	1062
188	2	Alajuela	85	327	340	357	379	376	396	446	530	500	518	532	571	618	688	691	697	767	762	798	759	820	857	893
188	2	Alajuela	86	301	301	315	331	353	348	365	414	500	466	482	494	532	576	642	643	650	716	713	746	705	757	796
188	2	Alajuela	87	263	272	275	285	303	322	317	333	380	464	428	445	455	488	531	592	592	602	662	660	688	643	694
188	2	Alajuela	88	223	238	249	247	258	277	293	289	303	346	428	393	407	415	446	485	539	542	550	609	603	625	584
188	2	Alajuela	89	188	201	215	222	219	232	247	262	259	272	310	393	356	369	374	404	438	488	491	497	555	542	557
188	2	Alajuela	90	147	166	178	189	195	195	206	217	230	230	242	275	358	317	328	333	359	394	439	441	447	497	474
188	2	Alajuela	91	118	131	148	157	167	174	173	181	192	204	204	213	245	326	281	291	295	321	352	393	393	397	439
188	2	Alajuela	92	94	101	112	125	132	143	150	148	155	165	175	174	182	212	290	243	252	256	280	305	341	342	345
188	2	Alajuela	93	69	80	86	94	105	112	122	127	125	131	140	149	145	154	180	257	209	217	220	241	260	290	296
188	2	Alajuela	94	51	61	70	74	78	89	96	102	107	105	110	118	125	121	128	152	227	178	186	190	204	219	244
188	2	Alajuela	95	40	43	50	57	61	63	72	78	82	88	85	89	95	100	98	103	123	197	148	157	158	168	179
188	2	Alajuela	96	29	34	35	40	46	50	51	58	61	65	71	68	71	75	80	78	82	97	173	124	132	129	140
188	2	Alajuela	97	20	23	27	27	32	36	40	39	45	45	50	54	53	54	57	61	61	64	76	154	101	107	103
188	2	Alajuela	98	19	16	18	20	21	24	27	31	29	33	33	36	40	39	41	43	47	46	48	59	136	81	85
188	2	Alajuela	99	9	12	10	11	12	14	13	16	19	17	20	19	22	24	23	25	26	31	28	31	37	114	63
188	2	Alajuela	100	8	9	12	14	15	17	18	20	22	24	23	24	26	27	26	26	27	30	33	37	65	70	78
188	3	Cartago	0	4263	4095	3754	3802	3767	3713	3744	3842	3914	3833	3799	4052	3997	3956	3984	3941	3824	3640	3522	3211	2960	2874	2942
188	3	Cartago	1	4326	4263	4094	3753	3802	3767	3713	3743	3842	3914	3833	3798	4051	3997	3956	3984	3941	3825	3641	3523	3212	2961	2875
188	3	Cartago	2	4327	4327	4264	4096	3755	3803	3768	3714	3744	3842	3914	3833	3798	4051	3997	3957	3985	3942	3826	3641	3523	3213	2961
188	3	Cartago	3	4652	4328	4328	4265	4097	3756	3805	3770	3715	3744	3843	3914	3833	3798	4052	3998	3957	3985	3942	3826	3641	3523	3213
188	3	Cartago	4	4583	4652	4329	4330	4266	4098	3757	3805	3770	3715	3744	3843	3914	3832	3798	4052	3998	3957	3985	3941	3826	3641	3524
188	3	Cartago	5	4825	4597	4667	4344	4344	4280	4112	3770	3819	3784	3729	3758	3856	3928	3846	3811	4065	4012	3971	3999	3955	3840	3655
188	3	Cartago	6	4699	4850	4621	4692	4369	4369	4304	4135	3792	3842	3807	3751	3781	3880	3952	3869	3834	4090	4035	3995	4024	3981	3865
188	3	Cartago	7	4854	4722	4874	4644	4717	4394	4394	4328	4159	3815	3865	3830	3773	3803	3903	3974	3891	3856	4113	4058	4018	4047	4005
188	3	Cartago	8	4828	4876	4745	4897	4667	4740	4417	4417	4350	4181	3835	3885	3851	3794	3824	3924	3996	3913	3877	4135	4080	4039	4070
188	3	Cartago	9	4782	4844	4892	4760	4913	4682	4756	4433	4434	4365	4196	3849	3900	3865	3808	3838	3939	4011	3927	3891	4150	4094	4054
188	3	Cartago	10	5005	4803	4865	4914	4781	4936	4704	4778	4456	4457	4386	4216	3868	3920	3885	3828	3858	3959	4032	3948	3911	4171	4116
188	3	Cartago	11	5012	5026	4823	4884	4934	4801	4957	4724	4799	4476	4477	4406	4236	3886	3939	3904	3847	3878	3979	4052	3967	3930	4191
188	3	Cartago	12	4761	5035	5049	4845	4907	4957	4824	4980	4745	4822	4499	4501	4428	4257	3907	3960	3924	3868	3899	4000	4074	3988	3951
188	3	Cartago	13	4973	4778	5051	5065	4861	4924	4973	4839	4995	4761	4837	4515	4517	4444	4273	3922	3975	3940	3883	3913	4015	4089	4003
188	3	Cartago	14	5039	4988	4791	5065	5079	4875	4937	4987	4852	5009	4774	4851	4529	4531	4458	4287	3935	3988	3953	3896	3926	4027	4101
188	3	Cartago	15	4913	5050	4999	4802	5076	5090	4886	4948	4998	4862	5020	4784	4861	4540	4542	4469	4297	3944	3998	3962	3905	3934	4036
188	3	Cartago	16	4328	4929	5066	5015	4818	5092	5107	4902	4964	5013	4877	5035	4799	4877	4556	4559	4485	4313	3959	4012	3976	3919	3948
188	3	Cartago	17	4083	4344	4945	5082	5031	4834	5109	5122	4917	4979	5028	4892	5050	4814	4892	4571	4574	4499	4327	3972	4025	3989	3931
188	3	Cartago	18	4117	4115	4375	4978	5115	5063	4864	5140	5153	4947	5009	5059	4922	5081	4843	4924	4602	4606	4530	4356	3998	4053	4016
188	3	Cartago	19	4114	4141	4137	4397	5000	5137	5085	4884	5160	5173	4966	5029	5080	4942	5101	4863	4944	4623	4626	4548	4373	4016	4071
188	3	Cartago	20	4068	4138	4163	4160	4419	5022	5159	5106	4905	5181	5193	4986	5050	5100	4962	5122	4884	4965	4644	4646	4566	4392	4034
188	3	Cartago	21	3938	4099	4167	4193	4189	4447	5051	5187	5135	4932	5207	5220	5013	5076	5128	4990	5151	4912	4993	4671	4672	4592	4419
188	3	Cartago	22	3693	3972	4130	4199	4225	4219	4477	5081	5217	5164	4960	5235	5249	5041	5105	5157	5018	5181	4939	5021	4697	4700	4620
188	3	Cartago	23	3574	3715	3993	4152	4220	4245	4239	4496	5101	5237	5182	4978	5254	5268	5060	5123	5175	5037	5200	4956	5037	4716	4720
188	3	Cartago	24	3282	3591	3730	4008	4166	4234	4259	4252	4508	5112	5248	5194	4989	5265	5279	5071	5134	5187	5049	5210	4965	5047	4726
188	3	Cartago	25	3229	3301	3610	3750	4027	4185	4252	4277	4269	4524	5129	5264	5209	5004	5280	5295	5087	5151	5204	5063	5224	4980	5062
188	3	Cartago	26	3260	3258	3328	3636	3776	4053	4210	4277	4301	4292	4546	5152	5287	5232	5026	5303	5318	5109	5173	5224	5082	5245	5001
188	3	Cartago	27	3300	3292	3287	3357	3665	3804	4082	4238	4305	4329	4318	4573	5180	5314	5260	5053	5330	5346	5136	5198	5249	5108	5273
188	3	Cartago	28	3316	3328	3318	3312	3381	3690	3830	4107	4263	4330	4353	4342	4596	5204	5339	5285	5077	5354	5370	5159	5220	5273	5131
188	3	Cartago	29	3366	3340	3350	3340	3335	3403	3712	3851	4129	4284	4351	4374	4362	4617	5226	5360	5305	5096	5374	5390	5177	5240	5294
188	3	Cartago	30	3431	3409	3382	3392	3381	3375	3441	3751	3890	4169	4322	4390	4412	4400	4655	5264	5399	5344	5134	5412	5426	5214	5278
188	3	Cartago	31	3417	3459	3438	3411	3421	3409	3402	3467	3777	3916	4195	4348	4416	4438	4426	4680	5290	5426	5371	5158	5436	5452	5239
188	3	Cartago	32	3326	3446	3487	3467	3439	3448	3436	3428	3492	3801	3941	4220	4373	4441	4463	4451	4704	5315	5451	5395	5180	5459	5476
188	3	Cartago	33	3500	3358	3476	3516	3497	3468	3477	3464	3454	3517	3826	3967	4246	4398	4467	4489	4476	4729	5342	5476	5418	5203	5483
188	3	Cartago	34	3480	3526	3385	3503	3541	3523	3494	3502	3489	3478	3540	3850	3990	4270	4422	4491	4513	4499	4751	5364	5499	5442	5226
188	3	Cartago	35	3420	3505	3551	3408	3526	3563	3546	3517	3524	3510	3500	3560	3870	4012	4292	4442	4513	4535	4519	4770	5384	5519	5462
188	3	Cartago	36	3351	3442	3527	3572	3430	3546	3583	3566	3536	3543	3529	3518	3578	3888	4029	4309	4460	4532	4553	4535	4785	5400	5536
188	3	Cartago	37	3112	3369	3460	3546	3591	3448	3563	3599	3583	3553	3559	3545	3533	3592	3903	4044	4325	4475	4548	4567	4547	4798	5415
188	3	Cartago	38	3073	3134	3390	3481	3567	3611	3468	3582	3617	3601	3570	3576	3563	3551	3608	3919	4060	4341	4491	4563	4581	4561	4813
188	3	Cartago	39	3227	3086	3146	3402	3493	3579	3623	3480	3593	3627	3612	3580	3588	3574	3561	3618	3929	4070	4350	4500	4570	4587	4568
188	3	Cartago	40	3088	3246	3105	3165	3421	3512	3598	3642	3498	3611	3644	3630	3599	3606	3592	3578	3635	3945	4086	4366	4513	4584	4602
188	3	Cartago	41	2834	3097	3255	3114	3175	3430	3520	3607	3650	3507	3619	3652	3638	3607	3614	3600	3585	3641	3952	4091	4370	4517	4587
188	3	Cartago	42	2600	2844	3105	3265	3123	3183	3439	3529	3615	3658	3514	3626	3659	3645	3614	3621	3606	3590	3646	3956	4094	4372	4520
188	3	Cartago	43	2640	2605	2848	3109	3269	3128	3188	3443	3533	3620	3662	3518	3630	3662	3648	3616	3623	3607	3591	3646	3955	4092	4371
188	3	Cartago	44	2415	2640	2606	2849	3109	3270	3131	3190	3444	3534	3621	3664	3520	3631	3663	3649	3617	3623	3607	3591	3643	3952	4089
188	3	Cartago	45	2389	2416	2640	2608	2851	3109	3271	3132	3190	3445	3534	3622	3665	3520	3632	3663	3648	3615	3621	3605	3588	3640	3948
188	3	Cartago	46	2172	2389	2416	2640	2607	2849	3106	3270	3130	3188	3443	3532	3620	3662	3517	3629	3659	3644	3611	3616	3600	3583	3635
188	3	Cartago	47	2053	2180	2397	2423	2646	2613	2855	3111	3275	3135	3194	3448	3536	3624	3666	3522	3632	3663	3648	3614	3616	3601	3585
188	3	Cartago	48	2070	2054	2181	2398	2425	2647	2614	2856	3111	3275	3135	3195	3449	3537	3624	3667	3522	3631	3662	3647	3609	3613	3599
188	3	Cartago	49	1914	2071	2055	2183	2400	2426	2648	2615	2858	3112	3277	3137	3197	3451	3538	3625	3668	3522	3630	3661	3644	3607	3613
188	3	Cartago	50	1892	1913	2071	2056	2184	2400	2427	2648	2615	2858	3111	3277	3136	3195	3450	3536	3623	3666	3519	3627	3655	3639	3603
188	3	Cartago	51	1640	1891	1912	2071	2057	2184	2401	2428	2647	2614	2857	3110	3276	3135	3195	3449	3534	3620	3662	3516	3620	3649	3633
188	3	Cartago	52	1434	1634	1884	1907	2064	2050	2178	2396	2423	2641	2608	2850	3103	3269	3128	3188	3441	3525	3610	3652	3504	3609	3640
188	3	Cartago	53	1462	1421	1623	1874	1898	2054	2041	2169	2387	2415	2633	2600	2841	3094	3260	3119	3178	3430	3513	3598	3639	3491	3596
188	3	Cartago	54	1350	1481	1438	1638	1887	1910	2067	2053	2180	2396	2424	2641	2607	2849	3099	3265	3124	3183	3434	3516	3596	3635	3488
188	3	Cartago	55	1382	1354	1485	1442	1640	1890	1913	2069	2055	2181	2397	2424	2641	2608	2848	3097	3263	3122	3180	3430	3508	3586	3627
188	3	Cartago	56	1288	1385	1358	1487	1444	1641	1891	1914	2070	2055	2180	2396	2422	2640	2606	2846	3093	3259	3116	3174	3421	3500	3573
188	3	Cartago	57	1241	1298	1393	1364	1493	1450	1647	1895	1917	2074	2060	2185	2398	2425	2642	2607	2846	3090	3258	3113	3167	3413	3504
188	3	Cartago	58	1157	1243	1299	1394	1364	1494	1450	1646	1892	1915	2073	2059	2183	2395	2422	2639	2602	2840	3081	3250	3101	3153	3398
188	3	Cartago	59	1100	1157	1244	1298	1393	1363	1492	1448	1643	1887	1911	2068	2056	2178	2390	2417	2630	2594	2830	3069	3234	3085	3137
188	3	Cartago	60	1121	1098	1155	1241	1295	1390	1360	1488	1445	1638	1881	1904	2061	2050	2170	2382	2407	2620	2582	2816	3050	3214	3069
188	3	Cartago	61	1036	1115	1093	1150	1235	1289	1383	1353	1481	1439	1630	1873	1896	2052	2041	2160	2370	2396	2607	2567	2797	3028	3194
188	3	Cartago	62	937	1031	1108	1087	1143	1228	1283	1377	1346	1473	1431	1622	1863	1885	2041	2029	2147	2356	2381	2589	2545	2773	3005
188	3	Cartago	63	969	930	1023	1100	1080	1136	1222	1276	1370	1338	1465	1423	1612	1852	1873	2028	2015	2132	2340	2362	2565	2521	2750
188	3	Cartago	64	961	962	924	1016	1093	1073	1129	1216	1268	1362	1331	1458	1416	1604	1842	1861	2015	2003	2118	2323	2342	2543	2500
188	3	Cartago	65	931	958	960	923	1013	1090	1070	1126	1213	1264	1358	1327	1453	1411	1598	1834	1851	2006	1991	2105	2305	2324	2524
188	3	Cartago	66	808	924	949	952	916	1006	1082	1062	1118	1205	1255	1349	1319	1443	1401	1586	1819	1837	1990	1973	2082	2281	2303
188	3	Cartago	67	760	799	912	938	940	905	995	1071	1051	1106	1194	1243	1338	1307	1430	1387	1568	1799	1818	1966	1947	2055	2255
188	3	Cartago	68	761	751	789	900	926	927	895	984	1059	1039	1095	1182	1232	1325	1294	1415	1371	1550	1779	1797	1941	1921	2028
188	3	Cartago	69	728	750	741	779	889	915	915	884	973	1047	1028	1084	1171	1220	1312	1280	1400	1355	1532	1759	1772	1914	1897
188	3	Cartago	70	696	715	738	730	767	876	902	903	873	960	1033	1016	1072	1158	1207	1297	1262	1382	1337	1511	1731	1742	1885
188	3	Cartago	71	619	682	703	725	719	754	863	888	889	859	946	1019	1003	1057	1144	1190	1279	1244	1362	1317	1486	1701	1710
188	3	Cartago	72	615	606	668	688	712	706	742	848	872	873	844	931	1003	987	1040	1126	1169	1257	1223	1340	1292	1457	1671
188	3	Cartago	73	649	602	593	652	674	699	694	728	832	857	858	831	915	987	969	1022	1107	1148	1236	1203	1314	1266	1430
188	3	Cartago	74	563	634	589	579	636	660	686	681	713	816	841	841	816	897	968	950	1003	1086	1126	1214	1178	1284	1239
188	3	Cartago	75	517	547	617	573	564	620	646	671	667	698	799	824	824	800	879	948	930	982	1064	1102	1186	1149	1257
188	3	Cartago	76	466	499	530	596	556	548	603	630	654	650	681	780	804	806	782	858	925	908	958	1038	1071	1154	1118
188	3	Cartago	77	392	450	483	512	577	540	533	587	615	636	633	663	761	785	786	763	836	902	885	933	1009	1036	1118
188	3	Cartago	78	392	375	432	464	493	557	522	516	570	596	616	615	644	740	762	764	741	811	876	858	903	974	999
188	3	Cartago	79	358	374	357	414	445	474	536	502	498	549	575	594	593	622	717	737	736	715	782	846	826	869	936
188	3	Cartago	80	335	341	358	341	397	427	455	513	482	479	528	555	571	572	600	691	709	708	687	750	812	793	835
188	3	Cartago	81	250	316	323	342	324	381	408	434	490	462	459	507	532	547	550	574	661	679	678	657	717	775	761
188	3	Cartago	82	198	233	294	303	322	307	361	386	411	465	438	436	481	505	522	524	544	629	647	645	623	678	733
188	3	Cartago	83	210	183	215	272	282	302	288	339	361	386	437	413	410	452	477	493	494	511	594	610	607	586	635
188	3	Cartago	84	195	194	169	197	252	261	284	269	317	337	360	409	389	385	425	450	464	465	480	558	571	568	549
188	3	Cartago	85	175	178	179	155	181	231	241	265	250	293	312	333	382	363	360	396	421	433	436	447	519	529	526
188	3	Cartago	86	157	155	160	162	141	164	209	219	245	230	269	286	306	352	336	333	367	390	402	405	412	476	488
188	3	Cartago	87	134	139	139	143	147	128	148	189	200	227	211	247	262	280	324	309	306	339	360	372	373	376	435
188	3	Cartago	88	115	119	125	123	128	133	116	135	171	181	209	193	226	239	256	295	281	280	309	331	339	339	340
188	3	Cartago	89	90	100	105	109	107	113	116	102	119	152	160	190	173	203	214	230	265	253	252	278	300	303	301
188	3	Cartago	90	67	77	86	89	93	92	97	100	88	104	132	140	171	153	179	189	203	236	226	225	248	268	265
188	3	Cartago	91	48	57	66	74	76	81	80	84	87	76	91	115	123	154	134	157	165	179	209	201	199	220	235
188	3	Cartago	92	31	39	48	55	61	64	69	67	70	73	65	77	98	106	136	116	135	143	156	180	173	173	190
188	3	Cartago	93	31	25	32	38	44	49	53	56	55	58	61	54	63	81	89	120	98	115	122	133	153	147	149
188	3	Cartago	94	27	24	20	26	30	34	40	43	47	46	49	51	45	52	67	74	105	83	99	105	112	128	123
188	3	Cartago	95	16	20	18	15	20	23	27	31	33	38	36	39	41	36	42	53	60	90	69	83	86	92	104
188	3	Cartago	96	9	13	16	14	12	15	17	20	23	25	28	28	29	31	28	32	41	46	78	57	68	69	76
188	3	Cartago	97	7	7	11	12	11	9	12	12	15	16	18	20	21	22	23	21	24	31	36	68	46	55	55
188	3	Cartago	98	6	4	4	6	8	7	6	9	9	10	11	12	15	15	16	16	15	19	23	27	60	36	44
188	3	Cartago	99	4	3	2	3	4	5	4	4	5	5	6	5	7	9	8	9	10	10	11	15	17	50	28
188	3	Cartago	100	5	4	4	4	3	4	4	4	4	4	5	6	6	7	8	8	9	10	10	12	25	29	33
188	4	Heredia	0	3393	3357	3115	3184	3180	3144	3157	3207	3234	3143	3090	3299	3277	3259	3295	3271	3171	2999	2879	2602	2384	2295	2336
188	4	Heredia	1	3333	3396	3360	3118	3188	3183	3147	3159	3209	3237	3146	3092	3300	3278	3261	3297	3272	3173	3001	2881	2604	2386	2298
188	4	Heredia	2	3379	3337	3400	3363	3121	3190	3185	3149	3162	3212	3239	3147	3093	3300	3279	3262	3298	3273	3174	3002	2882	2605	2387
188	4	Heredia	3	3638	3382	3341	3402	3365	3124	3192	3187	3151	3163	3214	3240	3148	3094	3301	3280	3262	3298	3274	3175	3003	2882	2606
188	4	Heredia	4	3553	3641	3385	3343	3405	3368	3125	3194	3189	3153	3165	3215	3241	3149	3094	3301	3280	3263	3299	3274	3175	3003	2882
188	4	Heredia	5	3770	3568	3656	3400	3358	3419	3381	3138	3206	3202	3165	3177	3228	3254	3161	3106	3314	3293	3276	3312	3287	3188	3015
188	4	Heredia	6	3649	3784	3580	3670	3414	3372	3432	3395	3150	3218	3214	3177	3189	3240	3266	3173	3118	3327	3305	3288	3324	3299	3201
188	4	Heredia	7	3719	3663	3798	3595	3685	3428	3387	3446	3408	3162	3231	3227	3189	3203	3254	3279	3186	3131	3341	3319	3301	3337	3313
188	4	Heredia	8	3702	3734	3677	3813	3609	3700	3443	3401	3460	3421	3175	3244	3239	3202	3216	3267	3293	3200	3144	3354	3331	3314	3350
188	4	Heredia	9	3592	3719	3752	3695	3831	3627	3718	3462	3420	3478	3438	3191	3260	3256	3218	3232	3283	3310	3216	3161	3371	3348	3330
188	4	Heredia	10	3606	3600	3726	3759	3702	3839	3634	3725	3469	3428	3485	3445	3197	3266	3262	3224	3238	3290	3316	3222	3166	3377	3355
188	4	Heredia	11	3684	3626	3619	3745	3778	3720	3858	3653	3745	3489	3447	3503	3464	3214	3284	3279	3242	3256	3308	3335	3240	3183	3395
188	4	Heredia	12	3549	3699	3640	3633	3759	3793	3735	3873	3667	3760	3504	3463	3518	3477	3227	3298	3293	3256	3270	3322	3349	3253	3196
188	4	Heredia	13	3679	3557	3707	3648	3640	3767	3800	3742	3881	3674	3767	3510	3469	3524	3484	3233	3304	3299	3262	3276	3328	3354	3258
188	4	Heredia	14	3808	3699	3576	3726	3668	3659	3785	3819	3760	3899	3692	3785	3528	3488	3542	3501	3250	3321	3317	3279	3292	3344	3371
188	4	Heredia	15	3845	3826	3716	3593	3742	3683	3674	3801	3835	3775	3914	3706	3800	3544	3503	3557	3516	3263	3335	3330	3292	3305	3358
188	4	Heredia	16	3465	3860	3840	3730	3606	3756	3697	3688	3814	3847	3787	3927	3718	3811	3555	3516	3569	3529	3275	3346	3340	3302	3316
188	4	Heredia	17	3360	3506	3902	3881	3771	3645	3797	3739	3727	3854	3887	3827	3968	3757	3852	3597	3558	3609	3568	3312	3383	3378	3339
188	4	Heredia	18	3514	3414	3558	3957	3936	3825	3698	3851	3792	3780	3906	3941	3879	4023	3810	3908	3652	3614	3663	3620	3360	3433	3427
188	4	Heredia	19	3536	3571	3468	3611	4012	3990	3879	3749	3903	3845	3831	3957	3993	3930	4076	3862	3962	3707	3669	3715	3669	3406	3480
188	4	Heredia	20	3376	3606	3639	3534	3676	4079	4057	3946	3814	3969	3911	3895	4022	4059	3996	4145	3928	4030	3776	3738	3780	3734	3467
188	4	Heredia	21	3299	3438	3668	3700	3593	3734	4140	4118	4006	3872	4028	3971	3954	4081	4120	4056	4207	3988	4092	3838	3799	3839	3793
188	4	Heredia	22	3210	3357	3494	3724	3755	3645	3786	4194	4172	4060	3922	4080	4024	4006	4134	4174	4109	4263	4041	4146	3891	3853	3891
188	4	Heredia	23	3138	3265	3409	3545	3775	3804	3694	3834	4242	4220	4107	3968	4127	4072	4053	4181	4222	4157	4312	4087	4192	3937	3900
188	4	Heredia	24	2860	3178	3303	3448	3583	3813	3841	3730	3869	4279	4256	4143	4003	4163	4109	4089	4217	4258	4193	4348	4119	4226	3972
188	4	Heredia	25	2818	2900	3217	3342	3485	3620	3850	3878	3765	3902	4314	4291	4177	4037	4197	4144	4123	4251	4293	4225	4381	4151	4260
188	4	Heredia	26	2734	2868	2947	3264	3389	3533	3666	3896	3924	3809	3945	4358	4337	4223	4080	4243	4190	4167	4296	4338	4268	4427	4196
188	4	Heredia	27	2703	2780	2910	2987	3304	3429	3574	3706	3937	3963	3847	3983	4398	4376	4263	4119	4283	4230	4207	4335	4376	4307	4467
188	4	Heredia	28	2810	2772	2844	2971	3046	3364	3490	3636	3766	3997	4022	3904	4040	4458	4437	4324	4178	4343	4292	4266	4393	4436	4366
188	4	Heredia	29	2765	2850	2809	2880	3006	3079	3398	3523	3669	3798	4029	4053	3934	4071	4490	4469	4357	4210	4376	4324	4296	4423	4467
188	4	Heredia	30	2718	2801	2885	2843	2913	3039	3111	3429	3555	3701	3829	4061	4085	3966	4102	4522	4502	4390	4242	4408	4355	4326	4455
188	4	Heredia	31	2738	2758	2841	2923	2880	2949	3074	3144	3462	3588	3734	3861	4094	4117	3998	4134	4555	4537	4425	4274	4439	4388	4359
188	4	Heredia	32	2756	2785	2802	2886	2968	2924	2992	3115	3183	3502	3629	3776	3902	4135	4159	4039	4174	4598	4581	4467	4312	4479	4430
188	4	Heredia	33	2908	2792	2819	2835	2919	3001	2956	3023	3145	3212	3530	3658	3806	3931	4165	4189	4069	4203	4629	4611	4496	4340	4508
188	4	Heredia	34	2835	2941	2824	2849	2863	2949	3029	2984	3050	3171	3236	3555	3683	3831	3956	4190	4214	4093	4227	4654	4634	4519	4364
188	4	Heredia	35	2814	2866	2969	2850	2875	2888	2974	3054	3009	3074	3193	3257	3576	3705	3853	3977	4212	4236	4114	4248	4674	4654	4540
188	4	Heredia	36	2866	2829	2882	2984	2865	2888	2901	2987	3067	3021	3086	3205	3269	3588	3717	3864	3989	4225	4248	4124	4257	4685	4665
188	4	Heredia	37	2698	2891	2853	2905	3007	2887	2910	2921	3008	3086	3041	3106	3225	3287	3607	3735	3883	4008	4245	4266	4139	4273	4703
188	4	Heredia	38	2689	2711	2902	2864	2916	3018	2898	2920	2930	3017	3095	3049	3115	3233	3294	3615	3742	3890	4015	4251	4269	4143	4279
188	4	Heredia	39	2790	2715	2736	2926	2887	2940	3041	2920	2942	2951	3038	3115	3070	3135	3252	3313	3633	3761	3909	4033	4268	4286	4161
188	4	Heredia	40	2636	2808	2732	2752	2943	2904	2957	3058	2937	2958	2967	3055	3132	3087	3152	3268	3328	3648	3776	3923	4045	4280	4301
188	4	Heredia	41	2463	2643	2815	2739	2759	2949	2911	2965	3064	2943	2964	2973	3061	3138	3094	3158	3272	3332	3653	3779	3924	4047	4281
188	4	Heredia	42	2264	2481	2658	2832	2756	2776	2966	2927	2982	3080	2960	2980	2988	3077	3154	3109	3172	3286	3345	3666	3790	3936	4060
188	4	Heredia	43	2387	2280	2497	2673	2847	2772	2792	2981	2943	2998	3097	2976	2996	3004	3093	3169	3124	3186	3300	3358	3677	3801	3948
188	4	Heredia	44	2168	2400	2293	2509	2683	2859	2782	2803	2992	2953	3009	3107	2985	3006	3013	3101	3178	3133	3194	3307	3362	3680	3805
188	4	Heredia	45	2180	2178	2409	2302	2519	2692	2868	2792	2812	3001	2962	3018	3116	2994	3014	3020	3109	3185	3140	3200	3312	3367	3685
188	4	Heredia	46	2069	2196	2191	2421	2316	2532	2702	2881	2804	2823	3012	2973	3030	3127	3005	3025	3030	3120	3195	3148	3208	3320	3373
188	4	Heredia	47	1890	2088	2214	2208	2437	2332	2547	2715	2895	2817	2837	3026	2986	3043	3140	3019	3038	3043	3132	3206	3157	3218	3329
188	4	Heredia	48	1843	1900	2098	2224	2218	2445	2340	2556	2723	2903	2825	2845	3033	2993	3050	3147	3026	3043	3049	3138	3208	3161	3222
188	4	Heredia	49	1663	1851	1906	2104	2230	2224	2449	2344	2561	2727	2908	2829	2849	3037	2997	3054	3150	3028	3046	3050	3137	3207	3162
188	4	Heredia	50	1734	1675	1863	1919	2116	2241	2235	2459	2354	2572	2736	2918	2838	2858	3047	3006	3063	3159	3037	3053	3055	3142	3214
188	4	Heredia	51	1539	1739	1680	1868	1924	2120	2246	2240	2462	2357	2575	2739	2922	2842	2861	3050	3009	3066	3161	3038	3052	3053	3141
188	4	Heredia	52	1283	1550	1748	1690	1878	1933	2129	2257	2250	2471	2367	2585	2747	2930	2849	2869	3058	3016	3072	3168	3042	3055	3059
188	4	Heredia	53	1310	1285	1553	1750	1693	1880	1937	2133	2260	2254	2474	2370	2588	2749	2932	2851	2871	3059	3017	3072	3166	3040	3053
188	4	Heredia	54	1208	1348	1318	1580	1775	1716	1903	1960	2154	2279	2270	2488	2384	2602	2761	2945	2863	2883	3071	3028	3078	3167	3043
188	4	Heredia	55	1187	1219	1358	1329	1590	1784	1726	1913	1970	2163	2288	2279	2497	2393	2610	2767	2952	2869	2888	3076	3030	3080	3171
188	4	Heredia	56	1123	1197	1228	1366	1338	1597	1791	1734	1920	1977	2170	2295	2285	2502	2398	2615	2770	2956	2871	2890	3075	3030	3077
188	4	Heredia	57	1090	1126	1200	1232	1370	1340	1600	1793	1734	1922	1979	2172	2295	2285	2502	2397	2613	2766	2953	2867	2883	3068	3034
188	4	Heredia	58	984	1097	1131	1205	1235	1373	1344	1603	1794	1736	1924	1982	2173	2296	2287	2502	2396	2612	2762	2950	2859	2873	3057
188	4	Heredia	59	903	986	1100	1133	1207	1237	1374	1345	1602	1791	1735	1923	1982	2171	2294	2285	2498	2391	2605	2754	2938	2847	2861
188	4	Heredia	60	940	909	993	1106	1139	1213	1241	1378	1349	1604	1794	1738	1926	1985	2172	2295	2285	2496	2389	2601	2744	2928	2840
188	4	Heredia	61	865	942	912	995	1108	1141	1215	1242	1378	1351	1603	1793	1738	1925	1983	2169	2291	2281	2490	2381	2589	2729	2916
188	4	Heredia	62	784	868	944	915	997	1110	1143	1216	1243	1379	1351	1603	1792	1737	1922	1979	2163	2286	2276	2480	2368	2575	2716
188	4	Heredia	63	808	783	866	942	914	995	1109	1141	1214	1240	1375	1349	1599	1786	1730	1915	1971	2154	2276	2263	2462	2350	2557
188	4	Heredia	64	797	804	780	861	937	910	990	1105	1136	1209	1235	1369	1344	1592	1778	1721	1905	1960	2140	2261	2244	2441	2332
188	4	Heredia	65	806	799	806	783	864	940	912	993	1107	1137	1211	1236	1370	1344	1590	1774	1716	1900	1952	2131	2248	2231	2427
188	4	Heredia	66	715	806	800	808	786	866	940	914	993	1107	1136	1211	1235	1368	1342	1586	1766	1710	1892	1941	2114	2231	2217
188	4	Heredia	67	659	714	803	798	805	785	865	939	912	991	1105	1134	1209	1232	1363	1336	1576	1755	1700	1878	1924	2094	2213
188	4	Heredia	68	633	654	708	796	792	798	779	858	931	905	984	1098	1126	1201	1222	1351	1323	1559	1737	1682	1855	1900	2068
188	4	Heredia	69	638	626	648	701	789	785	791	773	851	923	898	978	1090	1119	1192	1211	1338	1310	1543	1719	1660	1830	1876
188	4	Heredia	70	653	634	623	645	697	784	781	786	770	846	918	894	973	1085	1112	1184	1199	1326	1298	1527	1697	1637	1807
188	4	Heredia	71	560	644	626	615	638	689	776	773	778	761	837	909	887	963	1075	1099	1170	1184	1310	1281	1504	1669	1609
188	4	Heredia	72	519	551	634	617	607	631	680	765	762	768	752	827	897	876	950	1061	1083	1153	1168	1291	1259	1477	1642
188	4	Heredia	73	576	510	541	620	605	599	622	669	753	750	756	741	814	884	862	937	1044	1064	1135	1148	1267	1233	1449
188	4	Heredia	74	517	569	505	534	610	599	593	615	661	743	742	746	734	804	872	850	925	1029	1048	1119	1128	1242	1211
188	4	Heredia	75	448	506	558	497	525	599	590	584	606	650	732	731	735	723	791	857	836	909	1012	1029	1095	1102	1216
188	4	Heredia	76	396	438	496	545	487	515	587	580	573	596	639	719	718	723	712	776	840	820	890	991	1003	1067	1074
188	4	Heredia	77	336	386	426	481	530	476	503	574	568	559	582	625	703	702	707	696	758	820	800	868	965	971	1035
188	4	Heredia	78	360	324	374	412	466	515	463	489	559	552	544	568	608	686	684	688	676	735	797	776	841	931	936
188	4	Heredia	79	326	345	312	360	397	450	497	447	474	541	534	525	549	589	665	662	664	652	708	769	747	808	895
188	4	Heredia	80	296	311	332	299	347	383	433	478	431	457	521	515	504	530	569	642	638	638	626	680	736	715	775
188	4	Heredia	81	221	282	298	319	287	336	368	415	459	414	439	501	495	485	511	545	616	612	611	599	649	702	685
188	4	Heredia	82	195	210	267	283	305	275	322	351	396	439	397	420	479	474	466	489	518	588	585	584	570	614	664
188	4	Heredia	83	206	185	198	252	268	291	262	306	333	376	416	379	400	454	452	444	464	491	558	554	551	538	577
188	4	Heredia	84	189	193	173	184	235	251	274	245	287	312	352	391	357	377	427	426	418	437	460	523	517	514	502
188	4	Heredia	85	203	175	179	161	171	218	233	258	230	267	290	327	366	335	352	399	399	389	409	428	485	478	475
188	4	Heredia	86	182	185	160	165	148	156	199	214	240	212	246	266	301	338	310	326	369	368	360	379	393	444	438
188	4	Heredia	87	137	166	169	145	152	136	143	182	196	224	195	227	245	276	311	285	299	340	340	332	348	357	404
188	4	Heredia	88	114	122	149	149	130	136	122	129	163	177	205	179	207	222	251	282	258	272	308	310	301	314	321
188	4	Heredia	89	95	104	111	133	133	117	122	109	116	146	159	189	163	187	200	227	255	233	246	278	281	269	277
188	4	Heredia	90	72	85	92	98	117	118	104	108	97	103	130	141	172	144	167	177	201	228	208	219	248	250	234
188	4	Heredia	91	56	65	75	81	86	104	104	91	94	85	90	113	124	154	126	146	155	178	201	184	192	218	217
188	4	Heredia	92	36	48	56	64	69	74	89	89	78	81	72	76	95	106	136	109	126	134	154	172	158	166	187
188	4	Heredia	93	32	32	42	47	54	59	63	76	75	67	69	61	64	81	90	121	93	108	114	131	146	134	142
188	4	Heredia	94	27	27	26	35	38	44	49	52	63	62	55	57	50	52	65	74	104	78	90	96	109	120	110
188	4	Heredia	95	18	23	23	22	29	31	36	40	42	52	50	45	46	41	43	53	60	90	65	76	79	89	97
188	4	Heredia	96	11	16	20	19	19	24	25	29	31	33	40	39	35	36	32	33	41	46	77	52	62	63	72
188	4	Heredia	97	6	9	13	16	16	15	20	20	23	23	26	31	31	27	28	25	26	32	36	68	43	50	50
188	4	Heredia	98	4	5	7	9	12	12	11	15	15	16	16	18	23	22	20	19	18	20	23	27	59	33	39
188	4	Heredia	99	3	2	3	4	5	8	7	7	9	9	10	9	11	13	12	11	11	11	11	14	17	48	25
188	4	Heredia	100	3	3	3	4	4	6	7	8	9	10	10	10	11	12	12	12	11	12	12	13	26	29	31
188	5	Guanacaste	0	2827	2844	2666	2752	2763	2744	2782	2861	2913	2855	2832	2987	2930	2942	3007	3023	2983	2879	2812	2560	2331	2198	2151
188	5	Guanacaste	1	2745	2826	2842	2665	2751	2762	2742	2781	2859	2910	2853	2829	2984	2927	2939	3005	3021	2980	2876	2809	2557	2328	2195
188	5	Guanacaste	2	2775	2746	2827	2843	2665	2751	2762	2742	2780	2859	2910	2852	2828	2983	2926	2939	3004	3019	2979	2875	2807	2556	2328
188	5	Guanacaste	3	3018	2776	2748	2828	2843	2666	2752	2763	2743	2780	2859	2910	2851	2828	2983	2926	2938	3004	3019	2979	2874	2806	2555
188	5	Guanacaste	4	2883	3019	2777	2749	2829	2844	2667	2752	2763	2742	2780	2859	2910	2851	2828	2982	2926	2938	3004	3019	2979	2873	2806
188	5	Guanacaste	5	3109	2889	3025	2783	2756	2836	2850	2673	2758	2769	2747	2784	2864	2915	2856	2833	2988	2931	2943	3010	3025	2984	2879
188	5	Guanacaste	6	3073	3119	2899	3035	2794	2767	2847	2861	2682	2768	2778	2756	2793	2873	2925	2866	2842	2998	2941	2953	3019	3035	2994
188	5	Guanacaste	7	3109	3084	3130	2910	3048	2806	2779	2859	2872	2693	2779	2789	2766	2804	2885	2936	2876	2852	3008	2951	2963	3030	3046
188	5	Guanacaste	8	3142	3117	3092	3139	2918	3056	2816	2789	2867	2881	2701	2788	2797	2774	2812	2893	2944	2883	2860	3017	2959	2970	3037
188	5	Guanacaste	9	3106	3155	3130	3105	3153	2932	3070	2830	2804	2881	2894	2713	2800	2810	2787	2824	2905	2956	2896	2873	3030	2972	2983
188	5	Guanacaste	10	3195	3111	3161	3136	3111	3159	2938	3077	2837	2811	2887	2900	2718	2805	2815	2792	2829	2910	2962	2902	2879	3036	2977
188	5	Guanacaste	11	3214	3214	3130	3180	3156	3130	3179	2957	3097	2857	2832	2907	2918	2736	2824	2834	2810	2848	2930	2981	2921	2897	3055
188	5	Guanacaste	12	3026	3232	3231	3146	3196	3173	3147	3196	2973	3114	2875	2849	2923	2934	2750	2839	2849	2826	2864	2946	2997	2937	2912
188	5	Guanacaste	13	3100	3037	3243	3241	3156	3207	3184	3157	3207	2983	3123	2885	2859	2933	2944	2759	2848	2858	2836	2874	2955	3006	2945
188	5	Guanacaste	14	3257	3117	3053	3259	3257	3172	3223	3200	3173	3223	2998	3139	2901	2876	2949	2959	2774	2863	2874	2850	2888	2969	3021
188	5	Guanacaste	15	3221	3272	3131	3067	3273	3272	3185	3237	3215	3186	3237	3012	3153	2915	2890	2963	2973	2787	2877	2886	2863	2900	2982
188	5	Guanacaste	16	2761	3225	3276	3134	3070	3276	3274	3188	3240	3217	3189	3239	3014	3156	2918	2893	2966	2976	2789	2879	2888	2864	2901
188	5	Guanacaste	17	2593	2767	3231	3281	3139	3075	3280	3279	3193	3245	3222	3194	3245	3020	3162	2923	2899	2971	2981	2794	2883	2892	2867
188	5	Guanacaste	18	2593	2577	2750	3213	3264	3121	3057	3261	3259	3174	3225	3202	3174	3223	2999	3141	2902	2877	2951	2960	2774	2862	2870
188	5	Guanacaste	19	2504	2580	2564	2736	3198	3248	3104	3040	3244	3242	3157	3207	3183	3156	3204	2982	3122	2882	2858	2931	2941	2756	2843
188	5	Guanacaste	20	2403	2478	2553	2538	2710	3169	3218	3075	3011	3214	3211	3126	3176	3152	3125	3172	2951	3090	2850	2823	2897	2908	2725
188	5	Guanacaste	21	2266	2399	2473	2548	2532	2704	3162	3211	3066	3004	3205	3201	3117	3168	3143	3115	3163	2942	3080	2839	2812	2887	2898
188	5	Guanacaste	22	2088	2251	2383	2456	2530	2514	2685	3142	3190	3045	2983	3182	3178	3094	3145	3119	3093	3139	2920	3055	2813	2786	2862
188	5	Guanacaste	23	2073	2085	2245	2376	2448	2521	2504	2675	3130	3177	3031	2969	3168	3163	3080	3130	3104	3078	3123	2903	3036	2794	2767
188	5	Guanacaste	24	1898	2073	2083	2242	2373	2444	2516	2499	2669	3123	3170	3024	2962	3160	3155	3073	3122	3095	3069	3113	2892	3025	2783
188	5	Guanacaste	25	1911	1917	2091	2100	2259	2389	2461	2532	2514	2683	3136	3184	3038	2975	3173	3169	3086	3135	3110	3082	3125	2903	3037
188	5	Guanacaste	26	1880	1938	1942	2116	2125	2284	2413	2485	2555	2536	2704	3159	3206	3060	2996	3194	3190	3107	3156	3130	3101	3145	2924
188	5	Guanacaste	27	1832	1889	1946	1949	2122	2131	2291	2420	2490	2560	2540	2708	3163	3210	3064	3000	3198	3194	3111	3159	3132	3104	3148
188	5	Guanacaste	28	1900	1849	1905	1960	1963	2135	2144	2303	2432	2502	2572	2551	2719	3173	3220	3074	3010	3208	3203	3119	3167	3140	3112
188	5	Guanacaste	29	1949	1912	1860	1914	1969	1970	2143	2152	2311	2439	2508	2578	2557	2724	3177	3224	3079	3015	3213	3209	3123	3169	3143
188	5	Guanacaste	30	1903	1967	1928	1875	1928	1982	1984	2156	2165	2324	2451	2520	2588	2567	2735	3188	3235	3090	3026	3223	3218	3132	3179
188	5	Guanacaste	31	1813	1923	1986	1946	1892	1945	1998	1999	2171	2180	2338	2464	2533	2602	2581	2748	3201	3248	3103	3037	3234	3229	3143
188	5	Guanacaste	32	1805	1830	1937	2001	1961	1906	1959	2011	2011	2183	2192	2349	2476	2545	2613	2592	2759	3212	3260	3114	3046	3243	3239
188	5	Guanacaste	33	1968	1821	1845	1952	2016	1977	1921	1974	2026	2024	2196	2205	2363	2489	2559	2627	2606	2772	3226	3273	3127	3059	3257
188	5	Guanacaste	34	1937	1987	1838	1862	1968	2033	1992	1937	1989	2040	2037	2209	2218	2377	2503	2573	2640	2618	2784	3238	3285	3139	3071
188	5	Guanacaste	35	1908	1946	1995	1846	1868	1974	2038	1998	1942	1994	2045	2042	2213	2223	2381	2506	2576	2644	2621	2786	3240	3287	3141
188	5	Guanacaste	36	1959	1918	1955	2003	1853	1876	1980	2045	2005	1949	2001	2051	2047	2219	2228	2386	2512	2582	2649	2626	2790	3244	3292
188	5	Guanacaste	37	1849	1972	1931	1969	2015	1866	1888	1991	2057	2016	1959	2011	2062	2057	2229	2238	2396	2522	2592	2658	2633	2798	3253
188	5	Guanacaste	38	1758	1859	1982	1940	1977	2024	1874	1896	1999	2064	2022	1966	2018	2068	2063	2235	2245	2402	2528	2598	2662	2637	2803
188	5	Guanacaste	39	1789	1763	1864	1986	1944	1982	2028	1879	1900	2002	2068	2025	1970	2021	2071	2066	2238	2247	2404	2529	2599	2663	2639
188	5	Guanacaste	40	1758	1805	1779	1878	2000	1958	1996	2042	1892	1913	2014	2079	2037	1982	2034	2083	2077	2250	2259	2416	2540	2608	2672
188	5	Guanacaste	41	1660	1771	1819	1792	1891	2012	1970	2009	2054	1904	1924	2024	2089	2048	1993	2044	2092	2086	2259	2268	2423	2547	2615
188	5	Guanacaste	42	1497	1668	1778	1826	1798	1897	2019	1977	2015	2060	1909	1929	2030	2095	2053	1998	2048	2096	2091	2263	2271	2427	2551
188	5	Guanacaste	43	1604	1503	1673	1782	1831	1803	1902	2023	1981	2020	2064	1913	1933	2033	2098	2057	2001	2051	2099	2093	2265	2273	2429
188	5	Guanacaste	44	1485	1612	1510	1680	1788	1837	1810	1908	2029	1986	2025	2069	1918	1939	2039	2104	2062	2006	2056	2103	2095	2267	2275
188	5	Guanacaste	45	1448	1489	1614	1512	1682	1789	1839	1811	1909	2030	1987	2025	2069	1918	1938	2038	2103	2061	2005	2054	2101	2092	2264
188	5	Guanacaste	46	1380	1452	1491	1616	1515	1685	1791	1842	1813	1910	2032	1989	2028	2071	1921	1941	2040	2105	2062	2006	2055	2101	2092
188	5	Guanacaste	47	1249	1377	1450	1490	1615	1515	1684	1789	1841	1811	1909	2031	1988	2026	2070	1919	1939	2038	2102	2059	2002	2052	2099
188	5	Guanacaste	48	1198	1248	1377	1450	1490	1615	1514	1683	1789	1840	1810	1908	2030	1987	2025	2069	1918	1938	2037	2100	2056	2000	2050
188	5	Guanacaste	49	1150	1203	1252	1380	1453	1493	1618	1517	1686	1790	1842	1813	1910	2032	1989	2027	2070	1920	1939	2037	2099	2055	2001
188	5	Guanacaste	50	1203	1155	1208	1257	1385	1457	1497	1620	1520	1689	1792	1845	1815	1913	2035	1992	2029	2073	1922	1941	2038	2100	2056
188	5	Guanacaste	51	1054	1204	1156	1210	1259	1386	1459	1499	1621	1521	1690	1793	1846	1816	1914	2036	1992	2030	2073	1922	1940	2038	2100
188	5	Guanacaste	52	942	1058	1207	1160	1212	1262	1390	1463	1502	1624	1524	1692	1795	1848	1818	1916	2037	1993	2031	2074	1923	1941	2040
188	5	Guanacaste	53	956	940	1057	1206	1159	1212	1261	1390	1463	1502	1624	1523	1691	1794	1847	1817	1915	2035	1991	2029	2071	1921	1940
188	5	Guanacaste	54	910	1033	1005	1113	1257	1208	1259	1308	1434	1503	1538	1655	1553	1722	1822	1877	1845	1945	2067	2022	2051	2085	1938
188	5	Guanacaste	55	894	922	1045	1018	1126	1270	1221	1273	1321	1447	1516	1550	1667	1565	1734	1833	1889	1857	1956	2078	2032	2062	2097
188	5	Guanacaste	56	824	889	918	1041	1014	1121	1265	1216	1268	1317	1442	1512	1546	1664	1561	1730	1828	1884	1851	1950	2071	2027	2055
188	5	Guanacaste	57	778	822	887	916	1039	1012	1119	1262	1212	1264	1313	1438	1507	1541	1659	1556	1725	1822	1879	1845	1942	2064	2027
188	5	Guanacaste	58	681	775	819	884	913	1036	1008	1115	1256	1207	1261	1310	1434	1503	1538	1655	1552	1720	1817	1874	1837	1933	2055
188	5	Guanacaste	59	679	681	775	819	884	913	1036	1008	1114	1255	1207	1260	1310	1434	1502	1537	1653	1550	1717	1813	1868	1832	1929
188	5	Guanacaste	60	761	675	678	772	816	882	910	1033	1005	1110	1251	1203	1256	1307	1429	1497	1531	1647	1544	1710	1805	1860	1826
188	5	Guanacaste	61	701	755	670	673	766	810	875	904	1026	999	1103	1244	1196	1249	1298	1420	1489	1523	1638	1534	1699	1793	1850
188	5	Guanacaste	62	621	701	753	670	673	765	809	874	902	1024	997	1101	1241	1193	1246	1295	1416	1485	1519	1632	1527	1691	1786
188	5	Guanacaste	63	630	616	695	748	666	668	762	804	869	897	1019	992	1096	1235	1187	1240	1288	1409	1477	1509	1621	1516	1682
188	5	Guanacaste	64	625	625	611	690	743	661	664	757	799	864	891	1013	987	1090	1229	1180	1233	1280	1401	1468	1498	1611	1508
188	5	Guanacaste	65	637	620	621	608	686	739	657	661	753	795	860	887	1008	982	1085	1222	1173	1226	1272	1392	1457	1488	1601
188	5	Guanacaste	66	563	634	618	619	606	684	736	655	659	751	792	857	884	1004	978	1080	1216	1168	1221	1265	1382	1448	1481
188	5	Guanacaste	67	526	557	627	611	612	600	678	730	648	652	745	785	850	877	996	969	1069	1206	1159	1209	1252	1368	1436
188	5	Guanacaste	68	494	522	552	621	606	607	595	673	724	643	648	740	780	844	870	989	961	1060	1196	1149	1198	1241	1357
188	5	Guanacaste	69	482	490	518	548	616	602	602	591	668	719	639	644	736	775	839	863	981	953	1052	1187	1138	1186	1230
188	5	Guanacaste	70	506	476	486	513	542	610	596	596	586	661	712	634	639	730	768	831	854	972	944	1042	1174	1124	1174
188	5	Guanacaste	71	442	498	468	478	506	535	602	587	588	578	653	704	627	630	721	758	821	843	960	932	1027	1157	1108
188	5	Guanacaste	72	389	434	490	461	471	499	527	594	579	580	570	644	694	618	622	712	748	810	833	948	918	1012	1142
188	5	Guanacaste	73	421	381	425	479	451	462	490	518	583	568	569	559	632	683	607	612	700	735	797	819	931	901	996
188	5	Guanacaste	74	412	411	371	414	466	441	452	479	506	571	557	557	548	619	670	594	599	686	720	783	803	912	884
188	5	Guanacaste	75	364	403	403	363	406	457	434	445	471	498	562	548	548	539	609	658	584	589	675	708	768	787	897
188	5	Guanacaste	76	326	352	391	390	352	394	444	422	432	458	485	548	534	535	526	594	642	570	574	659	689	748	768
188	5	Guanacaste	77	287	317	342	379	379	343	384	434	413	422	448	474	536	523	524	515	581	628	557	561	642	670	729
188	5	Guanacaste	78	297	277	307	332	368	369	334	374	424	402	410	437	462	523	511	511	501	565	613	543	546	624	650
188	5	Guanacaste	79	268	286	267	296	320	356	357	323	363	411	390	398	424	449	509	496	495	485	548	595	526	527	603
188	5	Guanacaste	80	259	257	277	257	286	309	344	345	313	351	397	378	384	410	435	494	479	478	469	529	574	507	511
188	5	Guanacaste	81	206	245	244	264	244	275	296	330	330	300	337	381	362	368	395	417	473	461	459	450	507	549	488
188	5	Guanacaste	82	159	195	231	231	250	232	261	281	313	315	285	321	364	345	352	377	396	452	441	439	429	482	523
188	5	Guanacaste	83	154	150	183	218	218	238	220	248	267	297	298	272	305	345	330	336	359	376	431	420	417	406	456
188	5	Guanacaste	84	143	144	141	170	205	205	226	208	235	252	281	283	259	290	328	313	318	341	356	409	396	393	384
188	5	Guanacaste	85	159	134	137	133	160	192	193	214	197	221	237	263	267	244	273	309	295	299	322	335	384	370	367
188	5	Guanacaste	86	148	145	123	126	122	148	177	178	201	183	205	220	245	248	227	255	288	275	280	301	311	354	343
188	5	Guanacaste	87	119	134	133	112	116	112	135	162	165	188	169	190	203	226	231	211	235	268	256	260	279	284	326
188	5	Guanacaste	88	98	107	121	118	100	104	101	122	146	149	172	154	174	185	207	210	192	215	244	235	238	253	258
188	5	Guanacaste	89	80	87	95	107	104	89	93	89	109	131	133	158	140	157	167	187	190	173	194	221	214	212	224
188	5	Guanacaste	90	70	71	77	84	94	93	80	82	79	97	117	119	145	125	141	149	167	171	156	175	199	191	186
188	5	Guanacaste	91	47	60	61	66	72	82	81	69	71	69	85	102	105	130	110	124	131	147	151	138	154	174	166
188	5	Guanacaste	92	40	40	51	51	56	62	71	69	60	62	59	74	89	92	117	96	109	114	129	131	120	133	151
188	5	Guanacaste	93	39	33	34	43	43	47	53	60	59	51	53	51	62	75	79	104	83	93	98	110	112	101	114
188	5	Guanacaste	94	33	32	27	28	35	35	39	43	51	50	42	45	42	51	62	66	91	69	79	83	92	92	83
188	5	Guanacaste	95	25	26	26	21	22	28	28	32	35	42	40	35	36	34	41	50	53	78	58	66	68	74	73
188	5	Guanacaste	96	15	20	21	20	17	18	22	23	25	27	33	32	27	28	27	32	39	41	67	47	54	53	59
188	5	Guanacaste	97	7	12	15	15	15	13	14	17	18	18	21	25	25	21	21	20	24	29	31	58	38	42	41
188	5	Guanacaste	98	6	5	8	10	11	11	9	11	12	13	13	15	18	18	16	16	15	19	22	24	50	28	32
188	5	Guanacaste	99	7	3	3	5	5	6	6	6	6	7	7	7	9	11	11	10	9	9	11	13	14	39	21
188	5	Guanacaste	100	8	7	5	5	5	5	6	7	7	7	7	8	9	10	10	10	10	10	10	11	23	25	26
188	6	Puntarenas	0	4171	3930	3612	3685	3689	3687	3768	3903	4002	3935	3919	4125	3989	3917	3924	3888	3788	3625	3530	3229	2976	2861	2890
188	6	Puntarenas	1	4248	4170	3929	3612	3685	3689	3687	3767	3903	4001	3934	3918	4123	3988	3917	3925	3889	3788	3626	3531	3230	2977	2863
188	6	Puntarenas	2	4075	4249	4171	3931	3613	3686	3690	3688	3768	3903	4002	3934	3918	4123	3988	3918	3926	3890	3789	3627	3531	3231	2978
188	6	Puntarenas	3	4275	4076	4251	4172	3931	3614	3687	3690	3688	3768	3904	4002	3934	3918	4123	3988	3918	3926	3890	3790	3627	3532	3231
188	6	Puntarenas	4	4329	4276	4077	4252	4173	3932	3615	3688	3692	3689	3769	3904	4002	3935	3919	4124	3989	3919	3927	3891	3791	3627	3532
188	6	Puntarenas	5	4536	4332	4279	4081	4256	4177	3937	3620	3692	3696	3693	3772	3908	4006	3939	3923	4128	3993	3923	3931	3896	3795	3631
188	6	Puntarenas	6	4284	4542	4339	4286	4089	4264	4185	3944	3626	3699	3703	3700	3779	3915	4013	3946	3930	4135	4000	3930	3939	3903	3802
188	6	Puntarenas	7	4371	4295	4553	4349	4298	4101	4276	4196	3956	3637	3711	3715	3711	3791	3928	4026	3958	3942	4148	4013	3943	3952	3916
188	6	Puntarenas	8	4323	4374	4297	4555	4351	4300	4103	4278	4199	3958	3640	3713	3717	3714	3794	3930	4029	3961	3945	4151	4015	3946	3955
188	6	Puntarenas	9	4265	4327	4377	4300	4558	4354	4303	4106	4281	4202	3961	3643	3717	3721	3718	3798	3934	4033	3965	3949	4155	4020	3950
188	6	Puntarenas	10	4448	4269	4330	4381	4304	4561	4357	4307	4109	4284	4206	3965	3646	3721	3725	3722	3802	3939	4037	3969	3952	4159	4024
188	6	Puntarenas	11	4482	4451	4272	4333	4384	4307	4564	4360	4310	4113	4288	4209	3968	3649	3724	3729	3726	3806	3942	4041	3973	3956	4163
188	6	Puntarenas	12	4154	4486	4455	4276	4337	4388	4311	4569	4363	4313	4116	4292	4213	3972	3653	3728	3732	3730	3810	3946	4045	3977	3960
188	6	Puntarenas	13	4262	4154	4485	4455	4275	4337	4388	4311	4568	4363	4312	4116	4293	4214	3973	3654	3729	3733	3730	3810	3946	4045	3977
188	6	Puntarenas	14	4364	4266	4157	4489	4458	4279	4340	4391	4314	4571	4366	4315	4119	4296	4217	3977	3658	3732	3737	3734	3814	3950	4048
188	6	Puntarenas	15	4362	4362	4264	4155	4487	4456	4278	4338	4390	4312	4569	4364	4313	4116	4294	4215	3976	3657	3730	3734	3732	3812	3948
188	6	Puntarenas	16	3861	4372	4371	4273	4164	4496	4464	4286	4347	4398	4320	4577	4372	4321	4125	4303	4224	3985	3665	3738	3742	3739	3819
188	6	Puntarenas	17	3610	3851	4361	4359	4260	4152	4484	4452	4273	4335	4385	4307	4563	4359	4308	4111	4289	4211	3972	3653	3724	3728	3725
188	6	Puntarenas	18	3562	3584	3825	4332	4330	4231	4124	4454	4422	4244	4305	4355	4278	4532	4330	4277	4079	4257	4181	3942	3624	3695	3698
188	6	Puntarenas	19	3330	3531	3554	3795	4300	4297	4199	4093	4420	4387	4210	4271	4321	4244	4497	4296	4242	4043	4220	4145	3906	3592	3662
188	6	Puntarenas	20	3192	3297	3497	3521	3762	4265	4261	4162	4058	4383	4349	4173	4234	4283	4207	4458	4260	4203	4004	4179	4105	3868	3556
188	6	Puntarenas	21	3003	3156	3260	3460	3484	3725	4225	4220	4121	4018	4341	4307	4133	4193	4241	4165	4415	4218	4159	3959	4132	4061	3826
188	6	Puntarenas	22	2785	2960	3113	3215	3416	3439	3681	4177	4172	4072	3970	4292	4256	4084	4144	4190	4115	4363	4168	4106	3904	4078	4010
188	6	Puntarenas	23	2763	2779	2953	3104	3206	3407	3429	3670	4165	4160	4059	3958	4279	4244	4072	4131	4177	4103	4349	4153	4089	3889	4064
188	6	Puntarenas	24	2471	2752	2768	2940	3092	3194	3394	3416	3656	4150	4144	4044	3944	4264	4228	4057	4115	4161	4086	4330	4134	4071	3871
188	6	Puntarenas	25	2504	2473	2751	2766	2938	3089	3191	3390	3412	3650	4143	4138	4037	3938	4257	4221	4050	4108	4153	4077	4320	4126	4062
188	6	Puntarenas	26	2556	2506	2474	2751	2766	2937	3087	3189	3388	3409	3646	4138	4133	4032	3933	4252	4217	4045	4103	4146	4069	4313	4119
188	6	Puntarenas	27	2539	2571	2520	2486	2763	2777	2948	3098	3199	3398	3418	3655	4147	4141	4041	3942	4260	4225	4054	4110	4152	4076	4321
188	6	Puntarenas	28	2546	2552	2585	2533	2499	2776	2790	2961	3110	3211	3410	3429	3666	4158	4152	4052	3953	4272	4238	4065	4120	4162	4087
188	6	Puntarenas	29	2550	2558	2564	2596	2544	2510	2787	2801	2972	3121	3221	3420	3439	3676	4168	4162	4062	3962	4282	4246	4072	4128	4172
188	6	Puntarenas	30	2599	2561	2567	2572	2603	2551	2517	2794	2807	2978	3126	3226	3425	3445	3681	4172	4166	4067	3967	4286	4249	4074	4131
188	6	Puntarenas	31	2574	2605	2565	2571	2576	2606	2554	2519	2796	2809	2980	3127	3227	3425	3445	3681	4172	4166	4067	3966	4283	4246	4072
188	6	Puntarenas	32	2504	2578	2608	2568	2574	2578	2608	2556	2521	2797	2810	2980	3127	3227	3425	3445	3682	4172	4166	4066	3964	4281	4244
188	6	Puntarenas	33	2672	2515	2588	2616	2577	2583	2586	2616	2563	2528	2803	2817	2987	3134	3233	3431	3451	3687	4177	4171	4070	3968	4285
188	6	Puntarenas	34	2618	2679	2522	2594	2622	2583	2590	2593	2622	2569	2533	2808	2823	2993	3139	3239	3437	3456	3691	4181	4175	4073	3971
188	6	Puntarenas	35	2469	2619	2679	2522	2594	2621	2583	2590	2592	2621	2568	2531	2806	2821	2991	3136	3236	3434	3453	3686	4175	4169	4068
188	6	Puntarenas	36	2449	2475	2624	2684	2527	2597	2625	2587	2593	2596	2624	2571	2534	2808	2823	2993	3138	3239	3437	3453	3685	4174	4169
188	6	Puntarenas	37	2287	2450	2476	2626	2686	2528	2598	2624	2586	2593	2595	2625	2572	2534	2808	2823	2992	3138	3239	3435	3450	3682	4170
188	6	Puntarenas	38	2191	2283	2446	2472	2622	2681	2524	2594	2619	2581	2587	2590	2619	2567	2529	2803	2817	2986	3131	3231	3426	3441	3675
188	6	Puntarenas	39	2353	2195	2286	2449	2474	2624	2683	2526	2595	2621	2582	2587	2591	2621	2568	2530	2803	2817	2985	3130	3229	3422	3438
188	6	Puntarenas	40	2283	2349	2192	2283	2445	2470	2619	2678	2520	2590	2616	2576	2581	2585	2616	2562	2524	2797	2810	2976	3120	3219	3413
188	6	Puntarenas	41	2079	2284	2351	2194	2285	2447	2472	2622	2680	2523	2592	2617	2577	2582	2587	2618	2563	2524	2797	2810	2975	3118	3216
188	6	Puntarenas	42	1850	2078	2283	2350	2193	2284	2446	2471	2621	2679	2522	2591	2616	2576	2581	2586	2616	2561	2522	2794	2805	2969	3114
188	6	Puntarenas	43	1928	1841	2069	2274	2340	2183	2275	2436	2462	2611	2669	2513	2581	2607	2566	2571	2575	2604	2550	2511	2781	2791	2956
188	6	Puntarenas	44	1806	1923	1837	2063	2267	2333	2178	2269	2430	2455	2605	2663	2505	2574	2600	2559	2563	2567	2595	2541	2501	2770	2780
188	6	Puntarenas	45	1769	1802	1918	1832	2059	2262	2328	2174	2264	2424	2449	2599	2657	2500	2569	2594	2552	2556	2560	2588	2533	2492	2760
188	6	Puntarenas	46	1652	1763	1795	1911	1826	2052	2254	2321	2167	2257	2417	2442	2591	2649	2492	2560	2585	2543	2547	2550	2577	2523	2482
188	6	Puntarenas	47	1540	1654	1765	1796	1912	1827	2053	2253	2321	2167	2257	2417	2442	2590	2648	2491	2558	2583	2542	2544	2545	2574	2520
188	6	Puntarenas	48	1472	1530	1644	1755	1786	1901	1817	2042	2243	2310	2156	2247	2406	2430	2578	2635	2478	2544	2570	2528	2528	2530	2560
188	6	Puntarenas	49	1397	1468	1525	1639	1750	1781	1897	1812	2037	2236	2304	2151	2241	2400	2424	2570	2628	2471	2536	2562	2518	2516	2520
188	6	Puntarenas	50	1439	1392	1464	1520	1634	1744	1776	1891	1806	2031	2229	2297	2144	2234	2393	2416	2562	2619	2461	2526	2551	2506	2506
188	6	Puntarenas	51	1257	1435	1388	1458	1515	1628	1739	1771	1883	1799	2023	2220	2288	2135	2225	2384	2407	2552	2608	2450	2513	2537	2493
188	6	Puntarenas	52	1078	1251	1428	1382	1452	1507	1620	1731	1763	1875	1791	2013	2211	2278	2126	2216	2374	2396	2540	2596	2436	2498	2524
188	6	Puntarenas	53	1095	1062	1237	1415	1369	1437	1493	1608	1719	1752	1864	1780	2001	2199	2266	2114	2203	2361	2382	2524	2580	2421	2482
188	6	Puntarenas	54	1088	1177	1129	1293	1463	1414	1481	1536	1647	1753	1780	1888	1802	2023	2218	2287	2134	2224	2383	2404	2534	2579	2423
188	6	Puntarenas	55	1046	1077	1165	1118	1281	1450	1402	1469	1524	1634	1739	1767	1876	1790	2011	2204	2272	2120	2209	2368	2386	2514	2560
188	6	Puntarenas	56	970	1039	1070	1159	1112	1274	1443	1395	1462	1516	1626	1731	1758	1867	1782	2001	2193	2261	2109	2197	2353	2372	2497
188	6	Puntarenas	57	934	961	1028	1061	1149	1103	1263	1432	1383	1450	1505	1615	1718	1746	1855	1770	1988	2177	2246	2093	2179	2335	2363
188	6	Puntarenas	58	880	924	951	1018	1050	1139	1091	1251	1418	1370	1437	1492	1602	1704	1732	1841	1755	1971	2160	2229	2073	2157	2312
188	6	Puntarenas	59	886	873	918	944	1010	1042	1130	1084	1243	1407	1361	1428	1484	1593	1695	1722	1830	1743	1958	2144	2211	2057	2138
188	6	Puntarenas	60	862	874	862	906	933	999	1030	1118	1072	1229	1393	1347	1415	1471	1578	1679	1706	1813	1727	1939	2122	2188	2037
188	6	Puntarenas	61	748	854	867	856	900	926	991	1023	1110	1066	1221	1384	1338	1407	1462	1567	1667	1694	1800	1714	1922	2103	2171
188	6	Puntarenas	62	713	740	844	858	848	891	917	982	1013	1101	1056	1211	1372	1327	1395	1448	1553	1653	1680	1783	1694	1901	2081
188	6	Puntarenas	63	726	706	732	835	850	839	884	909	974	1004	1091	1048	1201	1360	1315	1382	1435	1539	1639	1664	1764	1675	1881
188	6	Puntarenas	64	668	714	694	720	823	837	827	872	897	961	991	1078	1035	1186	1345	1299	1365	1417	1520	1619	1641	1739	1652
188	6	Puntarenas	65	692	659	705	686	712	813	827	818	863	887	951	981	1067	1024	1174	1331	1285	1352	1402	1503	1599	1621	1719
188	6	Puntarenas	66	640	683	650	695	677	703	804	818	809	853	877	941	971	1056	1013	1161	1316	1271	1337	1384	1482	1578	1601
188	6	Puntarenas	67	572	630	673	640	684	667	693	793	806	797	842	866	931	959	1044	1000	1145	1298	1256	1318	1362	1459	1557
188	6	Puntarenas	68	575	561	619	660	629	671	655	682	781	793	785	830	854	918	945	1028	985	1127	1279	1236	1296	1340	1436
188	6	Puntarenas	69	537	561	549	606	646	616	658	642	669	766	779	771	816	840	903	929	1011	967	1108	1258	1213	1272	1316
188	6	Puntarenas	70	507	524	547	536	593	633	603	644	629	654	751	764	757	802	826	887	911	993	949	1087	1233	1187	1248
188	6	Puntarenas	71	441	492	508	532	521	577	617	587	628	613	638	733	748	740	785	807	868	891	971	928	1063	1204	1159
188	6	Puntarenas	72	400	429	479	495	519	509	565	604	574	614	599	625	718	732	725	769	790	850	874	952	908	1040	1180
188	6	Puntarenas	73	437	389	417	465	482	507	498	551	589	560	599	585	609	702	715	709	752	772	832	855	931	886	1018
188	6	Puntarenas	74	396	424	378	404	451	469	494	485	537	574	547	584	571	594	685	697	692	734	753	814	835	907	865
188	6	Puntarenas	75	342	382	410	364	390	435	455	479	471	521	558	531	567	554	577	666	677	673	714	733	791	811	884
188	6	Puntarenas	76	313	332	371	398	355	380	424	444	467	459	508	545	518	553	541	563	649	662	657	698	713	770	791
188	6	Puntarenas	77	289	300	319	357	383	342	367	410	429	450	443	491	527	501	536	524	545	630	642	637	675	688	744
188	6	Puntarenas	78	297	277	289	306	342	369	330	354	397	415	435	429	475	510	485	519	508	528	611	621	616	652	663
188	6	Puntarenas	79	258	283	265	276	293	328	354	317	341	381	398	417	412	457	493	468	499	488	507	589	597	592	628
188	6	Puntarenas	80	228	246	271	252	265	281	315	339	304	327	366	383	399	395	440	474	449	479	468	487	565	574	570
188	6	Puntarenas	81	178	217	234	259	240	254	268	300	323	290	312	349	366	381	379	420	453	430	458	448	466	541	552
188	6	Puntarenas	82	154	167	204	222	246	229	242	255	285	307	275	297	331	347	364	361	398	432	411	437	427	444	515
188	6	Puntarenas	83	164	145	158	193	210	234	217	229	240	269	290	262	281	314	331	347	343	378	411	391	416	406	421
188	6	Puntarenas	84	153	154	136	146	180	195	220	203	215	224	251	272	246	264	295	312	326	324	355	388	368	391	383
188	6	Puntarenas	85	140	144	145	127	137	168	183	208	191	201	209	235	255	231	249	277	294	307	306	334	365	346	368
188	6	Puntarenas	86	124	129	134	134	118	127	155	169	195	177	186	193	217	237	215	232	259	275	288	288	312	340	324
188	6	Puntarenas	87	108	112	117	120	122	107	115	140	154	179	161	169	176	197	217	196	212	238	254	267	266	287	315
188	6	Puntarenas	88	92	100	103	106	109	112	97	105	128	140	165	147	155	160	181	199	180	196	220	236	247	246	265
188	6	Puntarenas	89	74	85	91	93	96	100	101	88	94	115	125	152	133	140	145	165	181	165	180	202	219	226	224
188	6	Puntarenas	90	63	68	78	83	85	87	90	91	79	84	102	111	137	118	125	130	148	165	150	164	184	200	203
188	6	Puntarenas	91	43	56	60	67	72	74	76	78	78	68	73	88	96	122	103	110	115	133	147	134	147	166	179
188	6	Puntarenas	92	33	39	50	52	59	64	66	67	69	69	59	63	77	85	111	92	98	103	119	132	121	133	150
188	6	Puntarenas	93	29	30	35	44	46	52	57	57	58	60	60	51	54	66	74	101	81	87	92	106	117	108	122
188	6	Puntarenas	94	19	27	26	31	38	40	45	47	49	49	50	50	42	45	56	63	90	70	77	81	93	103	95
188	6	Puntarenas	95	18	18	24	23	27	32	34	38	39	42	41	42	42	35	38	47	53	81	61	68	71	82	90
188	6	Puntarenas	96	15	16	16	21	20	23	27	29	31	33	35	34	34	34	29	31	39	44	74	54	60	62	73
188	6	Puntarenas	97	9	14	14	13	18	16	20	22	24	25	27	28	28	28	28	23	26	33	37	70	47	53	54
188	6	Puntarenas	98	6	7	12	11	12	15	13	16	18	19	19	20	22	22	22	22	20	22	27	31	66	40	48
188	6	Puntarenas	99	4	5	5	9	8	9	10	9	11	12	13	12	13	15	15	15	15	14	15	19	21	60	35
188	6	Puntarenas	100	5	5	5	7	10	12	11	13	13	13	14	15	17	18	17	17	17	18	18	21	40	43	45
188	7	Limón	0	4130	3868	3613	3721	3739	3732	3797	3902	3981	3921	3891	4179	4153	4103	4134	4090	3961	3763	3634	3298	3032	2924	2963
188	7	Limón	1	4190	4128	3867	3613	3720	3738	3731	3795	3902	3980	3920	3890	4177	4149	4099	4129	4084	3954	3756	3625	3290	3024	2915
188	7	Limón	2	4145	4191	4129	3868	3614	3722	3740	3732	3796	3902	3981	3920	3889	4176	4147	4097	4127	4082	3952	3753	3622	3288	3023
188	7	Limón	3	4521	4148	4194	4131	3870	3616	3723	3741	3734	3797	3903	3981	3920	3889	4174	4146	4096	4127	4081	3950	3752	3622	3287
188	7	Limón	4	4446	4521	4150	4196	4133	3872	3617	3724	3742	3734	3797	3904	3981	3920	3889	4174	4145	4096	4126	4080	3949	3750	3621
188	7	Limón	5	4681	4456	4532	4160	4206	4143	3881	3626	3733	3751	3743	3806	3912	3990	3928	3897	4182	4153	4103	4133	4087	3957	3758
188	7	Limón	6	4360	4687	4461	4536	4166	4211	4147	3887	3631	3738	3756	3747	3810	3916	3994	3932	3901	4186	4156	4106	4136	4091	3961
188	7	Limón	7	4352	4367	4694	4467	4544	4173	4219	4155	3893	3637	3744	3762	3753	3816	3922	4000	3938	3907	4192	4162	4111	4141	4096
188	7	Limón	8	4358	4354	4368	4695	4468	4545	4174	4220	4156	3894	3638	3746	3764	3755	3817	3923	4001	3939	3908	4193	4163	4112	4142
188	7	Limón	9	4252	4355	4351	4366	4692	4466	4542	4172	4218	4154	3892	3635	3743	3761	3752	3814	3920	3997	3936	3905	4190	4160	4109
188	7	Limón	10	4266	4253	4356	4352	4366	4692	4466	4542	4172	4218	4154	3892	3635	3743	3762	3752	3814	3920	3997	3936	3904	4190	4160
188	7	Limón	11	4212	4262	4249	4352	4348	4362	4687	4460	4537	4167	4213	4149	3887	3630	3739	3757	3747	3808	3914	3992	3930	3899	4184
188	7	Limón	12	3949	4211	4261	4248	4351	4347	4361	4685	4458	4534	4165	4211	4147	3885	3628	3737	3754	3745	3806	3911	3989	3928	3897
188	7	Limón	13	4148	3953	4215	4264	4251	4354	4351	4364	4688	4461	4537	4167	4213	4149	3887	3630	3738	3756	3746	3808	3912	3990	3929
188	7	Limón	14	4235	4149	3954	4215	4263	4250	4353	4350	4362	4686	4460	4535	4164	4211	4147	3885	3628	3736	3753	3743	3803	3908	3986
188	7	Limón	15	4151	4239	4153	3957	4218	4266	4251	4355	4352	4363	4687	4460	4535	4165	4211	4148	3886	3629	3736	3753	3743	3802	3907
188	7	Limón	16	3703	4151	4238	4151	3955	4216	4263	4249	4352	4348	4360	4683	4456	4531	4160	4208	4145	3883	3626	3732	3748	3737	3795
188	7	Limón	17	3390	3692	4138	4225	4138	3943	4202	4248	4234	4337	4332	4344	4665	4439	4513	4143	4190	4128	3866	3610	3715	3730	3718
188	7	Limón	18	3303	3364	3665	4108	4194	4106	3912	4169	4215	4201	4303	4296	4308	4628	4404	4476	4105	4151	4091	3829	3575	3679	3693
188	7	Limón	19	3140	3281	3342	3642	4083	4168	4079	3885	4142	4186	4173	4274	4266	4278	4596	4374	4445	4073	4119	4060	3798	3545	3647
188	7	Limón	20	3026	3122	3262	3322	3622	4060	4144	4055	3861	4116	4159	4147	4247	4239	4250	4567	4347	4416	4044	4087	4029	3768	3518
188	7	Limón	21	2926	3003	3096	3235	3295	3593	4029	4112	4022	3829	4081	4123	4112	4212	4202	4214	4529	4311	4378	4004	4045	3989	3730
188	7	Limón	22	2764	2925	3000	3091	3229	3288	3586	4020	4102	4011	3817	4068	4109	4098	4198	4188	4200	4516	4297	4361	3985	4027	3972
188	7	Limón	23	2695	2756	2915	2989	3079	3217	3275	3572	4005	4087	3996	3802	4052	4093	4082	4182	4170	4184	4497	4278	4340	3966	4007
188	7	Limón	24	2506	2707	2765	2923	2996	3086	3223	3280	3576	4007	4089	3998	3804	4053	4094	4084	4182	4171	4184	4496	4275	4337	3964
188	7	Limón	25	2570	2518	2716	2773	2930	3003	3092	3228	3284	3578	4009	4090	3998	3805	4053	4094	4084	4182	4170	4182	4492	4272	4334
188	7	Limón	26	2586	2575	2523	2721	2776	2932	3005	3093	3229	3284	3578	4008	4088	3997	3803	4051	4093	4082	4180	4166	4176	4487	4268
188	7	Limón	27	2513	2605	2592	2539	2736	2791	2947	3018	3107	3242	3296	3589	4019	4099	4008	3813	4062	4103	4092	4189	4174	4185	4498
188	7	Limón	28	2571	2537	2627	2613	2558	2756	2810	2966	3037	3125	3260	3313	3606	4036	4116	4025	3830	4079	4121	4108	4204	4189	4199
188	7	Limón	29	2659	2588	2552	2642	2627	2572	2769	2823	2979	3049	3137	3271	3324	3618	4047	4127	4036	3840	4089	4131	4116	4212	4198
188	7	Limón	30	2638	2666	2595	2559	2647	2632	2576	2774	2828	2983	3052	3140	3274	3328	3621	4049	4129	4039	3843	4091	4131	4118	4214
188	7	Limón	31	2491	2642	2668	2596	2560	2647	2632	2576	2772	2826	2981	3050	3138	3272	3326	3618	4046	4126	4035	3839	4085	4126	4113
188	7	Limón	32	2409	2505	2654	2679	2607	2570	2657	2641	2585	2781	2835	2989	3057	3145	3279	3334	3626	4053	4134	4043	3845	4092	4133
188	7	Limón	33	2504	2415	2510	2659	2685	2612	2574	2661	2645	2588	2783	2838	2992	3060	3148	3282	3336	3628	4056	4136	4043	3846	4093
188	7	Limón	34	2331	2508	2418	2512	2660	2686	2613	2574	2661	2645	2587	2782	2837	2991	3059	3147	3281	3334	3625	4053	4132	4039	3843
188	7	Limón	35	2285	2348	2523	2432	2526	2673	2699	2626	2587	2673	2656	2597	2793	2848	3003	3070	3158	3292	3344	3634	4062	4142	4049
188	7	Limón	36	2296	2289	2351	2526	2434	2527	2673	2699	2625	2586	2671	2655	2596	2791	2847	3001	3068	3156	3290	3342	3630	4058	4138
188	7	Limón	37	2152	2298	2290	2352	2526	2434	2527	2672	2697	2623	2583	2668	2653	2594	2789	2844	2997	3065	3154	3286	3336	3625	4053
188	7	Limón	38	2135	2160	2304	2295	2357	2531	2438	2531	2675	2699	2625	2584	2669	2654	2595	2790	2844	2999	3067	3155	3285	3335	3626
188	7	Limón	39	2181	2142	2166	2310	2301	2363	2536	2444	2536	2678	2702	2628	2589	2674	2658	2599	2793	2848	3002	3070	3157	3287	3339
188	7	Limón	40	2018	2184	2144	2167	2311	2301	2364	2535	2442	2534	2677	2700	2626	2587	2673	2656	2597	2791	2846	2999	3066	3152	3284
188	7	Limón	41	1826	2016	2181	2141	2164	2307	2298	2360	2530	2437	2529	2672	2694	2621	2582	2668	2651	2592	2787	2840	2992	3058	3145
188	7	Limón	42	1629	1827	2016	2180	2139	2163	2306	2297	2358	2528	2434	2526	2669	2691	2618	2580	2665	2647	2589	2784	2835	2986	3055
188	7	Limón	43	1726	1624	1822	2010	2173	2132	2156	2299	2290	2351	2520	2427	2518	2661	2684	2611	2572	2656	2639	2581	2774	2825	2978
188	7	Limón	44	1560	1718	1615	1813	2001	2164	2124	2147	2289	2280	2341	2511	2417	2509	2652	2674	2601	2563	2646	2630	2571	2764	2815
188	7	Limón	45	1585	1561	1718	1616	1813	2001	2164	2124	2147	2289	2279	2340	2510	2416	2508	2650	2673	2599	2561	2645	2628	2569	2762
188	7	Limón	46	1453	1585	1561	1717	1615	1812	1998	2162	2122	2145	2287	2277	2338	2507	2414	2505	2647	2670	2597	2558	2642	2624	2566
188	7	Limón	47	1276	1445	1578	1553	1709	1608	1804	1990	2154	2114	2136	2279	2269	2329	2498	2405	2496	2639	2662	2587	2548	2633	2617
188	7	Limón	48	1271	1278	1447	1580	1555	1710	1609	1805	1990	2153	2113	2136	2279	2269	2329	2498	2405	2495	2639	2661	2585	2546	2632
188	7	Limón	49	1172	1269	1278	1447	1579	1554	1709	1608	1805	1989	2153	2113	2136	2278	2269	2328	2498	2405	2495	2637	2659	2584	2547
188	7	Limón	50	1184	1173	1271	1279	1447	1578	1554	1708	1607	1804	1987	2150	2110	2134	2277	2267	2327	2497	2404	2494	2634	2656	2582
188	7	Limón	51	1008	1186	1175	1273	1281	1447	1578	1555	1707	1606	1803	1985	2149	2109	2133	2277	2267	2327	2496	2403	2491	2632	2654
188	7	Limón	52	883	1004	1180	1170	1267	1275	1441	1572	1548	1700	1599	1795	1977	2140	2101	2125	2269	2259	2319	2488	2394	2481	2624
188	7	Limón	53	901	871	993	1169	1159	1256	1264	1430	1561	1538	1689	1588	1784	1966	2129	2090	2114	2257	2248	2308	2477	2383	2471
188	7	Limón	54	860	1042	987	1091	1256	1241	1335	1342	1504	1626	1594	1737	1634	1831	2009	2175	2134	2161	2307	2297	2342	2495	2407
188	7	Limón	55	765	854	1035	981	1084	1248	1234	1326	1333	1493	1616	1584	1727	1625	1821	1999	2165	2125	2151	2298	2285	2329	2485
188	7	Limón	56	683	762	850	1031	977	1079	1243	1227	1320	1327	1486	1608	1576	1721	1619	1814	1991	2157	2117	2144	2289	2278	2320
188	7	Limón	57	639	678	757	845	1025	971	1074	1237	1221	1314	1321	1480	1600	1569	1714	1613	1808	1984	2150	2109	2135	2281	2278
188	7	Limón	58	615	640	678	756	843	1022	969	1071	1232	1217	1309	1316	1475	1595	1565	1709	1608	1803	1977	2145	2101	2126	2272
188	7	Limón	59	585	609	635	673	750	837	1015	962	1063	1222	1208	1300	1308	1466	1586	1557	1700	1599	1794	1967	2132	2089	2115
188	7	Limón	60	623	579	604	630	667	745	830	1008	956	1055	1214	1200	1292	1301	1458	1577	1548	1692	1592	1784	1955	2121	2080
188	7	Limón	61	563	619	577	601	627	664	741	826	1002	951	1050	1208	1194	1286	1295	1451	1570	1541	1685	1584	1774	1944	2112
188	7	Limón	62	493	559	614	573	597	623	660	737	820	995	945	1043	1200	1186	1278	1287	1442	1561	1533	1675	1573	1763	1934
188	7	Limón	63	529	489	554	609	568	592	618	656	732	814	989	939	1037	1192	1179	1271	1279	1434	1554	1524	1664	1563	1755
188	7	Limón	64	519	522	483	547	602	562	586	613	650	725	807	980	931	1028	1183	1170	1261	1270	1424	1543	1512	1651	1553
188	7	Limón	65	508	516	520	482	545	599	560	584	612	647	722	803	974	926	1023	1177	1164	1256	1264	1416	1533	1504	1643
188	7	Limón	66	436	503	511	514	478	541	594	555	580	607	642	716	797	967	919	1016	1168	1156	1248	1254	1404	1522	1496
188	7	Limón	67	378	429	494	502	506	470	533	586	548	572	600	634	708	788	957	909	1004	1156	1145	1235	1240	1390	1510
188	7	Limón	68	366	373	423	487	495	498	464	526	579	541	565	593	627	701	780	947	899	993	1145	1134	1222	1228	1377
188	7	Limón	69	353	359	366	416	479	487	490	457	519	570	533	558	585	620	693	770	936	888	982	1133	1121	1208	1216
188	7	Limón	70	368	345	351	359	408	470	479	482	449	510	561	525	549	577	611	683	759	924	877	970	1117	1105	1195
188	7	Limón	71	328	358	335	342	350	397	459	467	471	438	498	549	515	538	567	600	672	746	909	863	954	1099	1088
188	7	Limón	72	273	320	349	327	334	342	389	450	457	460	429	489	539	505	529	557	590	661	735	897	849	939	1085
188	7	Limón	73	282	269	314	342	321	329	337	382	441	449	453	422	480	530	497	521	549	581	653	726	884	837	928
188	7	Limón	74	274	275	262	306	333	314	322	330	374	432	440	443	414	471	520	487	512	540	572	644	714	869	825
188	7	Limón	75	271	263	264	252	295	321	303	311	320	362	419	427	430	402	458	507	475	499	528	559	628	698	853
188	7	Limón	76	224	264	257	257	246	288	313	297	305	313	355	411	419	422	395	450	497	467	491	520	549	618	687
188	7	Limón	77	183	216	254	246	248	238	278	303	288	295	303	344	399	407	410	385	438	485	456	480	507	534	603
188	7	Limón	78	199	176	208	244	236	239	229	269	294	278	285	294	333	388	395	398	373	426	473	444	467	493	520
188	7	Limón	79	181	191	168	200	234	227	230	222	260	283	269	275	284	323	377	384	386	362	414	460	432	454	481
188	7	Limón	80	183	172	183	161	192	225	219	221	213	250	273	260	265	275	313	365	371	374	351	401	446	419	443
188	7	Limón	81	150	172	162	173	152	183	213	207	210	203	238	260	247	253	263	299	350	357	359	337	386	429	407
188	7	Limón	82	116	140	161	153	163	144	174	202	196	199	193	226	247	235	242	252	285	336	343	346	324	371	413
188	7	Limón	83	103	110	132	151	145	156	137	165	191	187	190	185	216	235	227	233	242	273	323	331	333	312	357
188	7	Limón	84	96	96	103	122	142	135	148	129	156	180	176	180	175	205	223	216	221	231	261	309	316	318	299
188	7	Limón	85	106	87	88	94	112	130	124	137	120	144	166	162	167	164	192	209	204	208	219	246	292	298	301
188	7	Limón	86	97	97	81	82	87	104	120	115	129	112	134	154	152	157	154	180	197	193	198	209	233	275	283
188	7	Limón	87	73	87	88	72	75	80	95	109	105	120	103	123	142	140	146	143	167	185	181	186	196	217	259
188	7	Limón	88	54	66	79	78	65	67	72	86	99	96	111	95	113	130	129	134	131	156	172	170	174	182	202
188	7	Limón	89	42	47	58	69	68	57	59	63	76	88	85	102	85	102	118	118	122	120	143	158	158	160	167
188	7	Limón	90	36	38	43	52	62	62	52	53	57	69	79	77	95	78	94	108	108	113	112	133	147	146	147
188	7	Limón	91	24	31	33	37	46	55	55	45	47	50	61	70	69	87	70	84	97	98	103	103	122	134	134
188	7	Limón	92	20	21	27	28	32	40	49	47	39	40	43	53	61	60	78	61	74	86	88	93	92	110	121
188	7	Limón	93	16	18	18	23	23	27	35	42	41	33	35	38	45	53	52	70	54	66	77	79	83	82	100
188	7	Limón	94	10	14	15	16	19	20	24	29	36	35	29	30	33	39	45	45	64	48	59	69	69	73	73
188	7	Limón	95	8	8	12	13	13	16	17	19	24	31	29	24	25	27	33	38	38	58	42	53	61	61	64
188	7	Limón	96	6	7	7	9	10	11	14	15	16	21	26	25	21	22	24	28	33	33	55	38	48	54	55
188	7	Limón	97	4	5	6	5	7	8	9	11	12	13	17	21	21	17	18	20	24	27	28	52	33	41	47
188	7	Limón	98	3	3	4	4	5	6	6	7	8	9	10	13	17	17	14	15	17	20	22	23	49	28	36
188	7	Limón	99	2	2	2	3	3	3	4	5	5	5	7	6	9	12	11	10	10	12	13	16	16	45	24
188	7	Limón	100	3	3	2	3	3	4	4	5	6	6	6	7	9	10	11	12	12	12	14	17	33	33	33
