country_code	reg_code	name	age	2000	2001	2002	2003	2004	2005	2006	2007	2008	2009	2010	2011	2012	2013	2014	2015	2016	2017	2018	2019	2020	2021	2022
188	1	San José	0	14104.4914863644	14673.8035180506	13631.0796152907	13556.3780412929	13337.7490893864	13047.2937949334	12974.0494022911	13145.8258255885	13083.8607715773	12440.690150831	12132.2017876479	12357.7638323323	11916.4051228607	11653.6583656174	11673.4505634486	11337.8118596499	11060.1187472842	10573.7205135666	10067.483441848	9076.36469245408	8238.66428397927	7734.24381075067	7747.57586111815
188	1	San José	1	13968.6882566033	14110.1481489075	14678.9739856804	13636.8480928449	13558.3797846703	13342.1210593598	13049.8220831878	12973.4767742249	13147.6363453626	13083.9464477121	12437.1137741278	12128.7756647981	12354.592486249	11914.7752958068	11650.2368870462	11672.6020543149	11336.1480019121	11061.8834013963	10576.9291675517	10071.7986316136	9079.31023346499	8242.48151265453	7738.00486896055
188	1	San José	2	13885.6099261664	13975.3377202091	14114.5348129836	14684.1973725782	13642.5498141866	13561.3662925762	13345.2893474531	13049.1172812222	12976.5544367058	13149.9715172179	13084.02876566	12437.894111898	12127.786796621	12353.892177508	11914.1562741606	11650.3954021139	11671.7596964369	11336.0001443439	11063.4160504352	10575.1354903815	10072.1665143217	9079.63773138448	8243.03369098848
188	1	San José	3	14199.5531254851	13891.5955817232	13980.7367200669	14118.7733273112	14686.8031832891	13644.5219633238	13567.2490937209	13347.4367539404	13052.6375812302	12977.1467929018	13151.6366728654	13086.1407811465	12436.501301696	12126.9081235376	12352.9061413627	11914.067502793	11649.3470129444	11672.6400898856	11338.4967733906	11063.1580832881	10576.8608266442	10073.1311691394	9080.11886089554
188	1	San José	4	13831.8960110068	14204.8329266249	13894.1854959934	13982.7836467335	14120.8832391291	14690.7846037856	13648.5650587234	13568.5423141896	13348.2665271896	13054.6518895842	12978.922941659	13152.2041620827	13083.1181373903	12436.5080399701	12126.5029780216	12353.641352805	11913.7816747858	11650.4199197793	11674.4533900571	11340.748332434	11064.1028895108	10577.4304601475	10074.509827781
188	1	San José	5	14561.7044905512	13766.5195036188	14136.2342000264	13826.4558534709	13910.0522987177	14051.9031149369	14624.9980096035	13585.460077497	13506.4463016425	13285.5726098671	12987.2088175865	12912.0613311097	13080.8421739001	13013.6944805173	12368.3233783403	12060.3387845626	12283.7078148638	11844.1467127564	11580.9812754235	11602.8049708533	11268.5742551906	10991.7727238435	10505.2077350366
188	1	San José	6	14382.710959299	14482.7141956148	13692.3948061487	14056.2239183972	13743.8962353881	13826.5388707079	13975.6960186531	14548.3414782456	13513.1546234783	13432.0928201443	13209.7694059762	12914.957136637	12836.1095597321	13001.8890113078	12932.7385800015	12290.8675111706	11984.1341187789	12204.5025371908	11766.6901107887	11503.969753983	11523.6438001119	11190.1016051287	10910.7371521795
188	1	San José	7	14597.5495041435	14308.0662289552	14406.3893399724	13615.6836739994	13976.3155611663	13665.5352423609	13744.0810347292	13897.1880767542	14471.1345579881	13440.6497779029	13359.8895785732	13135.2169964941	12839.8055921603	12760.7070472623	12923.4838770446	12854.0815865442	12215.9615656372	11906.7257614365	12126.3448225536	11689.3282495574	11425.3036403087	11444.9786291119	11111.1219620753
188	1	San José	8	14472.3302251226	14523.2000261508	14235.1448678928	14328.6798556772	13540.5209305424	13896.457059187	13586.8287123786	13661.521212109	13819.7300452715	14395.0786280038	13368.6465922395	13285.3868717893	13061.1154593225	12766.5532073829	12686.4532530147	12845.9786210362	12775.5762057145	12139.4542936289	11832.4660130761	12048.7818920934	11612.8110666542	11349.880108583	11368.8108432799
188	1	San José	9	14747.117549054	14384.5775686915	14434.1318396265	14143.3869727153	14233.9694428731	13447.3555463625	13804.2010732379	13491.4702046788	13562.9608086305	13725.875068428	14305.1252733922	13283.1943983728	13197.2844079318	12971.6627686803	12676.7991836301	12596.9480901376	12753.7247319935	12681.8191572031	12049.1958310414	11741.4043217402	11955.6680482797	11521.5335825214	11259.2162751581
188	1	San José	10	15050.6220962681	14669.5110736948	14307.4054130703	14353.5220140132	14061.3312874554	14148.9548178319	13367.7461864571	13718.7443244504	13406.3115896221	13474.1059059871	13642.8218450845	14223.1732382616	13205.591635161	13116.1809519881	12895.3081711646	12599.2933630261	12517.9444012309	12671.4692506521	12598.3091306753	11969.4859383725	11662.8903184425	11871.9949724655	11440.3578918752
188	1	San José	11	14742.1188281381	14961.5070623354	14581.0807407726	14218.4462113568	14260.6127372486	13971.3723475834	14053.3938687793	13277.0862852719	13622.3870260871	13308.6572463154	13371.5018026725	13548.0696796573	14129.6208080962	13115.5378983794	13025.2248589826	12803.1031727193	12509.8379583935	12426.4905615584	12577.5095208039	12503.9453008815	11877.6712409764	11571.1555982831	11778.5113770051
188	1	San José	12	14500.2750619227	14658.3987103047	14876.426490306	14498.9717656794	14132.0346956325	14173.7515048151	13882.7121819703	13966.1324522996	13189.025410065	13532.0321976439	13216.1515702341	13277.3490188387	13458.3672084948	14043.917568718	13032.9317276368	12942.718430121	12719.8475322465	12425.5811135506	12341.7301207843	12489.6413891662	12415.670342489	11792.8189478611	11487.0963121764
188	1	San José	13	14929.9948436163	14440.5922463428	14598.9098800395	14814.8656407384	14431.757124581	14068.5199584608	14108.692296827	13817.8489803899	13897.6188780448	13125.1180189999	13462.1260913033	13146.7468898354	13205.3962314758	13390.1639436633	13977.3107834908	12969.5227391676	12879.8117435507	12657.43907307	12362.6683608859	12274.8096309368	12421.3517614587	12349.1550674534	11725.8122328691
188	1	San José	14	15145.2439676977	14856.7496665417	14367.387532295	14525.8452227864	14738.0479532316	14356.6877568503	13991.0570496212	14030.5749068677	13737.8817405382	13814.2061505966	13043.4609001951	13377.8700024496	13060.9433375392	13118.0921758897	13307.7040897195	13896.7976623971	12894.1128569859	12803.6493428674	12579.7750346324	12284.5980409338	12196.2212319422	12339.3671199807	12264.2082334791
188	1	San José	15	14709.7316972725	15072.6322819519	14783.2389123676	14296.3148119805	14451.7235438829	14661.5747852912	14280.7207335673	13914.73224032	13951.802451296	13656.9664333358	13726.9941590963	12963.1540011224	13292.7634600406	12977.087267313	13029.5809227009	13224.8868636395	13815.3323755828	12819.3949476258	12727.1764090838	12502.2465006397	12206.1628215448	12115.4666155526	12258.904476378
188	1	San José	16	13753.6441579902	14653.4211500133	15012.8534221884	14724.606369215	14241.4393581859	14394.0452514256	14600.703886971	14217.6396194705	13854.7503149882	13888.9855916804	13592.6536359997	13660.0848872502	12898.5949560948	13226.0536400931	12910.220802124	12959.5598462941	13159.7167228069	13752.9045615387	12757.9613629402	12667.2829511401	12440.7896900289	12144.4752784822	12054.4085192681
188	1	San José	17	13718.2653233402	13726.1760128922	14621.3628291239	14981.4133811377	14696.4778562847	14211.4044487089	14361.3669951469	14565.7655015297	14180.3472529605	13818.2761213755	13851.5712398053	13555.2927804243	13622.6745246469	12863.931858376	13188.831770414	12870.1910879425	12921.2851467905	13123.431589591	13715.3577173809	12724.3595663145	12628.2932471634	12405.9143259044	12110.0104672056
188	1	San José	18	13668.2606373584	13722.9630304167	13724.1691964884	14616.6625092192	14976.5768191754	14688.7853009523	14202.4679858116	14351.0707372389	14551.3160421246	14169.2642528087	13805.4080016321	13838.4085729838	13542.3309362567	13610.9588255854	12853.4084969133	13174.5976005518	12855.3074236271	12908.6465812389	13110.2752937524	13703.2397576799	12709.3974456148	12615.998030526	12394.6811338847
188	1	San José	19	13535.6753320639	13692.573757882	13740.7097895277	13739.91388261	14632.6705574684	14989.5287059495	14699.8921999	14212.2642038083	14359.6174116378	14559.27894407	14175.994369448	13814.7443906626	13846.4455005399	13550.3641405757	13619.9289676301	12859.6744914829	13181.3083411813	12865.0084790627	12918.0864280818	13117.1875985703	13706.1554830628	12712.1904504376	12623.4292668423
188	1	San José	20	13299.8733570996	13553.9924732781	13706.6993950378	13757.1606110501	13753.0191468032	14644.9700244052	15001.2862364194	14707.231155685	14217.4020807746	14367.0809699235	14564.8060063139	14183.1301840455	13819.07880099	13857.0283731146	13557.6280896639	13626.9882292091	12866.281693548	13189.4005649457	12872.231802474	12924.2470791997	13117.021790703	13708.6599543187	12720.7985672223
188	1	San José	21	13121.8016493011	13318.1078492372	13571.6657304547	13723.0938545392	13773.0193215435	13767.0637437747	14659.6283168384	15011.2779962308	14712.3121500935	14223.6103140194	14374.3583141561	14571.2407997137	14189.2129269048	13828.4078599971	13863.540326981	13561.5787876722	13631.8397789001	12872.9679889774	13196.9670762613	12877.4368830929	12928.325634301	13120.0967714635	13710.1066173228
188	1	San José	22	12549.1804505162	13142.4374144147	13338.9849173384	13587.5595017696	13741.0534259925	13785.9657625547	13778.8708177005	14664.6609337168	15017.0133893556	14715.4686197858	14230.9879195631	14381.7431240939	14575.8240952153	14192.3888362594	13832.3685330774	13867.4402304689	13565.1770487284	13636.3732803344	12878.6337338304	13201.9085468384	12880.0679517824	12929.6865386013	13120.1315772463
188	1	San José	23	11773.1366629166	12556.1276083864	13147.061381518	13342.3792006305	13589.4112738158	13745.7543142216	13787.1744908483	13772.9515538576	14659.5352230743	15012.5728497384	14710.7938819572	14226.8226028369	14377.4772569821	14572.9509355304	14187.046562788	13825.8194697215	13860.4412176442	13557.5113846648	13631.8341107361	12872.5165056089	13191.1262782475	12870.3751165518	12919.4608684552
188	1	San José	24	10939.4880514134	11766.8741077197	12543.595149176	13131.9505589139	13325.9814846538	13574.6079133133	13728.5628460611	13769.5217107152	13747.9728548147	14635.0920637673	14986.9955485815	14688.3781257311	14205.8064004427	14356.7052323096	14544.8583918322	14162.2452686881	13802.5723370543	13835.8766860784	13535.4756026021	13605.8188963312	12843.4687893609	13163.1847504329	12842.6290894591
188	1	San José	25	10921.528270736	10909.8235987576	11728.0085622604	12502.592163013	13085.4036962325	13278.1252512761	13525.263266066	13679.4589946255	13717.2575658301	13693.9808597879	14576.0626453191	14930.1270948447	14634.1614116917	14150.8335599887	14299.9146431115	14485.6051027203	14100.7950929398	13746.0591416547	13777.638802253	13472.506525857	13537.6742563672	12778.5344236965	13102.9110564904
188	1	San José	26	10665.2706580076	10879.6808327518	10870.410116933	11684.458468976	12454.8454047521	13034.8472234485	13225.5273827822	13468.1989908882	13623.9453773916	13660.2676196953	13636.9540460231	14516.1431254067	14870.5109502937	14575.2880099882	14093.3929744968	14237.5098246447	14421.6523652846	14039.278994204	13687.672994873	13711.8582788522	13406.6589971743	13470.8012920127	12714.0099433726
188	1	San José	27	10540.1117368091	10610.0536674032	10820.4097290778	10813.3582051354	11625.0663465662	12388.2909896394	12963.3522508905	13149.7643701479	13390.1257312565	13545.8528800961	13586.3948363349	13560.9356207259	14439.1765826611	14789.3877271889	14493.4939337847	14015.240408605	14155.0553498683	14338.53207421	13959.4448256087	13604.2498111076	13620.4405471447	13315.2118926248	13384.6558598311
188	1	San José	28	10214.7885453273	10467.6542495059	10537.7404246856	10748.1591825527	10743.1180134863	11549.0119830026	12308.6005443246	12879.0968841606	13060.044570645	13299.9789134577	13460.2784631613	13497.6763128132	13476.3678036377	14348.5017146272	14696.7438619829	14402.0402939783	13924.0878020848	14064.2363949599	14245.5871001216	13867.4295659496	13504.1809068495	13518.9571719846	13217.0439358227
188	1	San José	29	10167.9994715419	10128.2737724266	10375.9294893823	10447.9398753854	10661.9682878755	10658.1163652316	11459.5664449355	12212.7461965203	12778.6367319245	12958.6501271322	13198.6025846349	13359.510997546	13395.8064879055	13377.4929731441	14244.0590043594	14589.3399398787	14293.8373445053	13820.4694506748	13960.7431579151	14137.5643512576	13752.4702285895	13388.0385021762	13406.4530486073
188	1	San José	30	9864.47128289369	10075.17519534	10033.8099742573	10276.0713330365	10349.5948313797	10566.5207958833	10562.9704135725	11361.4635600489	12109.0363664673	12667.8445372194	12849.7240426179	13091.7859540458	13250.5914646876	13291.1333653345	13269.497630956	14130.355969907	14472.3377314425	14182.4182952696	13713.9317709677	13847.8659871683	14016.455548512	13629.7916136237	13266.7796400105
188	1	San José	31	10190.9945033089	9783.976687096	9992.71933906201	9948.06204080425	10184.6739583779	10261.9936664536	10478.4274108879	10478.4147770363	11274.1054296642	12010.8445655663	12569.3658455717	12752.707131265	12994.5693315417	13152.9675517882	13194.5942679199	13170.7396009619	14030.5574071478	14369.1190820368	14081.3289155435	13613.7013472799	13741.8486586724	13906.5704100244	13518.1491559975
188	1	San José	32	10812.923515509	10101.4368975233	9695.64295511245	9901.5762904349	9855.37217008135	10088.5186826253	10167.8497374251	10381.0184386354	10383.7036582512	11175.5162712565	11907.5659869591	12465.7985634998	12649.9398836653	12890.64518999	13052.4781508376	13090.5425736561	13065.8874066151	13923.7926568996	14261.2270442132	13971.4948446651	13501.0214036834	13628.3227324151	13794.4979059041
188	1	San José	33	10380.3550891897	10690.3092726191	9979.84927737762	9577.83508412342	9782.8369444165	9731.77228402643	9961.02438454164	10041.8435168222	10255.8049709468	10265.4656641237	11048.0894562667	11777.0484892718	12330.9807537167	12517.2150022653	12756.6007880365	12916.3777938588	12956.6428100812	12937.0716803739	13785.3441221723	14120.5571881734	13822.3831611752	13359.4583553108	13484.2751325596
188	1	San José	34	10432.1409763766	10285.2921192759	10587.4836406991	9883.39179811784	9485.29016493017	9685.288031132	9636.43033705335	9859.51752870563	9940.23324300224	10156.6645682688	10170.2411730536	10951.5222724192	11679.3825306246	12227.3065353789	12412.7215405464	12650.2972660961	12813.1804632436	12852.524607669	12831.676273527	13676.3218331379	14004.0597797901	13707.5423253164	13248.0429696233
188	1	San José	35	10355.0914795957	10334.525788759	10186.3161673139	10481.7288360229	9785.30099007106	9387.88618319403	9583.59841300106	9531.6726194218	9752.40456070683	9833.78964995543	10055.1407140864	10072.7246076127	10853.1573634495	11576.2610162952	12119.1132254281	12305.2217045011	12539.8994064816	12705.5192075087	12746.0867363463	12724.2426126218	13559.9244528358	13878.5533471789	13591.602035364
188	1	San José	36	10250.0842818313	10279.9664524251	10256.6440357779	10110.1086963794	10401.43932701	9709.05207227051	9313.43983862673	9503.93958082319	9448.75719067381	9668.56196073651	9751.56124029646	9978.17452299709	9997.50840745446	10776.6851989976	11495.3726333162	12033.6603364801	12221.8754177955	12457.5392907513	12625.2856137604	12660.0518658474	12632.6235849355	13463.6871134727	13783.3148419599
188	1	San José	37	10336.1834954308	10158.5624090886	10185.0284276053	10159.4767392301	10017.5584714263	10305.3391151929	9612.70272359443	9218.27980420458	9406.72409615237	9348.81609171994	9568.88415151005	9654.24345357639	9885.35814424009	9906.68324606924	10683.09737498	11396.2217801386	11931.9605372009	12120.4081243843	12357.9475185925	12520.4989445945	12551.7853708273	12526.851143378	13356.1519657497
188	1	San José	38	10082.6057992335	10260.0239761794	10082.2696243104	10107.2601630644	10079.9175329838	9938.29272237898	10223.2404195151	9534.74273241615	9142.66563622717	9327.73331113131	9271.54008256601	9488.21546098314	9579.5771208856	9808.93326326643	9831.84063204628	10606.7496431018	11313.2196550122	11847.0426402914	12034.952573443	12273.1584866143	12431.2752086995	12460.4504635792	12444.0345678683
188	1	San José	39	9818.69308104751	10019.3797793143	10192.6205494887	10014.6042498731	10036.4522507893	10008.3434804435	9869.39006575959	10149.4802803395	9464.67996988555	9073.2225283169	9257.00628951315	9201.3717462201	9417.7968935718	9511.40428043161	9739.49068625893	9763.9904394992	10535.4000439586	11238.8497364322	11772.640649989	11956.0026746777	12189.2895903308	12346.8663439735	12382.5949589095
188	1	San José	40	8960.55026989339	9735.71061778312	9935.62532635235	10103.9505196209	9929.99652864897	9947.72870283617	9920.13703627596	9782.57930840635	10058.3149354758	9378.23665650708	8987.49230280781	9171.48733839313	9115.70183201299	9331.62299403863	9425.71369493967	9655.14253819309	9683.14591831301	10450.7846232201	11148.1946182494	11677.4360144783	11856.4147007607	12091.0037712598	12251.2877197722
188	1	San José	41	9270.06538272028	8885.4294091515	9659.55084571358	9857.30994358984	10024.791229346	9848.22026087094	9868.06818796965	9838.61167593427	9702.20806575698	9977.27001828741	9298.60549511907	8912.07120279874	9093.71618860473	9039.52506281252	9253.93012459038	9351.7640888192	9581.14730948637	9613.63953291417	10372.1294740224	11067.1976123083	11583.0188614155	11768.1649879467	12008.379885847
188	1	San José	42	8614.10301919709	9206.70432951754	8823.07881302486	9596.18074045888	9795.09775211102	9959.41622980992	9783.1056546217	9798.68189046146	9770.22558003635	9635.40611704319	9907.53904530018	9234.18378497245	8850.39868713251	9026.93526243171	8974.6775551269	9188.82481573192	9286.91214973943	9519.73218674357	9553.34576405656	10308.7363054932	10991.3430743462	11503.9104408049	11696.0140305952
188	1	San José	43	8087.4074834333	8533.02210113278	9118.7889642092	8743.99037973012	9510.00870166427	9713.02442841882	9875.95273310304	9700.22295350324	9711.78615703496	9684.51909967992	9555.27154636089	9824.11634602789	9155.76150574823	8770.46716131702	8947.33642214295	8893.76640383337	9108.57238554488	9204.48594265119	9440.27446600015	9474.89509059902	10223.1945421158	10901.8138710367	11416.5798404001
188	1	San José	44	8125.0461979006	8029.93132102133	8470.42301688638	9055.24985382843	8680.46101272169	9448.57753814637	9648.05807872811	9809.06673158949	9632.83011972374	9646.1797166142	9617.83164110054	9491.54702394093	9761.04417071312	9093.78000538594	8711.96780278852	8884.77294116678	8832.31097817079	9044.49558727967	9140.86899285753	9374.0047117148	9407.3941826133	10151.9429619387	10836.1301046061
188	1	San José	45	7962.52247314288	8055.70975720829	7964.1278667012	8402.79048959687	8981.87426171111	8611.66643633929	9374.75424408912	9572.16658183783	9732.51917691066	9561.97656720007	9573.59225925982	9548.30692323575	9423.42425498663	9687.66157415776	9024.3269636562	8645.25566200094	8812.66201784832	8761.43587624507	8974.08578977883	9066.79668553874	9294.02988648423	9330.42022556869	10077.8971468165
188	1	San José	46	7523.03673210962	7901.43689871318	7992.27414174105	7906.9889214293	8342.41590870654	8918.08175362929	8551.83963867696	9311.11213694383	9507.11806061001	9669.76079594378	9503.99143621542	9512.2648015349	9489.13101195699	9363.23955449179	9624.05596714954	8963.06365582263	8584.49512486504	8753.48613609108	8702.8713744209	8911.32369459386	8995.3586353526	9224.85258550184	9269.24160136739
188	1	San José	47	7097.9624757984	7456.23500927099	7833.75485506346	7925.77617096489	7847.35815602918	8280.47482191703	8853.85634945241	8487.53858897277	9244.16519380046	9441.80679174604	9605.72124320061	9438.01243973899	9445.28439442793	9422.89164329378	9301.43168944737	9559.73786896445	8902.25433892941	8524.66209276217	8692.22154771521	8638.65021111583	8839.26712946996	8926.98589524668	9158.13898454762
188	1	San José	48	6637.77090186649	7035.26719630505	7390.97051575899	7766.60739903956	7859.39235915647	7781.15910213817	8211.59582506142	8782.15153830568	8418.17159021492	9177.69926202581	9371.96276011161	9537.04162105265	9370.23141260539	9376.24261468139	9356.17889199909	9234.55922290565	9490.62160804596	8838.11516731614	8462.73428193862	8626.28772355838	8564.47122926889	8767.53575544405	8863.92703308094
188	1	San José	49	6218.1001847415	6578.27795055584	6969.25603550343	7326.07805370863	7697.31938439147	7791.29046268082	7714.62401036833	8142.34878041768	8705.47671353331	8344.14125865315	9105.55202405046	9301.48037430048	9469.81193788177	9301.73872777796	9309.07585443544	9286.49865640712	9165.13601796189	9418.67331908716	8770.37314495168	8396.23798715122	8547.87969396837	8487.05238605687	8700.00515503919
188	1	San José	50	5796.47858814672	6157.55741918633	6515.77591978642	6903.70999516311	7257.74016387299	7625.91229670445	7719.9554146555	7646.47180166373	8073.63966359718	8629.24305454478	8275.28903371693	9034.366975429	9232.04808967049	9397.11491790939	9229.8628983485	9236.69078773349	9212.36873137685	9092.72527364915	9345.72517704065	8695.25293287802	8314.41960121771	8469.19864646419	8416.85183214614
188	1	San José	51	5617.76605601903	5741.4069204118	6100.37894735414	6459.32999414383	6842.72268354316	7194.53241403238	7562.27657341248	7655.84728484794	7586.46307268733	8005.51037650863	8559.7890502136	8214.65359057334	8967.72935758422	9164.64780486667	9325.28062268566	9162.76821599232	9172.3584535462	9145.75086405378	9025.5530851496	9273.88358038839	8619.17749489409	8236.29150862552	8401.51844950012
188	1	San José	52	5566.97894577869	5549.68519722431	5672.04518022639	6031.27739828802	6388.04083072895	6768.2150306877	7117.84364288714	7482.86543920446	7577.88190674334	7512.13733562597	7926.00382707678	8484.55346123946	8138.66516172909	8889.8786250044	9082.86146260418	9241.22629413334	9083.47948839407	9094.5398337269	9065.62257438445	8943.59743434918	9177.91030791475	8529.14354632823	8160.56447768717
188	1	San José	53	5093.83569622306	5497.31893659058	5482.67575978065	5607.13880229561	5961.33116394883	6315.22674419478	6691.82371277014	7040.22590788894	7407.94680643932	7505.20714562624	7436.6800192634	7847.56360631409	8409.11725981072	8065.21278379376	8812.14089459232	9003.11103384794	9156.32579229437	9003.80294590457	9013.80946080714	8984.95887943879	8847.60736081804	9080.05050434886	8441.51099021999
188	1	San José	54	4896.69917087509	5032.80549392504	5433.12276014573	5419.46943781119	5544.24022457625	5892.2101391488	6245.53274985605	6618.49769663454	6968.85091534806	7340.32079538081	7433.15082350032	7367.2873357718	7780.42486633852	8336.21280424184	7996.77215864698	8739.03370811092	8930.76605346765	9079.03928563582	8931.21267003324	8938.87734428948	8894.09686763664	8755.79919723435	8999.14225759439
188	1	San José	55	4745.91610093915	4840.25946527586	4974.45502464393	5372.9699017685	5357.62435990336	5480.41914371099	5824.9631844458	6176.9090937549	6546.41180092537	6900.27200493142	7271.16692599268	7361.30788768466	7299.1947514508	7709.569581622	8261.81800728041	7924.21002028594	8663.58347562839	8850.02455962487	9000.49101695995	8850.56222705416	8843.15247365895	8794.76383475222	8667.78878280603
188	1	San José	56	4275.11387685937	4679.62915105792	4774.8538276648	4911.24672182749	5307.82757479745	5292.86047185555	5413.97120911448	5755.28912759656	6105.37457553111	6472.4748031677	6831.41783410203	7197.32487644166	7287.86461311969	7228.48808842419	7632.32023896185	8185.55634038356	7849.55257223375	8582.62494658432	8770.00968096576	8914.46481277348	8754.48441154244	8761.51930268051	8707.50934893456
188	1	San José	57	4075.64346905686	4217.87723921955	4620.77383348881	4713.08132638624	4858.15876069058	5248.51743089412	5232.46536638981	5348.43852275647	5689.3042263978	6034.83234418372	6401.61407261085	6762.62490454721	7123.52953621387	7213.80262014151	7157.1313386399	7555.29789271273	8107.29438879144	7774.24112753205	8497.23110101129	8681.1072262115	8815.61649434685	8655.84624427631	8724.93137187233
188	1	San José	58	3791.65471068824	4011.85427746147	4157.57065257467	4552.79870803786	4650.78525764335	4799.15199424966	5179.27522057206	5158.98409057275	5276.33963636652	5618.56451194677	5957.26437810657	6321.71670207574	6680.62570312792	7039.76274865404	7129.2392665244	7071.89364636028	7466.42281572174	8019.37935043482	7686.98873882938	8402.4564029965	8574.62964439537	8693.56618220111	8522.67064855153
188	1	San José	59	3647.18511484335	3749.08549443339	3965.58959445039	4106.15001744536	4494.54122292842	4598.02800176061	4743.96119888915	5118.70482954478	5092.93652087622	5213.24702243868	5546.29906064014	5882.76515598418	6241.36448922561	6602.5095518981	6960.09865841063	7042.04441345216	6989.8109579036	7379.04422435561	7931.42918707107	7598.34206716253	8296.58818040636	8467.71589532358	8576.95559680266
188	1	San José	60	3409.64526997722	3577.79971016221	3681.52573694778	3894.47373222443	4034.19513806834	4422.57093149254	4527.48811948836	4673.54601516658	5040.31733627464	5015.13948377037	5137.63524663743	5464.6012195372	5794.06161094836	6152.64608091075	6512.4930555334	6865.41140995692	6943.60857917756	6895.07387251866	7280.48264362724	7826.91861542813	7488.44268645268	8180.69497580327	8352.83119204168
188	1	San José	61	3380.61977468764	3361.85339794037	3527.2701770346	3631.31435949328	3841.17065113114	3977.5171295665	4364.82380181153	4465.11050949325	4611.55912856277	4969.26769094003	4946.42259096519	5073.5876661276	5390.54820970061	5713.98754093758	6072.52195532912	6432.10530066428	6778.87402001231	6855.01415209994	6809.65231478966	7184.35663834714	7716.14122812294	7380.24253738054	8070.71600966173
188	1	San José	62	3423.11289173828	3335.13487600687	3312.03955539886	3475.09704353098	3580.66444962074	3784.63917881101	3919.16013969149	4302.59024452511	4398.25890944798	4543.65676074493	4895.69600079977	4876.62233211105	5004.53741726683	5310.97352668121	5632.11325619877	5984.87549719224	6346.97021057609	6684.91747792565	6759.72730117546	6715.92251735177	7067.20092547858	7599.08092483866	7270.41278485761
188	1	San José	63	3043.82930695498	3368.43625539657	3276.86610793989	3251.59307490586	3418.99165217679	3519.78635476302	3719.32844513232	3855.82768781852	4234.14033079419	4324.2512907895	4474.3388724781	4819.5444198136	4803.07205462719	4930.96615265081	5231.35008222594	5548.46909139539	5899.24237275942	6249.50341113914	6586.37049540941	6655.46707596714	6605.237869065	6950.61113169889	7488.90531619314
188	1	San José	64	2917.16940415081	2982.98572321478	3305.98607113329	3209.46582531164	3183.46238768873	3353.15813733068	3451.72529418907	3652.39254486694	3790.28666027364	4156.68408779264	4249.5825030989	4401.33952106326	4737.14129429053	4724.15132623383	4850.49236023159	5145.10500213247	5457.9780103561	5797.68089065217	6141.84171027442	6469.82952756811	6529.50166376905	6485.35098167494	6829.75766473329
188	1	San José	65	2666.74309194074	2862.06047423652	2927.99948964226	3245.49481678439	3143.62910385185	3120.35639734647	3288.89024135527	3382.9215952936	3583.33948832116	3719.33470930073	4077.40512445193	4174.33271218421	4324.3371655425	4653.86416350028	4642.83116149266	4766.14256108697	5055.51483846314	5361.32350495382	5691.91500477433	6031.20664351804	6335.78272149716	6401.29141381214	6374.09632488717
188	1	San José	66	2488.43636274841	2599.63822273437	2790.68500572462	2857.39567636011	3171.40997257419	3072.07121792078	3049.08053495116	3207.96920487717	3304.2491141453	3505.53123624453	3639.05394711248	3996.30041735255	4095.98145240715	4239.95935960288	4560.43499251119	4552.38118920543	4679.20264734716	4957.50729304818	5258.47005005573	5576.52626589903	5895.64974493795	6194.90714099146	6272.29566019046
188	1	San José	67	2523.12137863982	2420.06592959856	2530.57386325712	2712.5601870438	2781.60058494207	3091.59801673649	2996.94896809564	2973.67193266823	3122.178760496	3224.19029127095	3423.40381166525	3553.94718834441	3909.84432363181	4011.75905320508	4148.6779305776	4461.37763241012	4452.32908905158	4582.84630142201	4851.54829331505	5142.97560031671	5436.98630649453	5751.2907652471	6057.84814885597
188	1	San José	68	2482.66680271522	2456.58961519151	2352.73481823981	2460.4936588735	2637.00793300824	2706.17436622923	3017.7199551479	2926.19095780198	2899.64052763423	3046.01385923703	3150.06721308988	3345.04834759369	3475.23970235874	3827.61975493863	3923.73271401511	4057.1194907547	4359.5744050369	4352.46543896847	4481.62896267753	4742.06718400939	5006.4144248209	5299.1906256357	5625.33453569654
188	1	San José	69	2526.29241201599	2413.5646171956	2388.04802009262	2288.15449915846	2395.84691943886	2564.82728222274	2633.18093731006	2942.45118187343	2853.46412899107	2825.46642036089	2976.63899921101	3079.71503750017	3271.59446951144	3398.26206079902	3742.82887172718	3836.4233094328	3966.56648732025	4258.20220626438	4250.23926041472	4378.12918711966	4614.77220643154	4877.09496920118	5173.13953831443
188	1	San José	70	2319.39350061378	2440.87350487073	2340.25055382823	2312.36173904472	2219.76197529082	2325.82113861864	2489.58437586062	2559.96554178553	2861.71615381129	2774.1908151159	2750.58271804282	2902.78648961086	3002.26005860518	3192.86806605602	3309.71798302298	3643.25524008896	3735.61391258739	3866.95017722605	4145.97150298372	4135.22769380789	4251.84959203317	4479.43475210367	4754.17035890753
188	1	San José	71	2243.68011819785	2240.43461077359	2363.1795095579	2262.56108621963	2240.85738358933	2151.48685210813	2256.63276029192	2417.61241486714	2486.37961645127	2782.94392434499	2693.30227900758	2676.9738719015	2825.32777475188	2923.03174146975	3109.83728482458	3217.14496254603	3546.69236199828	3636.24941568077	3763.97849286769	4033.22767836731	4010.7271655424	4128.28837474024	4355.86390274683
188	1	San José	72	2223.57290214758	2162.88832949775	2160.95813427169	2284.14049796514	2184.7972374939	2161.86875055701	2081.79283620365	2186.80278004468	2335.6591280972	2406.09875732084	2694.80537000909	2612.94070227929	2597.76011080794	2741.34222649828	2842.25266672551	3024.03112521501	3122.58061428314	3444.32201876253	3532.53048198117	3653.97371095597	3904.23787047233	3879.80025925744	4008.48926362253
188	1	San José	73	1998.06851051252	2132.27033717023	2073.79366647158	2075.40606564396	2193.91922933238	2099.80269503136	2076.81698457816	2001.61418793227	2099.83988857671	2244.26418878366	2318.35861199078	2604.19077628947	2526.22512150595	2505.0164897751	2646.7998515265	2751.19864182495	2925.22489799034	3014.69991186288	3332.58575165118	3406.39371831215	3522.86628886486	3758.21148522199	3740.05609889871
188	1	San José	74	1802.24721074492	1916.83921460796	2048.42241497379	1992.02784707231	1998.42203316233	2114.3152166362	2021.14518092501	2003.88378129068	1930.30892187975	2021.94295743901	2161.66789698286	2235.38884412172	2520.22397737798	2438.47869465198	2421.21087380517	2559.22832115177	2662.39307232724	2829.34194771032	2913.94864823568	3214.92365707371	3277.64385503513	3391.89911584475	3622.22325347393
188	1	San José	75	1567.71307513453	1714.64063789541	1831.62635766282	1955.3966524884	1904.19243152815	1906.68931589086	2023.89849295711	1940.35590732703	1923.07904288936	1847.6669790466	1937.99392723674	2073.09578941649	2147.66703326484	2423.47574078861	2346.17296763566	2329.87641731035	2460.40712407487	2561.51012204722	2721.33991161084	2798.45154318903	3079.78702672674	3139.65467058154	3265.84921834565
188	1	San José	76	1392.0828011261	1489.86630182069	1636.82667374415	1746.73913003527	1866.20527660468	1816.71389177774	1817.40145765457	1932.58187583777	1860.79961393355	1838.18389255511	1770.218585732	1857.07294736166	1986.37183537443	2058.91690887502	2328.16689694482	2253.08632405891	2235.79618401323	2362.26370796166	2461.51683920531	2610.35117017443	2673.72448874328	2940.28998598128	2995.24905644225
188	1	San José	77	1295.09427505399	1311.16617095416	1410.05187424458	1550.09432539241	1661.29534453287	1773.37938546859	1718.92459710382	1724.8221615119	1840.75193663222	1768.39798006816	1747.62974657392	1689.54908772921	1774.85028674412	1895.37220710884	1968.10549604655	2229.07569584503	2152.49964003174	2133.63994005145	2259.76918887405	2348.77455489377	2484.13576492205	2541.03031942335	2805.64187321544
188	1	San José	78	1207.90424378338	1211.96601834914	1230.41444522778	1329.33860085568	1462.54897083926	1565.95900587667	1674.59810175139	1621.84723405915	1630.97991369126	1739.59520032648	1668.83746031029	1655.50673620483	1605.73271399657	1685.00076071769	1803.21364458721	1867.25610099801	2117.98547762941	2039.08260972023	2029.87568310015	2148.0431627484	2213.75453365093	2344.60929399939	2415.79227914559
188	1	San José	79	1054.30762884308	1127.14900636804	1131.71738622602	1150.1035078794	1243.30627250366	1370.96892795671	1469.67091061107	1573.26557585609	1527.25835761387	1534.47094003882	1637.53501601502	1572.71202392093	1567.8391898032	1521.79008862307	1596.99037695627	1698.41018531085	1760.31103314002	2002.47580133197	1924.70290498231	1920.386382121	2014.75230954797	2068.09878991402	2194.03827367244
188	1	San José	80	891.363430573889	973.439397446758	1044.13648425426	1050.40509193047	1076.0884009036	1164.99668225265	1277.67930559519	1379.84027456991	1473.67413655419	1431.90489154831	1437.30965335023	1540.91109357004	1481.03960257845	1478.14622017195	1435.28037116322	1500.19119580878	1587.6115475602	1655.95898902402	1884.99018054693	1810.34471799903	1794.64417990828	1870.66801425498	1916.56729365819
188	1	San José	81	770.235738916859	818.201066060868	892.067417864124	968.076624046443	974.887771449716	1000.79186746428	1077.21426276307	1184.84447083193	1283.24073325508	1381.32731967097	1334.1458024114	1344.33194967678	1444.38691993204	1384.98801185825	1385.53278249539	1343.73901434255	1400.89954750108	1483.50269825791	1547.9764836168	1760.35712708732	1685.13978038623	1666.33247259659	1737.88551964729
188	1	San José	82	723.669851748076	697.885261912049	741.367512069343	808.243194085312	889.053618305715	893.832975437382	912.516698552747	979.634547606583	1084.23587917832	1188.53194793859	1276.06725697498	1233.31713905599	1240.1012358658	1339.88054671725	1280.9138281373	1282.28739198879	1243.60483468365	1297.44443603711	1372.17544749912	1424.068763107	1623.87084378959	1547.7915878253	1529.9590726253
188	1	San José	83	627.17878120653	652.358700941507	629.360872976846	663.793235104298	727.460162705153	813.506401454266	812.815298094819	823.448017393582	891.045194563812	984.014583105457	1091.91974482365	1171.73768618026	1132.23840891349	1135.98834464881	1226.69950373818	1176.4629051317	1177.7013202709	1141.69747805241	1197.42661844685	1256.1943921327	1293.02406535512	1479.75018388377	1402.44882925922
188	1	San José	84	558.687352096182	555.485261550848	584.103454959089	554.808846434994	588.017353614324	654.159756248374	738.752915887011	733.267282311978	742.6220708371	802.840655431758	891.40792235375	990.088124988616	1070.66255216417	1027.378540083	1031.05801610537	1117.49518294259	1068.02576351352	1068.19439831183	1036.82773180286	1089.62548116467	1126.67770097617	1157.42961408757	1335.06156919511
188	1	San José	85	508.518145348998	496.545215895505	495.466681029504	518.320117200998	487.80188784902	521.724715772693	586.157400907248	672.470156591489	656.950062657915	665.932907436408	721.741304335658	804.582358296208	896.508734419373	972.311508474599	929.212400184695	929.850261170642	1012.55833448367	964.018998059245	965.832156571519	933.277638821345	976.185559916052	1002.42838067369	1026.74099939891
188	1	San José	86	451.450753932693	446.90647253511	435.036795374995	433.192547759989	450.070621766812	428.536554548907	458.229566472795	517.121628078405	600.16782301652	579.763564553875	590.342813114077	641.922620184282	713.256763770188	801.406198519861	873.151165434836	830.017869691638	827.910302598014	902.550761862591	863.679665580625	856.791106781845	824.631294224649	861.019664152837	879.252601058058
188	1	San José	87	383.896429705536	382.523422703303	382.409083811769	372.00965452909	372.952807948399	385.307738594661	367.559690784003	396.221720021724	447.482677897434	525.484874939675	507.178155751164	517.281455633659	562.608454785105	622.406919365572	706.992002003075	771.464338498925	727.585245702743	725.413998162469	796.21151593567	762.690607240324	742.156786508974	713.56414655864	743.591908333647
188	1	San José	88	332.356677529763	322.770169689746	323.265877676481	322.877290310431	316.525403863741	319.700031388883	330.589996913487	317.829562414026	346.369616670909	387.465356745674	458.652817073512	438.619439906404	450.724445365046	489.524054483689	535.502887741126	617.307765216556	671.541430072074	628.099739938337	633.089575647994	698.49420689304	655.827943354929	633.17355121515	604.546463227533
188	1	San José	89	275.32425218649	276.319253718784	268.552260579086	267.748173489705	266.894438036775	267.534409760766	270.738297132931	279.505237382789	273.152837374207	296.624274707319	329.640491819648	398.098427446473	375.566435735922	387.401305461993	416.140885661928	456.835262969717	530.897488893354	574.563854484818	538.80165124564	542.624189913756	596.946129107718	547.903082344994	526.87325027527
188	1	San José	90	196.299417868926	227.648818359215	228.651372237544	223.81413960466	224.53771587507	222.406963817328	223.078965288488	224.905401268006	231.219995777875	227.818065502195	251.06078629643	279.843338908146	346.301483259922	321.499506691219	326.284686955562	349.494989217	384.4442360999	452.437638826085	487.02396872459	456.880602462864	456.128261689736	498.685018036207	444.027685669963
188	1	San José	91	156.652099013409	158.458040583702	183.779927144054	186.178412168063	180.61218948806	183.320801901594	180.107462342004	177.653627629881	179.620393092705	189.142769042445	184.512240420904	209.020325111206	232.802362573088	295.491556680954	266.646247641721	267.155545126445	288.625478140716	318.518982742162	376.913342940966	408.632568417592	374.21090953229	370.506577644625	408.50426716141
188	1	San José	92	118.956172845364	120.328471361509	123.116543162482	146.318787410284	146.229113630472	144.90673672502	143.276829038948	139.842844420352	138.530872146835	141.797874874813	149.594121123711	150.978955439515	171.233564332125	191.749259008366	248.901871792021	216.533764393408	217.052214431611	236.736795999359	256.532258447039	310.307691620795	326.25635782064	296.688459654894	292.861398433848
188	1	San José	93	80.2188398024334	88.7048887340483	88.9996096445888	90.6649520104846	111.88648607867	114.178336862406	110.777957799594	110.024062456067	107.982019446563	108.713661837497	114.506030992067	117.814462267087	120.200105183231	134.187091390378	151.670323870026	207.805057630448	171.938762398256	174.683781144879	189.291240957718	203.737367557151	247.501281865771	258.887017599015	226.96521015354
188	1	San José	94	58.0471378286566	57.0570083752675	63.6797920310766	62.8165842533553	67.0028063782647	82.6008389389134	84.7114439308873	81.6951415845791	79.1761296714051	77.4218235304196	80.4235414419715	85.7284476071708	92.0399174632241	93.1648292200278	102.870012806802	117.336063302984	164.216094192019	131.829704796083	135.024988196411	144.298046980472	160.34277964052	191.005711600034	195.731936870274
188	1	San José	95	39.6584100875946	39.6908050190803	37.8151027880397	46.0198171720748	44.3169655724421	48.1406787156294	59.3944822603479	59.8952344447841	59.3690759284618	54.8721319468714	56.1380343314206	59.1500210533179	62.9551866867989	69.0114774540482	68.8629794439782	76.8010793428415	85.7622125336651	127.869092113841	99.9531367112367	103.334929682266	113.753105068891	118.554494347246	142.740941323811
188	1	San José	96	30.2180772929865	28.1228356011554	26.9663723320884	26.9149563174202	31.0288053469762	33.619559936131	32.099755380557	39.843042025747	43.0847041028902	40.0763731647095	39.844807662448	42.6208266808997	42.3813160403859	46.6800494756915	49.7177121990578	49.5595098765628	55.9975457392469	61.4353028053136	101.506098693111	76.3051566518271	77.8386006025157	86.1694916784902	83.0624401618333
188	1	San José	97	20.1781097058586	20.0045180987805	20.9398522657677	17.4760486996748	17.8329385128428	20.8404926329722	19.587735624055	20.8127884028225	28.0472859172702	27.3005681454982	27.5531728725516	27.0811692574615	30.1059367932504	28.1103616813915	32.1433359685134	34.4244752543881	36.0190302633984	38.6920371916783	42.5872563732605	80.3747664669174	57.6029197605292	57.1201232480115	58.6230816451811
188	1	San José	98	15.3149111120083	11.9772322512286	15.6063149968584	12.9594102079702	9.80181757490045	11.3050990935427	11.5665703125303	14.3091112933223	14.5311621617629	17.7723160385801	17.7823523642158	16.0408979448166	18.8195542268159	20.3380432137393	19.084420138734	19.1078651704822	23.1443473153675	23.4776857306457	27.1203305910324	25.470993065155	64.2149898394619	40.2537738842897	35.708095056551
188	1	San José	99	3.92372699558928	5.61782057161201	4.57744003158465	6.78302396880919	6.28554585598107	4.52629649172021	5.03552903818399	6.28855623680076	7.02829718677847	8.01023890784983	9.01125674227707	10.0198277407869	10.0270358195314	9.80045055437876	10.0536950829485	10.2995678149097	10.0741607749473	11.0941335766692	13.4114063984431	12.7417803551581	14.0428138247861	48.5698431302867	28.8427235445173
188	1	San José	100	4.68137357274752	5.28962370063575	5.81509204397547	6.16613574789256	6.69972743043152	4.94730982041681	5.28618140698199	4.87018495004026	5.35630362848115	7.01317071768194	6.18120303549764	7.27169687339822	9.28445893314057	8.96570007061435	8.96910532942145	9.55713656111105	10.9112242469837	9.03265567989284	11.603759744593	10.173682132336	18.7784633567183	23.5950235983775	27.2754093005341
188	2	Alajuela	0	7884	8115	7579	7579	7516	7426	7505	7742	7859	7644	7627	7939	7855	7897	8105	8091	8132	7997	7819	7205	6634	6261	6236
188	2	Alajuela	1	8040	7893	8121	7584	7585	7520	7429	7507	7745	7862	7646	7628	7938	7853	7896	8105	8089	8131	7994	7818	7204	6633	6261
188	2	Alajuela	2	8137	8051	7901	8128	7590	7590	7526	7432	7511	7749	7866	7648	7628	7938	7853	7895	8104	8089	8130	7994	7818	7203	6632
188	2	Alajuela	3	8394	8146	8059	7907	8134	7596	7596	7530	7436	7515	7752	7868	7649	7629	7939	7853	7896	8104	8090	8131	7994	7817	7203
188	2	Alajuela	4	8197	8402	8153	8064	7912	8139	7601	7601	7534	7440	7518	7755	7869	7649	7630	7940	7854	7896	8105	8091	8131	7994	7817
188	2	Alajuela	5	8653	8229	8434	8185	8097	7943	8168	7629	7629	7561	7467	7545	7782	7895	7676	7656	7968	7881	7923	8133	8117	8158	8020
188	2	Alajuela	6	8526	8685	8258	8464	8215	8127	7971	8197	7656	7655	7587	7492	7570	7808	7921	7701	7681	7994	7907	7948	8159	8143	8185
188	2	Alajuela	7	8632	8556	8715	8286	8493	8243	8156	7999	8224	7681	7680	7613	7517	7594	7832	7946	7724	7705	8019	7931	7973	8184	8168
188	2	Alajuela	8	8547	8657	8581	8739	8308	8517	8266	8179	8021	8246	7702	7700	7633	7537	7614	7853	7966	7744	7724	8039	7951	7992	8204
188	2	Alajuela	9	8726	8574	8683	8607	8766	8333	8544	8293	8206	8047	8270	7724	7722	7655	7559	7637	7877	7990	7767	7747	8063	7974	8016
188	2	Alajuela	10	8922	8756	8604	8714	8638	8795	8362	8575	8324	8238	8076	8298	7750	7749	7681	7585	7664	7905	8018	7794	7774	8091	8002
188	2	Alajuela	11	8750	8957	8791	8638	8748	8671	8829	8395	8610	8359	8273	8109	8330	7780	7779	7712	7616	7696	7937	8050	7826	7806	8124
188	2	Alajuela	12	8567	8773	8981	8814	8661	8771	8693	8851	8417	8633	8380	8297	8131	8350	7799	7798	7731	7636	7716	7956	8069	7845	7824
188	2	Alajuela	13	8715	8579	8784	8991	8823	8670	8780	8702	8860	8425	8640	8386	8303	8137	8356	7804	7804	7737	7641	7721	7960	8073	7848
188	2	Alajuela	14	8695	8744	8605	8810	9017	8848	8695	8805	8726	8883	8448	8663	8410	8327	8159	8377	7825	7826	7760	7663	7740	7979	8094
188	2	Alajuela	15	8261	8736	8781	8640	8844	9051	8881	8727	8838	8757	8914	8477	8693	8441	8359	8188	8405	7853	7855	7787	7689	7765	8006
188	2	Alajuela	16	7534	8292	8765	8808	8665	8869	9076	8905	8749	8860	8777	8934	8496	8713	8461	8380	8208	8424	7872	7872	7804	7705	7781
188	2	Alajuela	17	7357	7582	8334	8804	8844	8699	8902	9108	8934	8777	8888	8803	8961	8522	8740	8486	8407	8233	8449	7894	7892	7823	7722
188	2	Alajuela	18	7195	7394	7609	8358	8827	8865	8717	8919	9123	8946	8790	8899	8814	8971	8533	8750	8495	8419	8243	8457	7898	7894	7826
188	2	Alajuela	19	7038	7224	7416	7626	8374	8840	8875	8725	8926	9127	8951	8793	8902	8817	8974	8536	8750	8495	8421	8242	8452	7893	7891
188	2	Alajuela	20	6868	7079	7257	7445	7651	8399	8862	8892	8740	8940	9140	8963	8804	8914	8828	8984	8544	8758	8504	8430	8244	8451	7895
188	2	Alajuela	21	6725	6909	7112	7286	7471	7673	8421	8881	8906	8752	8953	9151	8972	8813	8923	8834	8991	8550	8766	8511	8431	8241	8447
188	2	Alajuela	22	6397	6777	6953	7151	7323	7505	7705	8450	8909	8930	8776	8975	9172	8992	8833	8942	8851	9009	8570	8784	8524	8441	8251
188	2	Alajuela	23	5991	6460	6831	7002	7197	7368	7546	7741	8484	8942	8962	8806	9005	9201	9019	8861	8969	8878	9037	8594	8805	8542	8462
188	2	Alajuela	24	5567	6043	6502	6869	7037	7230	7399	7574	7762	8506	8963	8982	8824	9023	9219	9035	8876	8985	8895	9052	8602	8812	8551
188	2	Alajuela	25	5588	5637	6106	6560	6924	7090	7280	7448	7618	7804	8547	9004	9021	8863	9062	9257	9073	8914	9024	8931	9084	8629	8843
188	2	Alajuela	26	5482	5656	5694	6158	6609	6971	7134	7321	7487	7655	7837	8580	9038	9054	8894	9091	9286	9103	8946	9052	8954	9105	8649
188	2	Alajuela	27	5457	5556	5722	5752	6215	6665	7026	7185	7369	7534	7701	7880	8626	9085	9098	8935	9132	9328	9147	8988	9088	8989	9144
188	2	Alajuela	28	5343	5543	5632	5791	5817	6279	6729	7088	7242	7424	7590	7753	7931	8679	9138	9148	8983	9182	9380	9198	9032	9131	9032
188	2	Alajuela	29	5368	5412	5604	5689	5844	5865	6326	6775	7133	7283	7465	7630	7790	7967	8718	9176	9185	9019	9219	9417	9230	9060	9161
188	2	Alajuela	30	5268	5440	5477	5663	5746	5899	5914	6376	6824	7179	7329	7511	7673	7833	8008	8761	9219	9226	9061	9259	9454	9262	9092
188	2	Alajuela	31	5493	5327	5496	5529	5712	5792	5942	5954	6415	6861	7216	7366	7547	7708	7868	8039	8795	9253	9261	9092	9286	9480	9286
188	2	Alajuela	32	5878	5541	5369	5539	5569	5748	5826	5974	5982	6443	6887	7242	7393	7574	7734	7891	8061	8821	9279	9283	9108	9303	9499
188	2	Alajuela	33	5684	5939	5596	5419	5590	5618	5795	5869	6013	6019	6479	6925	7280	7430	7610	7770	7926	8095	8857	9315	9310	9133	9331
188	2	Alajuela	34	5718	5752	6003	5652	5474	5646	5670	5845	5917	6058	6061	6522	6968	7323	7471	7651	7811	7965	8135	8899	9352	9341	9165
188	2	Alajuela	35	5656	5758	5789	6040	5686	5505	5678	5699	5872	5941	6082	6084	6546	6992	7345	7493	7672	7833	7986	8153	8915	9365	9357
188	2	Alajuela	36	5579	5689	5787	5816	6067	5710	5526	5698	5717	5887	5955	6098	6098	6561	7006	7358	7506	7686	7847	7997	8157	8919	9368
188	2	Alajuela	37	5629	5623	5729	5825	5853	6105	5744	5559	5730	5748	5916	5984	6126	6123	6588	7032	7383	7532	7712	7872	8014	8173	8938
188	2	Alajuela	38	5480	5659	5649	5752	5847	5874	6125	5762	5576	5747	5764	5932	6000	6140	6135	6600	7042	7395	7542	7722	7877	8018	8181
188	2	Alajuela	39	5342	5510	5686	5674	5776	5869	5896	6148	5783	5594	5766	5783	5949	6018	6155	6149	6615	7056	7408	7554	7732	7885	8028
188	2	Alajuela	40	4890	5365	5533	5707	5694	5795	5887	5915	6165	5798	5609	5781	5797	5965	6033	6169	6162	6627	7067	7417	7560	7737	7891
188	2	Alajuela	41	5073	4918	5395	5559	5731	5716	5816	5907	5935	6185	5816	5626	5799	5815	5983	6049	6185	6178	6641	7079	7424	7567	7749
188	2	Alajuela	42	4697	5085	4928	5404	5567	5738	5721	5819	5911	5939	6190	5819	5628	5801	5818	5986	6051	6188	6180	6640	7073	7415	7563
188	2	Alajuela	43	4394	4717	5101	4941	5417	5581	5750	5732	5828	5919	5947	6200	5829	5637	5810	5826	5994	6058	6194	6185	6642	7072	7418
188	2	Alajuela	44	4357	4413	4732	5114	4952	5429	5591	5759	5740	5836	5927	5955	6209	5836	5644	5815	5833	6001	6062	6197	6184	6641	7076
188	2	Alajuela	45	4204	4371	4426	4743	5125	4959	5437	5598	5766	5749	5843	5935	5964	6216	5843	5650	5821	5841	6007	6066	6196	6182	6640
188	2	Alajuela	46	3898	4214	4379	4433	4750	5130	4962	5440	5600	5768	5752	5845	5937	5966	6218	5845	5652	5824	5842	6008	6060	6190	6179
188	2	Alajuela	47	3619	3907	4221	4383	4437	4752	5131	4962	5441	5599	5767	5751	5843	5935	5965	6217	5845	5652	5825	5841	6001	6052	6184
188	2	Alajuela	48	3345	3633	3920	4232	4391	4444	4758	5136	4963	5444	5601	5770	5753	5844	5938	5969	6220	5848	5655	5827	5837	5998	6054
188	2	Alajuela	49	3112	3355	3639	3923	4232	4390	4440	4754	5127	4954	5438	5594	5765	5746	5838	5931	5962	6214	5840	5648	5813	5823	5991
188	2	Alajuela	50	2895	3123	3364	3646	3929	4236	4391	4441	4752	5122	4951	5434	5591	5760	5742	5834	5927	5958	6210	5834	5635	5803	5818
188	2	Alajuela	51	2794	2895	3121	3362	3642	3924	4228	4382	4432	4739	5109	4939	5421	5577	5745	5727	5821	5913	5944	6195	5813	5614	5790
188	2	Alajuela	52	2773	2796	2895	3121	3361	3639	3919	4223	4377	4425	4727	5101	4929	5411	5565	5731	5716	5810	5900	5931	6173	5793	5603
188	2	Alajuela	53	2551	2779	2800	2899	3123	3363	3639	3918	4222	4374	4419	4719	5095	4922	5403	5557	5720	5708	5802	5890	5911	6154	5779
188	2	Alajuela	54	2472	2551	2777	2797	2894	3116	3355	3628	3908	4212	4361	4404	4704	5079	4906	5386	5540	5702	5691	5783	5861	5880	6133
188	2	Alajuela	55	2422	2464	2542	2767	2786	2882	3102	3340	3611	3893	4195	4341	4384	4683	5057	4884	5364	5517	5678	5666	5749	5826	5853
188	2	Alajuela	56	2229	2431	2467	2544	2768	2785	2879	3097	3334	3603	3886	4185	4328	4372	4668	5042	4869	5347	5499	5658	5638	5730	5805
188	2	Alajuela	57	2155	2227	2427	2461	2541	2761	2776	2869	3086	3320	3589	3871	4169	4310	4353	4646	5021	4847	5323	5473	5624	5604	5735
188	2	Alajuela	58	2032	2150	2221	2417	2453	2533	2751	2763	2853	3071	3302	3570	3851	4147	4286	4328	4620	4996	4821	5294	5436	5577	5550
188	2	Alajuela	59	1962	2020	2138	2209	2403	2442	2520	2736	2745	2838	3053	3281	3546	3829	4122	4257	4301	4590	4968	4789	5256	5399	5536
188	2	Alajuela	60	1856	1954	2011	2128	2198	2392	2430	2508	2718	2726	2821	3032	3256	3522	3803	4095	4227	4270	4558	4932	4748	5212	5359
188	2	Alajuela	61	1842	1842	1939	1997	2113	2181	2375	2411	2488	2694	2703	2799	3006	3228	3491	3774	4061	4191	4236	4517	4884	4702	5169
188	2	Alajuela	62	1875	1833	1832	1929	1987	2100	2167	2361	2394	2470	2673	2683	2780	2982	3203	3465	3747	4029	4158	4203	4472	4841	4662
188	2	Alajuela	63	1667	1866	1821	1818	1919	1975	2085	2153	2345	2374	2452	2652	2663	2759	2958	3178	3439	3713	3995	4121	4159	4426	4802
188	2	Alajuela	64	1583	1646	1845	1797	1795	1896	1950	2060	2129	2315	2345	2424	2620	2632	2727	2923	3142	3397	3669	3946	4064	4107	4374
188	2	Alajuela	65	1429	1561	1626	1824	1775	1773	1875	1927	2038	2105	2288	2322	2399	2590	2604	2698	2891	3107	3356	3625	3890	4013	4065
188	2	Alajuela	66	1324	1414	1544	1609	1806	1757	1755	1852	1905	2016	2082	2265	2299	2373	2561	2575	2670	2859	3073	3315	3573	3836	3966
188	2	Alajuela	67	1325	1306	1396	1523	1588	1784	1736	1734	1826	1882	1991	2056	2239	2273	2343	2528	2542	2639	2823	3031	3261	3518	3787
188	2	Alajuela	68	1288	1310	1290	1377	1502	1567	1764	1716	1711	1803	1860	1968	2030	2214	2246	2313	2494	2508	2605	2784	2980	3210	3473
188	2	Alajuela	69	1291	1267	1288	1266	1355	1476	1540	1737	1689	1682	1776	1833	1939	2000	2179	2209	2276	2453	2467	2562	2730	2924	3158
188	2	Alajuela	70	1172	1263	1241	1261	1242	1328	1446	1511	1704	1655	1650	1747	1802	1906	1962	2138	2167	2236	2407	2417	2508	2672	2874
188	2	Alajuela	71	1119	1147	1240	1217	1236	1218	1304	1419	1482	1673	1623	1621	1716	1770	1873	1925	2099	2128	2195	2360	2365	2456	2622
188	2	Alajuela	72	1098	1093	1121	1214	1189	1208	1191	1277	1386	1450	1639	1591	1588	1680	1736	1838	1884	2058	2085	2148	2305	2310	2408
188	2	Alajuela	73	990	1076	1069	1100	1189	1164	1183	1168	1248	1354	1421	1607	1559	1555	1647	1705	1803	1846	2018	2038	2098	2249	2256
188	2	Alajuela	74	895	959	1043	1036	1067	1154	1131	1150	1133	1210	1315	1381	1566	1516	1512	1605	1663	1756	1796	1961	1975	2038	2186
188	2	Alajuela	75	795	867	931	1011	1006	1033	1121	1100	1118	1100	1176	1277	1341	1523	1475	1472	1561	1618	1709	1744	1899	1914	1983
188	2	Alajuela	76	718	764	837	900	978	971	997	1086	1069	1082	1064	1140	1236	1299	1478	1430	1426	1513	1570	1655	1684	1837	1849
188	2	Alajuela	77	684	688	735	804	867	942	933	958	1047	1028	1040	1027	1100	1192	1254	1429	1380	1377	1463	1514	1591	1619	1774
188	2	Alajuela	78	655	656	659	706	772	834	906	896	923	1007	988	1002	993	1060	1150	1207	1377	1328	1328	1411	1447	1526	1564
188	2	Alajuela	79	583	625	626	630	676	740	800	868	860	885	965	947	965	956	1019	1101	1155	1323	1274	1276	1343	1374	1452
188	2	Alajuela	80	502	552	596	596	602	645	704	765	830	822	845	926	907	927	915	974	1049	1106	1265	1216	1214	1271	1300
188	2	Alajuela	81	443	475	521	567	568	573	610	667	730	795	783	806	885	865	883	872	926	998	1053	1203	1153	1146	1203
188	2	Alajuela	82	427	414	444	488	536	535	538	572	627	692	751	741	763	837	816	835	824	877	943	989	1132	1081	1077
188	2	Alajuela	83	375	399	387	411	455	506	501	502	535	587	652	708	697	716	788	769	786	775	826	882	919	1058	1004
188	2	Alajuela	84	335	348	372	355	380	424	476	468	466	498	549	611	666	650	669	739	720	734	723	771	813	846	980
188	2	Alajuela	85	299	306	318	338	322	347	388	442	428	429	459	506	565	619	602	617	684	663	677	664	706	738	769
188	2	Alajuela	86	262	273	279	289	305	292	314	353	407	391	393	420	463	521	571	552	565	627	611	617	602	640	667
188	2	Alajuela	87	222	236	248	251	262	276	264	286	322	373	358	360	385	420	477	524	502	516	575	558	553	540	573
188	2	Alajuela	88	192	197	211	221	226	237	249	239	261	290	342	325	327	348	378	434	475	453	469	523	496	490	476
188	2	Alajuela	89	163	170	175	186	195	202	212	221	216	235	260	312	293	294	310	337	391	424	406	418	463	433	428
188	2	Alajuela	90	123	144	151	153	164	172	178	185	195	191	208	231	283	260	259	272	296	346	376	358	362	403	367
188	2	Alajuela	91	105	106	125	130	133	144	149	153	160	170	166	183	204	254	226	224	237	257	303	329	306	311	347
188	2	Alajuela	92	87	87	89	106	110	115	121	126	130	139	147	144	159	176	225	195	193	206	220	262	279	257	258
188	2	Alajuela	93	64	72	73	75	91	94	98	101	106	111	120	127	125	136	151	199	165	166	175	185	222	232	207
188	2	Alajuela	94	48	53	60	60	62	75	78	80	83	88	92	101	107	105	113	125	171	137	138	144	153	181	189
188	2	Alajuela	95	34	37	41	47	47	49	59	63	65	66	72	75	82	89	86	92	99	145	113	112	119	122	144
188	2	Alajuela	96	23	27	28	31	36	37	39	47	51	52	53	60	61	67	71	69	73	78	125	93	91	95	93
188	2	Alajuela	97	16	19	21	21	23	28	29	30	37	40	41	44	48	48	53	55	53	58	58	107	74	71	71
188	2	Alajuela	98	11	12	15	15	14	16	20	21	24	28	30	32	35	36	37	40	41	40	43	41	92	58	50
188	2	Alajuela	99	6	9	9	12	11	10	10	12	14	15	18	19	20	23	23	23	26	25	26	25	24	75	44
188	2	Alajuela	100	5	6	9	12	12	12	12	13	16	18	19	21	22	23	24	24	25	26	30	29	48	52	51
188	3	Cartago	0	4439	4235	3936	3928	3893	3851	3897	4039	4117	4008	4008	4214	4172	4128	4164	4059	3978	3823	3659	3331	3069	2944	3026
188	3	Cartago	1	4631	4440	4235	3935	3928	3893	3851	3897	4039	4117	4007	4007	4213	4172	4129	4164	4059	3979	3824	3660	3333	3070	2945
188	3	Cartago	2	4467	4631	4440	4236	3936	3929	3894	3851	3897	4040	4117	4007	4007	4214	4172	4129	4164	4060	3980	3825	3661	3333	3070
188	3	Cartago	3	4745	4467	4631	4440	4237	3937	3929	3894	3851	3898	4040	4117	4007	4007	4213	4172	4129	4164	4060	3980	3825	3661	3333
188	3	Cartago	4	4729	4744	4467	4631	4440	4238	3937	3930	3895	3851	3898	4040	4116	4007	4007	4213	4172	4128	4164	4060	3980	3825	3661
188	3	Cartago	5	4963	4748	4764	4486	4650	4459	4256	3955	3947	3912	3869	3916	4058	4134	4024	4024	4231	4189	4146	4183	4078	3998	3844
188	3	Cartago	6	4900	4978	4762	4778	4501	4665	4473	4270	3968	3961	3926	3882	3929	4072	4149	4038	4038	4246	4204	4160	4197	4092	4013
188	3	Cartago	7	5017	4917	4996	4780	4797	4520	4685	4492	4288	3985	3977	3942	3899	3946	4090	4166	4055	4055	4264	4221	4178	4215	4110
188	3	Cartago	8	5062	5027	4928	5008	4790	4809	4531	4697	4503	4299	3996	3988	3953	3910	3957	4101	4178	4067	4066	4276	4233	4190	4227
188	3	Cartago	9	5191	5080	5046	4947	5027	4809	4829	4552	4718	4523	4319	4014	4006	3972	3929	3976	4121	4198	4086	4086	4296	4253	4210
188	3	Cartago	10	5294	5204	5093	5060	4962	5041	4821	4843	4565	4732	4537	4332	4026	4019	3985	3941	3990	4135	4211	4100	4099	4310	4266
188	3	Cartago	11	5171	5310	5219	5109	5077	4978	5057	4837	4860	4583	4750	4554	4348	4041	4035	4001	3957	4006	4151	4228	4116	4115	4326
188	3	Cartago	12	5022	5183	5323	5232	5122	5089	4990	5068	4849	4873	4595	4763	4566	4360	4053	4047	4013	3969	4018	4163	4240	4128	4127
188	3	Cartago	13	5166	5038	5200	5341	5250	5138	5106	5006	5085	4866	4890	4612	4782	4584	4377	4069	4064	4030	3986	4035	4180	4258	4145
188	3	Cartago	14	5290	5186	5058	5220	5361	5269	5158	5125	5025	5105	4885	4910	4633	4803	4604	4396	4088	4082	4049	4005	4054	4200	4278
188	3	Cartago	15	5092	5318	5214	5085	5248	5389	5298	5185	5153	5053	5133	4913	4939	4663	4834	4632	4424	4114	4109	4076	4032	4081	4228
188	3	Cartago	16	4426	5108	5334	5229	5100	5262	5404	5312	5199	5167	5066	5147	4926	4953	4677	4848	4645	4437	4127	4121	4088	4044	4093
188	3	Cartago	17	4189	4453	5135	5362	5257	5127	5289	5431	5339	5226	5195	5094	5176	4954	4983	4705	4878	4674	4466	4154	4148	4115	4070
188	3	Cartago	18	4275	4222	4483	5167	5396	5290	5158	5320	5463	5370	5258	5228	5127	5210	4987	5017	4739	4915	4708	4498	4184	4180	4148
188	3	Cartago	19	4215	4312	4258	4518	5204	5433	5325	5193	5356	5499	5408	5295	5265	5165	5248	5025	5056	4779	4956	4745	4534	4220	4218
188	3	Cartago	20	4100	4241	4337	4283	4543	5229	5458	5349	5216	5379	5523	5432	5319	5291	5189	5274	5049	5081	4804	4982	4769	4558	4244
188	3	Cartago	21	3976	4137	4278	4373	4320	4578	5266	5494	5384	5250	5415	5559	5467	5355	5327	5225	5310	5085	5119	4842	5019	4804	4593
188	3	Cartago	22	3740	3993	4154	4293	4389	4335	4593	5280	5508	5397	5264	5429	5574	5481	5369	5341	5238	5325	5100	5133	4854	5032	4817
188	3	Cartago	23	3667	3752	4005	4166	4305	4401	4347	4602	5288	5518	5406	5274	5439	5583	5490	5379	5351	5248	5335	5108	5141	4863	5043
188	3	Cartago	24	3363	3676	3759	4010	4171	4310	4406	4352	4605	5292	5521	5410	5277	5442	5585	5492	5382	5354	5251	5337	5108	5143	4866
188	3	Cartago	25	3296	3365	3678	3760	4010	4171	4310	4407	4350	4603	5290	5519	5409	5276	5440	5582	5489	5379	5352	5248	5334	5105	5140
188	3	Cartago	26	3259	3285	3356	3669	3751	3999	4159	4298	4395	4340	4592	5278	5509	5398	5265	5428	5570	5478	5368	5338	5234	5321	5092
188	3	Cartago	27	3277	3264	3290	3361	3675	3756	4005	4164	4302	4401	4346	4597	5284	5515	5402	5269	5432	5574	5483	5371	5341	5239	5327
188	3	Cartago	28	3330	3292	3279	3304	3375	3688	3770	4017	4175	4314	4414	4357	4609	5297	5526	5414	5280	5442	5585	5493	5379	5350	5248
188	3	Cartago	29	3295	3335	3296	3284	3310	3380	3692	3775	4022	4179	4318	4418	4361	4613	5300	5529	5416	5282	5445	5587	5494	5381	5352
188	3	Cartago	30	3412	3329	3369	3330	3317	3342	3409	3723	3806	4052	4210	4350	4448	4392	4643	5331	5560	5446	5313	5475	5617	5524	5409
188	3	Cartago	31	3301	3424	3341	3381	3341	3329	3353	3419	3732	3815	4061	4220	4360	4458	4402	4650	5340	5569	5456	5320	5480	5623	5529
188	3	Cartago	32	3349	3322	3444	3364	3403	3362	3348	3372	3437	3751	3834	4081	4240	4379	4477	4421	4667	5359	5588	5472	5335	5497	5641
188	3	Cartago	33	3581	3375	3347	3468	3390	3428	3386	3371	3394	3458	3773	3857	4105	4262	4401	4500	4442	4688	5381	5610	5491	5355	5518
188	3	Cartago	34	3539	3598	3393	3363	3484	3407	3443	3401	3386	3408	3472	3787	3871	4119	4276	4415	4514	4455	4701	5394	5621	5500	5365
188	3	Cartago	35	3546	3564	3623	3419	3387	3507	3430	3466	3423	3407	3429	3492	3808	3893	4140	4297	4435	4534	4475	4719	5410	5636	5519
188	3	Cartago	36	3413	3564	3583	3641	3439	3405	3523	3448	3483	3440	3423	3446	3508	3825	3910	4155	4313	4452	4550	4489	4731	5423	5649
188	3	Cartago	37	3222	3424	3574	3592	3651	3450	3414	3531	3456	3491	3448	3432	3455	3515	3833	3917	4163	4320	4459	4556	4492	4733	5427
188	3	Cartago	38	3145	3236	3437	3587	3605	3664	3464	3427	3543	3468	3504	3461	3446	3467	3526	3845	3928	4174	4330	4469	4564	4501	4743
188	3	Cartago	39	3218	3147	3239	3440	3590	3606	3666	3467	3430	3545	3471	3507	3465	3450	3470	3529	3846	3929	4175	4330	4468	4563	4501
188	3	Cartago	40	3169	3238	3168	3259	3460	3608	3625	3685	3488	3448	3563	3491	3526	3485	3469	3488	3546	3864	3946	4191	4344	4483	4578
188	3	Cartago	41	2902	3176	3247	3177	3268	3467	3615	3632	3693	3497	3456	3571	3498	3534	3494	3476	3495	3553	3869	3951	4193	4347	4487
188	3	Cartago	42	2699	2904	3177	3249	3179	3270	3469	3616	3632	3694	3499	3458	3572	3500	3536	3495	3477	3497	3554	3868	3948	4190	4346
188	3	Cartago	43	2835	2707	2911	3183	3257	3188	3278	3476	3622	3639	3702	3508	3466	3579	3507	3542	3503	3484	3503	3559	3872	3952	4195
188	3	Cartago	44	2440	2832	2703	2907	3178	3253	3184	3274	3471	3617	3634	3697	3504	3461	3574	3501	3537	3498	3478	3496	3550	3863	3946
188	3	Cartago	45	2387	2437	2829	2701	2904	3173	3249	3180	3270	3469	3614	3632	3695	3502	3458	3570	3497	3534	3494	3473	3489	3542	3856
188	3	Cartago	46	2293	2384	2435	2827	2699	2902	3170	3245	3177	3267	3466	3611	3629	3693	3500	3456	3567	3495	3530	3490	3466	3482	3537
188	3	Cartago	47	2034	2288	2380	2432	2823	2696	2899	3164	3242	3174	3265	3463	3607	3625	3690	3497	3453	3563	3491	3525	3482	3459	3477
188	3	Cartago	48	1955	2032	2286	2378	2428	2818	2691	2893	3157	3237	3169	3261	3458	3601	3620	3684	3492	3447	3556	3485	3515	3472	3452
188	3	Cartago	49	1846	1956	2033	2286	2377	2427	2815	2689	2889	3152	3234	3168	3260	3455	3598	3616	3681	3489	3443	3552	3476	3507	3470
188	3	Cartago	50	1874	1845	1956	2032	2285	2376	2425	2812	2686	2885	3147	3231	3166	3256	3451	3594	3612	3676	3486	3438	3541	3468	3501
188	3	Cartago	51	1622	1869	1840	1952	2028	2280	2370	2419	2805	2679	2878	3141	3224	3159	3249	3443	3585	3603	3666	3477	3425	3527	3459
188	3	Cartago	52	1513	1620	1865	1837	1949	2024	2275	2366	2415	2799	2672	2874	3134	3217	3151	3240	3435	3577	3593	3655	3462	3410	3516
188	3	Cartago	53	1508	1511	1616	1862	1834	1945	2019	2269	2361	2410	2791	2665	2869	3126	3210	3143	3230	3426	3567	3581	3637	3448	3397
188	3	Cartago	54	1342	1501	1504	1609	1853	1824	1935	2009	2259	2351	2399	2779	2655	2858	3113	3197	3130	3216	3411	3551	3558	3612	3429
188	3	Cartago	55	1385	1337	1495	1500	1604	1845	1817	1928	2001	2253	2345	2391	2769	2646	2848	3101	3185	3119	3204	3397	3530	3537	3595
188	3	Cartago	56	1342	1372	1326	1486	1490	1593	1833	1805	1916	1990	2242	2334	2380	2757	2632	2834	3085	3168	3102	3186	3374	3513	3517
188	3	Cartago	57	1285	1337	1367	1320	1480	1484	1585	1823	1796	1906	1981	2233	2324	2369	2743	2619	2821	3068	3151	3085	3164	3350	3511
188	3	Cartago	58	1149	1270	1323	1353	1308	1469	1472	1572	1808	1782	1891	1966	2217	2309	2352	2723	2599	2801	3045	3127	3059	3133	3310
188	3	Cartago	59	1106	1146	1266	1317	1347	1305	1464	1466	1563	1799	1773	1881	1955	2207	2297	2338	2705	2583	2785	3024	3103	3034	3106
188	3	Cartago	60	1140	1096	1137	1257	1307	1338	1296	1453	1456	1552	1788	1762	1867	1942	2192	2280	2320	2684	2562	2762	2995	3075	3009
188	3	Cartago	61	1028	1128	1086	1127	1245	1295	1327	1284	1440	1441	1537	1772	1745	1850	1923	2172	2259	2297	2659	2536	2731	2961	3043
188	3	Cartago	62	977	1025	1122	1081	1123	1238	1288	1320	1275	1430	1431	1527	1761	1733	1837	1910	2157	2241	2279	2637	2509	2703	2930
188	3	Cartago	63	976	968	1014	1109	1070	1111	1225	1274	1306	1261	1416	1416	1511	1744	1714	1818	1891	2132	2216	2252	2602	2476	2674
188	3	Cartago	64	884	965	958	1002	1095	1059	1098	1211	1262	1291	1247	1401	1401	1496	1725	1696	1798	1868	2107	2189	2220	2567	2444
188	3	Cartago	65	896	873	955	948	990	1082	1046	1085	1198	1248	1276	1235	1387	1385	1480	1706	1677	1776	1844	2080	2154	2188	2536
188	3	Cartago	66	811	884	862	943	937	977	1069	1032	1071	1184	1231	1261	1222	1370	1367	1462	1686	1655	1753	1818	2044	2119	2156
188	3	Cartago	67	713	801	874	851	931	928	968	1057	1019	1059	1170	1218	1249	1210	1354	1351	1443	1666	1634	1729	1788	2011	2089
188	3	Cartago	68	696	702	788	860	838	916	914	953	1040	1003	1044	1154	1200	1232	1193	1334	1331	1421	1640	1607	1695	1753	1978
188	3	Cartago	69	670	681	687	771	842	819	896	896	935	1019	985	1026	1134	1179	1210	1171	1309	1305	1393	1607	1570	1656	1718
188	3	Cartago	70	730	658	669	674	758	827	804	881	881	919	1001	971	1011	1116	1158	1189	1150	1286	1281	1365	1572	1533	1625
188	3	Cartago	71	650	712	643	654	659	742	810	788	863	865	900	983	954	993	1096	1135	1165	1127	1261	1253	1332	1534	1499
188	3	Cartago	72	575	634	695	630	640	645	725	793	770	845	848	883	964	935	974	1075	1110	1141	1104	1233	1223	1298	1499
188	3	Cartago	73	605	559	616	678	615	623	628	708	772	749	824	828	862	939	913	953	1051	1083	1114	1075	1198	1188	1261
188	3	Cartago	74	536	584	540	596	656	596	604	610	685	745	725	799	805	836	912	887	927	1020	1051	1079	1037	1158	1149
188	3	Cartago	75	460	515	563	521	575	632	575	584	589	661	719	699	772	779	809	882	858	897	987	1014	1039	999	1120
188	3	Cartago	76	387	438	493	539	498	550	604	551	561	564	633	691	671	742	750	778	848	825	863	948	971	996	955
188	3	Cartago	77	340	367	417	470	515	476	524	576	527	536	539	607	662	643	711	719	745	813	792	826	906	928	955
188	3	Cartago	78	343	324	350	398	448	492	454	499	550	503	511	515	583	634	616	680	689	712	778	758	784	861	888
188	3	Cartago	79	300	322	304	329	376	423	465	428	472	520	476	484	489	555	603	583	644	655	676	740	714	736	809
188	3	Cartago	80	251	282	305	287	311	355	398	439	405	446	490	451	459	465	526	570	549	610	621	639	698	669	688
188	3	Cartago	81	196	233	261	284	268	292	330	371	412	381	417	459	424	431	437	494	534	515	573	583	599	650	624
188	3	Cartago	82	171	181	215	241	265	249	270	305	343	384	355	389	429	397	402	409	461	500	481	532	543	555	604
188	3	Cartago	83	167	157	166	195	221	247	230	247	279	314	354	327	359	395	366	372	377	426	463	443	486	499	507
188	3	Cartago	84	160	150	143	149	176	200	226	209	223	253	286	323	300	327	360	335	340	345	390	424	401	440	453
188	3	Cartago	85	150	144	135	127	132	157	180	206	187	200	227	257	291	272	295	325	303	307	312	351	383	358	391
188	3	Cartago	86	124	134	128	120	112	117	139	159	184	166	178	203	229	262	245	264	290	271	276	278	313	340	317
188	3	Cartago	87	109	108	118	112	105	98	102	121	140	162	145	157	179	201	232	218	232	256	241	246	244	273	297
188	3	Cartago	88	98	94	93	101	97	91	85	89	107	121	143	126	137	155	173	203	190	202	224	213	213	209	234
188	3	Cartago	89	64	83	80	79	86	83	78	72	77	92	103	123	108	117	132	148	176	163	175	194	184	180	177
188	3	Cartago	90	54	54	71	68	66	71	69	65	60	65	77	87	106	91	98	111	125	149	139	149	163	154	147
188	3	Cartago	91	46	45	45	59	56	55	58	56	52	49	53	64	73	91	76	81	92	103	125	116	122	134	128
188	3	Cartago	92	32	37	36	36	47	45	44	46	44	42	39	43	52	60	77	61	65	75	84	103	95	98	107
188	3	Cartago	93	26	25	28	28	28	36	35	33	34	33	32	30	34	41	47	63	48	52	60	67	83	75	75
188	3	Cartago	94	15	19	19	21	21	21	27	26	24	25	24	24	22	26	31	36	51	37	41	47	52	65	58
188	3	Cartago	95	9	12	15	14	16	16	16	21	19	17	19	18	18	17	20	24	27	41	29	32	37	41	50
188	3	Cartago	96	5	6	9	10	10	11	12	12	15	13	11	13	13	12	12	14	17	19	32	22	25	28	29
188	3	Cartago	97	6	4	4	5	6	6	8	8	8	10	8	8	10	9	8	8	9	12	13	25	16	18	20
188	3	Cartago	98	3	5	4	3	4	4	4	4	5	5	6	5	5	6	6	5	5	6	7	8	19	12	12
188	3	Cartago	99	2	1	2	1	1	1	2	2	2	2	2	2	2	2	3	3	3	3	4	4	4	14	8
188	3	Cartago	100	2	2	2	2	1	1	1	2	2	2	2	2	2	2	2	2	2	3	3	3	7	9	9
188	4	Heredia	0	3600	3473	3266	3287	3283	3258	3282	3366	3397	3281	3255	3423	3411	3393	3436	3361	3290	3141	2982	2690	2462	2342	2392
188	4	Heredia	1	3681	3603	3476	3269	3289	3285	3259	3284	3368	3397	3281	3255	3423	3411	3394	3436	3361	3291	3141	2983	2691	2463	2344
188	4	Heredia	2	3519	3683	3605	3478	3271	3291	3287	3261	3285	3369	3399	3282	3256	3424	3412	3394	3436	3361	3292	3142	2984	2691	2464
188	4	Heredia	3	3750	3521	3685	3608	3481	3272	3293	3288	3262	3286	3371	3399	3282	3256	3425	3413	3395	3437	3362	3293	3142	2984	2691
188	4	Heredia	4	3702	3751	3524	3688	3610	3482	3274	3295	3290	3263	3287	3371	3400	3283	3257	3426	3413	3396	3439	3363	3293	3142	2984
188	4	Heredia	5	3854	3716	3764	3536	3700	3622	3494	3285	3306	3301	3275	3298	3382	3411	3294	3268	3437	3425	3407	3450	3375	3305	3154
188	4	Heredia	6	3797	3871	3731	3781	3553	3717	3638	3510	3300	3321	3316	3289	3312	3397	3426	3309	3282	3452	3439	3422	3465	3390	3320
188	4	Heredia	7	3891	3806	3880	3740	3790	3562	3727	3647	3519	3308	3329	3324	3297	3320	3405	3434	3317	3291	3461	3448	3430	3474	3398
188	4	Heredia	8	3783	3913	3827	3902	3761	3813	3585	3750	3668	3539	3328	3348	3344	3317	3340	3426	3455	3337	3311	3482	3468	3451	3495
188	4	Heredia	9	3771	3793	3923	3837	3912	3770	3822	3594	3760	3678	3548	3336	3357	3352	3326	3349	3435	3464	3346	3320	3491	3478	3460
188	4	Heredia	10	3953	3780	3801	3931	3846	3919	3777	3831	3603	3769	3686	3556	3343	3365	3360	3334	3357	3443	3473	3355	3328	3500	3486
188	4	Heredia	11	3890	3976	3802	3824	3954	3869	3943	3800	3856	3627	3794	3710	3580	3366	3388	3384	3357	3381	3467	3497	3378	3350	3524
188	4	Heredia	12	3684	3915	4000	3826	3848	3979	3894	3968	3825	3882	3652	3820	3735	3603	3388	3411	3407	3380	3404	3491	3521	3401	3374
188	4	Heredia	13	3704	3703	3935	4021	3847	3868	4000	3914	3989	3845	3903	3673	3842	3756	3624	3408	3431	3427	3400	3424	3511	3541	3421
188	4	Heredia	14	3910	3725	3724	3957	4042	3867	3889	4021	3935	4009	3865	3924	3696	3866	3778	3644	3427	3451	3448	3420	3444	3531	3562
188	4	Heredia	15	3908	3925	3740	3738	3971	4057	3882	3903	4035	3949	4024	3879	3938	3710	3881	3791	3658	3440	3464	3461	3434	3458	3545
188	4	Heredia	16	3546	3933	3949	3763	3760	3994	4080	3904	3924	4057	3970	4046	3901	3961	3733	3904	3813	3679	3461	3484	3481	3454	3478
188	4	Heredia	17	3483	3569	3954	3971	3785	3781	4014	4100	3923	3943	4077	3989	4065	3919	3981	3753	3925	3833	3699	3479	3502	3499	3471
188	4	Heredia	18	3553	3520	3603	3990	4008	3820	3815	4049	4136	3957	3978	4112	4024	4101	3954	4016	3789	3963	3869	3733	3511	3536	3534
188	4	Heredia	19	3510	3601	3566	3647	4036	4054	3864	3857	4092	4178	4000	4020	4155	4067	4145	3997	4060	3833	4010	3912	3774	3550	3577
188	4	Heredia	20	3472	3566	3655	3619	3698	4089	4107	3915	3906	4142	4230	4051	4070	4206	4118	4197	4047	4113	3887	4066	3962	3823	3598
188	4	Heredia	21	3385	3535	3628	3716	3679	3755	4149	4167	3973	3963	4200	4289	4109	4128	4266	4177	4258	4105	4175	3949	4128	4020	3879
188	4	Heredia	22	3270	3437	3585	3677	3765	3726	3801	4196	4214	4018	4007	4245	4335	4155	4174	4311	4222	4305	4152	4223	3995	4175	4066
188	4	Heredia	23	3230	3310	3476	3623	3714	3802	3762	3836	4231	4251	4054	4042	4280	4370	4190	4210	4347	4258	4343	4187	4259	4031	4214
188	4	Heredia	24	2859	3272	3352	3518	3664	3755	3842	3801	3873	4270	4289	4092	4079	4318	4410	4229	4248	4387	4298	4383	4225	4300	4073
188	4	Heredia	25	2837	2895	3308	3387	3554	3699	3789	3875	3832	3904	4302	4322	4125	4111	4350	4442	4262	4281	4421	4331	4415	4256	4334
188	4	Heredia	26	2840	2879	2933	3345	3424	3591	3734	3823	3909	3866	3936	4336	4357	4159	4144	4383	4476	4296	4316	4455	4363	4449	4288
188	4	Heredia	27	2812	2875	2909	2961	3372	3451	3617	3759	3846	3932	3889	3958	4358	4380	4181	4165	4405	4499	4320	4338	4475	4383	4470
188	4	Heredia	28	2846	2843	2903	2937	2987	3397	3476	3643	3782	3869	3956	3912	3981	4382	4405	4205	4188	4429	4524	4344	4360	4498	4406
188	4	Heredia	29	2759	2894	2889	2948	2980	3028	3438	3518	3684	3822	3909	3996	3951	4020	4424	4447	4246	4228	4470	4565	4384	4399	4538
188	4	Heredia	30	2784	2791	2924	2918	2976	3008	3053	3464	3543	3708	3846	3934	4020	3975	4044	4449	4472	4270	4253	4494	4589	4407	4422
188	4	Heredia	31	2707	2814	2820	2952	2945	3002	3032	3075	3486	3565	3730	3869	3956	4041	3997	4063	4471	4494	4293	4273	4513	4609	4426
188	4	Heredia	32	2746	2736	2842	2851	2981	2972	3028	3057	3100	3510	3589	3756	3894	3981	4066	4021	4087	4497	4520	4318	4296	4537	4633
188	4	Heredia	33	2935	2767	2757	2862	2872	3002	2993	3047	3076	3117	3528	3608	3775	3913	3999	4085	4039	4105	4517	4540	4335	4314	4555
188	4	Heredia	34	2816	2959	2791	2779	2884	2894	3022	3013	3066	3094	3135	3546	3627	3794	3931	4017	4102	4056	4122	4535	4557	4351	4331
188	4	Heredia	35	2791	2842	2983	2816	2802	2906	2917	3043	3034	3086	3114	3154	3567	3648	3814	3951	4037	4122	4075	4140	4553	4576	4371
188	4	Heredia	36	2826	2810	2860	3001	2836	2821	2922	2933	3059	3049	3100	3129	3168	3580	3662	3827	3965	4051	4136	4088	4151	4565	4587
188	4	Heredia	37	2684	2853	2838	2887	3028	2864	2845	2946	2957	3083	3073	3124	3152	3189	3602	3684	3849	3986	4073	4158	4107	4170	4586
188	4	Heredia	38	2631	2695	2864	2848	2897	3037	2874	2854	2954	2966	3091	3081	3132	3159	3195	3609	3690	3856	3992	4078	4161	4111	4176
188	4	Heredia	39	2675	2642	2705	2874	2858	2906	3046	2884	2863	2962	2974	3099	3089	3140	3166	3201	3615	3696	3862	3997	4082	4164	4115
188	4	Heredia	40	2623	2686	2654	2716	2883	2867	2915	3056	2894	2872	2969	2982	3107	3098	3148	3174	3208	3621	3702	3867	4000	4086	4168
188	4	Heredia	41	2472	2635	2700	2667	2729	2895	2879	2927	3067	2905	2882	2979	2993	3118	3109	3159	3184	3218	3629	3710	3873	4006	4094
188	4	Heredia	42	2275	2486	2646	2712	2679	2741	2905	2889	2937	3077	2917	2892	2988	3003	3127	3118	3168	3193	3226	3636	3714	3877	4012
188	4	Heredia	43	2422	2293	2503	2660	2727	2695	2755	2918	2901	2950	3089	2931	2905	3000	3015	3138	3129	3178	3204	3235	3642	3720	3884
188	4	Heredia	44	2179	2430	2301	2509	2665	2733	2701	2761	2924	2907	2956	3096	2938	2911	3006	3020	3144	3135	3182	3207	3237	3643	3724
188	4	Heredia	45	2108	2184	2434	2306	2514	2668	2737	2704	2764	2927	2910	2959	3099	2942	2914	3008	3022	3146	3137	3182	3205	3235	3642
188	4	Heredia	46	2004	2101	2177	2427	2299	2507	2659	2729	2697	2757	2920	2903	2952	3092	2935	2907	3000	3015	3138	3128	3171	3194	3225
188	4	Heredia	47	1890	2003	2100	2175	2424	2297	2504	2655	2725	2693	2753	2916	2898	2948	3088	2932	2903	2996	3011	3132	3120	3164	3188
188	4	Heredia	48	1839	1898	2011	2108	2182	2430	2302	2509	2657	2729	2698	2759	2920	2902	2953	3093	2937	2907	2999	3014	3132	3121	3167
188	4	Heredia	49	1679	1841	1899	2013	2109	2182	2428	2302	2507	2654	2728	2697	2759	2918	2901	2951	3091	2936	2905	2996	3009	3127	3119
188	4	Heredia	50	1687	1682	1843	1900	2014	2109	2182	2427	2301	2504	2651	2727	2696	2757	2916	2900	2949	3088	2934	2902	2989	3002	3122
188	4	Heredia	51	1442	1684	1680	1842	1898	2011	2106	2178	2423	2296	2499	2646	2722	2691	2751	2910	2894	2943	3080	2927	2891	2977	2995
188	4	Heredia	52	1319	1439	1680	1677	1838	1893	2005	2100	2172	2415	2287	2492	2638	2713	2682	2742	2901	2885	2933	3070	2913	2876	2965
188	4	Heredia	53	1355	1321	1441	1681	1678	1838	1894	2005	2101	2173	2413	2287	2493	2635	2711	2679	2739	2898	2882	2929	3060	2905	2869
188	4	Heredia	54	1188	1355	1321	1440	1678	1675	1835	1889	2002	2098	2168	2406	2281	2487	2628	2704	2673	2731	2889	2873	2914	3043	2895
188	4	Heredia	55	1192	1189	1354	1321	1438	1675	1672	1830	1884	1998	2094	2162	2399	2275	2480	2620	2697	2665	2723	2879	2859	2899	3030
188	4	Heredia	56	1140	1186	1183	1349	1316	1431	1666	1663	1821	1874	1990	2085	2152	2388	2264	2469	2607	2682	2651	2708	2860	2845	2883
188	4	Heredia	57	1004	1134	1180	1176	1342	1308	1422	1655	1653	1809	1863	1978	2073	2140	2374	2250	2455	2591	2665	2633	2687	2837	2842
188	4	Heredia	58	903	1001	1130	1175	1171	1336	1303	1414	1645	1644	1799	1853	1968	2062	2127	2359	2236	2441	2574	2648	2613	2661	2805
188	4	Heredia	59	904	906	1003	1129	1174	1170	1333	1300	1409	1639	1639	1792	1844	1960	2052	2116	2346	2224	2429	2558	2630	2595	2639
188	4	Heredia	60	917	909	910	1005	1130	1175	1171	1333	1298	1405	1635	1634	1785	1838	1953	2045	2105	2334	2214	2416	2540	2611	2578
188	4	Heredia	61	832	914	907	910	1004	1127	1172	1168	1328	1293	1399	1628	1626	1775	1828	1944	2034	2092	2319	2198	2397	2518	2591
188	4	Heredia	62	788	835	916	910	913	1005	1126	1172	1165	1324	1290	1395	1622	1619	1767	1820	1935	2022	2081	2304	2179	2377	2496
188	4	Heredia	63	790	785	830	909	906	908	998	1119	1165	1155	1313	1279	1384	1609	1604	1752	1804	1915	2003	2059	2276	2153	2353
188	4	Heredia	64	712	786	783	825	903	902	904	993	1113	1157	1149	1305	1271	1374	1597	1592	1737	1788	1898	1983	2034	2249	2129
188	4	Heredia	65	699	706	780	777	817	894	893	895	985	1103	1145	1138	1293	1257	1360	1580	1575	1717	1766	1874	1952	2004	2222
188	4	Heredia	66	670	694	700	773	771	809	885	884	885	975	1090	1134	1128	1279	1244	1345	1563	1556	1697	1742	1844	1920	1976
188	4	Heredia	67	617	662	686	692	764	764	802	876	873	877	965	1079	1122	1116	1263	1229	1328	1543	1536	1672	1712	1813	1892
188	4	Heredia	68	574	604	647	671	677	748	750	787	860	856	861	948	1060	1105	1098	1241	1207	1303	1516	1507	1635	1675	1779
188	4	Heredia	69	543	566	596	638	662	667	738	741	777	847	846	851	937	1046	1089	1081	1222	1187	1281	1489	1476	1601	1645
188	4	Heredia	70	577	537	560	588	630	654	660	729	734	768	837	839	842	927	1032	1074	1066	1204	1169	1259	1460	1446	1575
188	4	Heredia	71	522	561	524	547	575	616	641	646	714	719	752	821	823	826	909	1010	1051	1043	1179	1142	1227	1424	1412
188	4	Heredia	72	483	510	550	515	537	564	604	628	632	700	706	739	806	806	812	893	988	1030	1022	1152	1114	1195	1390
188	4	Heredia	73	499	470	496	536	503	524	550	590	612	615	684	691	722	787	788	794	872	964	1006	994	1120	1081	1160
188	4	Heredia	74	442	486	459	484	523	491	511	537	576	597	601	668	677	705	768	770	776	851	940	978	963	1085	1049
188	4	Heredia	75	397	426	469	443	468	505	476	496	521	558	579	583	648	657	684	745	747	753	824	908	943	928	1050
188	4	Heredia	76	352	382	412	453	429	453	488	461	483	506	541	562	566	628	638	665	723	723	729	797	874	908	892
188	4	Heredia	77	298	336	366	395	435	411	434	469	445	465	486	522	543	545	606	616	639	695	697	701	763	836	872
188	4	Heredia	78	278	286	322	351	379	419	396	417	451	429	447	469	506	524	526	583	593	614	669	671	668	728	803
188	4	Heredia	79	253	265	273	308	337	364	402	380	400	433	412	430	453	488	504	504	558	570	588	641	637	632	689
188	4	Heredia	80	242	238	252	258	292	320	344	382	363	382	413	394	411	434	465	480	478	531	542	558	606	598	592
188	4	Heredia	81	180	226	223	238	244	276	300	324	363	345	362	392	376	391	411	441	454	452	503	512	525	567	560
188	4	Heredia	82	138	169	211	208	225	231	260	282	305	344	327	344	373	357	370	390	417	430	426	471	481	491	530
188	4	Heredia	83	155	128	157	194	194	212	215	241	263	285	324	309	324	350	336	348	366	390	402	396	434	445	451
188	4	Heredia	84	147	143	119	143	178	180	199	200	223	243	266	304	291	302	325	314	324	340	362	373	362	396	408
188	4	Heredia	85	124	133	129	107	129	161	164	184	183	204	224	245	280	269	278	299	289	297	311	330	339	325	354
188	4	Heredia	86	114	115	123	120	100	119	148	151	172	170	190	208	227	261	252	258	276	267	275	285	299	307	293
188	4	Heredia	87	96	102	104	111	109	91	108	135	138	158	155	174	190	206	239	231	233	250	243	250	254	265	271
188	4	Heredia	88	82	83	88	90	97	95	80	97	121	123	144	140	157	171	184	216	207	208	224	218	219	221	229
188	4	Heredia	89	66	70	71	75	78	85	84	70	86	107	108	129	125	140	151	162	191	182	184	197	190	188	188
188	4	Heredia	90	49	56	60	60	64	67	73	72	61	75	94	95	116	110	122	132	142	167	159	159	168	162	155
188	4	Heredia	91	37	41	48	51	51	55	57	62	61	52	65	82	83	103	95	105	113	121	144	137	134	141	136
188	4	Heredia	92	27	31	34	40	42	44	47	48	52	52	44	56	70	72	91	81	88	96	101	122	114	110	114
188	4	Heredia	93	22	21	24	27	32	34	36	37	38	41	42	36	47	58	59	77	65	72	78	82	99	91	84
188	4	Heredia	94	20	17	16	18	21	25	27	29	30	31	33	34	30	39	47	48	64	53	59	63	66	79	72
188	4	Heredia	95	13	15	13	12	14	16	19	22	23	23	24	27	28	25	31	37	37	53	42	47	50	51	61
188	4	Heredia	96	7	10	10	9	9	10	12	15	17	17	18	20	21	22	19	24	29	28	45	34	37	39	37
188	4	Heredia	97	4	6	7	7	6	6	8	9	11	13	13	15	16	17	17	14	18	22	20	38	27	28	28
188	4	Heredia	98	2	3	4	5	5	4	5	5	6	8	9	10	11	12	12	13	10	13	16	14	31	20	19
188	4	Heredia	99	2	1	2	2	2	2	3	3	3	4	5	5	6	7	7	7	8	6	8	8	8	25	15
188	4	Heredia	100	2	2	2	2	2	2	2	3	4	4	5	5	5	6	6	7	7	7	7	8	14	16	17
188	5	Guanacaste	0	2951	2915	2770	2817	2830	2819	2866	2975	3031	2958	2958	3071	3026	3037	3109	3080	3065	2987	2883	2619	2381	2211	2169
188	5	Guanacaste	1	2868	2947	2911	2766	2813	2825	2813	2860	2970	3026	2952	2950	3064	3020	3032	3104	3074	3059	2980	2877	2613	2375	2206
188	5	Guanacaste	2	2777	2868	2946	2910	2765	2812	2824	2812	2858	2968	3023	2949	2948	3062	3018	3030	3102	3072	3057	2979	2876	2612	2373
188	5	Guanacaste	3	3070	2776	2867	2945	2910	2765	2812	2824	2810	2857	2966	3021	2948	2947	3061	3017	3029	3101	3072	3057	2978	2875	2611
188	5	Guanacaste	4	3112	3070	2777	2867	2944	2909	2764	2811	2823	2809	2855	2965	3020	2946	2945	3060	3016	3028	3100	3070	3055	2977	2874
188	5	Guanacaste	5	3288	3119	3076	2783	2873	2950	2915	2770	2817	2829	2815	2861	2970	3025	2951	2950	3065	3021	3033	3105	3076	3061	2982
188	5	Guanacaste	6	3116	3291	3121	3079	2785	2874	2951	2916	2771	2819	2830	2816	2862	2971	3025	2951	2951	3066	3022	3034	3107	3077	3062
188	5	Guanacaste	7	3147	3129	3304	3134	3092	2797	2887	2963	2928	2783	2830	2841	2828	2874	2983	3037	2963	2963	3079	3035	3046	3120	3091
188	5	Guanacaste	8	3161	3155	3137	3312	3141	3100	2806	2896	2971	2935	2789	2837	2848	2834	2881	2990	3044	2970	2970	3086	3042	3054	3128
188	5	Guanacaste	9	3230	3183	3178	3160	3335	3163	3123	2829	2920	2994	2957	2810	2858	2870	2856	2903	3013	3067	2992	2992	3109	3065	3077
188	5	Guanacaste	10	3304	3242	3195	3191	3173	3348	3176	3137	2843	2934	3007	2970	2822	2870	2881	2868	2915	3026	3079	3004	3004	3123	3078
188	5	Guanacaste	11	3306	3316	3254	3208	3204	3186	3361	3188	3151	2857	2949	3021	2984	2834	2882	2894	2880	2929	3040	3093	3018	3018	3136
188	5	Guanacaste	12	3202	3317	3328	3266	3219	3216	3198	3373	3200	3163	2870	2961	3033	2996	2846	2894	2906	2892	2941	3052	3105	3029	3029
188	5	Guanacaste	13	3162	3217	3332	3344	3283	3236	3233	3215	3390	3215	3180	2886	2979	3050	3012	2861	2909	2922	2908	2957	3067	3121	3045
188	5	Guanacaste	14	3326	3179	3232	3348	3360	3299	3252	3249	3231	3406	3232	3195	2902	2996	3066	3028	2876	2924	2937	2923	2972	3083	3138
188	5	Guanacaste	15	3382	3341	3192	3246	3361	3373	3311	3265	3262	3244	3419	3244	3209	2918	3013	3080	3041	2889	2938	2951	2936	2985	3097
188	5	Guanacaste	16	2999	3392	3351	3202	3255	3370	3383	3320	3273	3272	3253	3427	3252	3219	2928	3022	3089	3050	2898	2947	2959	2945	2994
188	5	Guanacaste	17	2820	3005	3396	3355	3206	3259	3374	3386	3323	3276	3275	3255	3429	3254	3222	2931	3025	3091	3052	2900	2948	2961	2947
188	5	Guanacaste	18	2815	2815	2999	3388	3346	3199	3251	3365	3377	3312	3266	3265	3245	3419	3246	3213	2921	3016	3083	3043	2891	2940	2954
188	5	Guanacaste	19	2644	2803	2803	2985	3373	3332	3184	3234	3348	3358	3295	3248	3248	3229	3402	3230	3194	2903	2999	3065	3025	2874	2924
188	5	Guanacaste	20	2435	2627	2786	2785	2966	3353	3310	3162	3212	3325	3335	3272	3225	3225	3205	3378	3206	3168	2878	2973	3039	3000	2852
188	5	Guanacaste	21	2241	2414	2605	2764	2764	2944	3328	3285	3136	3186	3299	3310	3246	3199	3199	3179	3350	3178	3140	2850	2943	3012	2973
188	5	Guanacaste	22	2108	2224	2395	2586	2745	2744	2924	3306	3262	3113	3164	3276	3286	3222	3176	3174	3152	3323	3153	3113	2824	2916	2985
188	5	Guanacaste	23	2074	2096	2209	2379	2569	2728	2727	2905	3284	3240	3091	3144	3255	3263	3199	3152	3150	3128	3297	3128	3087	2798	2890
188	5	Guanacaste	24	1900	2070	2089	2200	2371	2560	2719	2718	2893	3271	3227	3080	3133	3244	3251	3186	3139	3136	3114	3282	3112	3071	2784
188	5	Guanacaste	25	1882	1901	2069	2088	2199	2368	2557	2715	2713	2887	3264	3220	3073	3127	3237	3243	3179	3132	3129	3106	3272	3102	3062
188	5	Guanacaste	26	1837	1887	1906	2075	2093	2203	2372	2560	2718	2715	2889	3265	3223	3076	3129	3238	3243	3179	3133	3129	3106	3272	3102
188	5	Guanacaste	27	1778	1843	1891	1910	2078	2096	2206	2374	2560	2718	2716	2889	3265	3223	3076	3127	3235	3241	3178	3130	3125	3103	3270
188	5	Guanacaste	28	1800	1789	1852	1899	1916	2084	2102	2211	2378	2562	2720	2719	2891	3267	3224	3076	3127	3235	3242	3179	3129	3123	3101
188	5	Guanacaste	29	1858	1804	1793	1855	1902	1918	2085	2103	2211	2376	2561	2720	2718	2890	3265	3222	3073	3124	3232	3238	3175	3125	3119
188	5	Guanacaste	30	1935	1865	1810	1797	1859	1906	1921	2087	2105	2213	2377	2562	2720	2717	2888	3263	3220	3072	3122	3229	3234	3169	3119
188	5	Guanacaste	31	1840	1952	1882	1826	1812	1873	1919	1933	2099	2116	2223	2388	2573	2730	2727	2896	3272	3229	3081	3130	3236	3240	3173
188	5	Guanacaste	32	1868	1858	1967	1898	1841	1826	1886	1931	1945	2110	2127	2235	2399	2583	2740	2736	2904	3280	3238	3089	3136	3241	3246
188	5	Guanacaste	33	2072	1893	1881	1990	1921	1863	1848	1908	1952	1964	2130	2148	2256	2419	2603	2759	2754	2921	3298	3256	3105	3151	3257
188	5	Guanacaste	34	1997	2074	1896	1882	1990	1922	1863	1848	1907	1950	1963	2128	2146	2253	2416	2598	2755	2750	2917	3292	3249	3097	3143
188	5	Guanacaste	35	1979	2013	2089	1911	1896	2004	1936	1877	1861	1918	1962	1974	2139	2157	2264	2426	2608	2764	2759	2924	3299	3255	3104
188	5	Guanacaste	36	1970	1992	2025	2101	1925	1908	2014	1947	1887	1871	1928	1972	1983	2149	2166	2272	2434	2615	2771	2765	2928	3302	3259
188	5	Guanacaste	37	1841	1979	2000	2033	2109	1933	1916	2020	1954	1894	1878	1935	1979	1989	2155	2172	2277	2439	2620	2775	2767	2929	3303
188	5	Guanacaste	38	1821	1851	1987	2008	2040	2115	1940	1921	2026	1959	1899	1883	1939	1983	1992	2158	2175	2280	2442	2622	2774	2766	2928
188	5	Guanacaste	39	1972	1829	1858	1994	2014	2046	2121	1946	1927	2031	1965	1905	1889	1945	1988	1996	2162	2179	2284	2444	2623	2774	2766
188	5	Guanacaste	40	1953	1982	1839	1868	2002	2023	2054	2130	1956	1935	2038	1973	1913	1897	1953	1995	2002	2168	2184	2289	2447	2625	2775
188	5	Guanacaste	41	1729	1962	1993	1849	1877	2011	2031	2062	2138	1964	1942	2045	1980	1920	1904	1959	2002	2009	2173	2189	2291	2449	2628
188	5	Guanacaste	42	1572	1737	1968	2000	1855	1884	2017	2036	2067	2143	1970	1948	2050	1985	1925	1909	1963	2005	2012	2175	2190	2291	2449
188	5	Guanacaste	43	1672	1570	1733	1963	1995	1851	1879	2011	2029	2061	2137	1964	1941	2043	1978	1918	1902	1956	1998	2004	2166	2179	2281
188	5	Guanacaste	44	1516	1677	1574	1736	1965	1997	1853	1881	2012	2031	2063	2139	1966	1942	2043	1978	1918	1902	1955	1996	2001	2162	2178
188	5	Guanacaste	45	1517	1524	1684	1580	1742	1969	2002	1858	1885	2018	2036	2068	2144	1972	1947	2047	1982	1923	1906	1957	1997	2001	2162
188	5	Guanacaste	46	1455	1521	1528	1688	1585	1746	1971	2004	1861	1889	2021	2038	2071	2147	1975	1949	2049	1984	1924	1908	1956	1996	2000
188	5	Guanacaste	47	1348	1459	1525	1532	1690	1587	1748	1971	2006	1863	1891	2022	2039	2072	2148	1976	1950	2049	1985	1925	1906	1954	1993
188	5	Guanacaste	48	1352	1350	1461	1526	1533	1690	1587	1748	1969	2005	1862	1891	2021	2039	2071	2147	1975	1948	2047	1982	1920	1902	1951
188	5	Guanacaste	49	1252	1356	1353	1464	1529	1534	1691	1589	1748	1969	2006	1864	1892	2022	2039	2071	2147	1976	1947	2045	1979	1917	1901
188	5	Guanacaste	50	1263	1253	1358	1355	1465	1529	1534	1690	1587	1746	1967	2005	1863	1891	2020	2037	2069	2144	1973	1944	2039	1973	1913
188	5	Guanacaste	51	1104	1261	1252	1355	1351	1461	1525	1530	1687	1583	1742	1961	1998	1857	1885	2013	2030	2061	2136	1965	1933	2028	1966
188	5	Guanacaste	52	965	1108	1265	1256	1359	1355	1464	1528	1534	1689	1584	1744	1962	1998	1857	1884	2012	2030	2060	2134	1962	1929	2025
188	5	Guanacaste	53	982	962	1104	1260	1251	1354	1350	1459	1523	1529	1682	1579	1739	1955	1991	1850	1876	2005	2022	2052	2121	1951	1920
188	5	Guanacaste	54	894	980	961	1102	1258	1248	1351	1346	1456	1520	1525	1678	1575	1735	1949	1985	1844	1870	1998	2014	2041	2110	1944
188	5	Guanacaste	55	897	896	982	962	1102	1256	1247	1349	1344	1454	1519	1522	1674	1572	1731	1944	1981	1840	1866	1992	2005	2030	2102
188	5	Guanacaste	56	861	900	898	984	964	1103	1256	1246	1348	1343	1454	1517	1521	1672	1569	1728	1939	1976	1836	1860	1983	1999	2024
188	5	Guanacaste	57	829	858	897	895	981	961	1098	1250	1242	1342	1338	1448	1511	1514	1664	1561	1720	1929	1965	1826	1848	1970	1999
188	5	Guanacaste	58	800	830	859	897	894	980	960	1096	1247	1238	1337	1334	1443	1506	1509	1657	1555	1713	1920	1956	1815	1833	1951
188	5	Guanacaste	59	775	795	825	854	892	890	975	955	1089	1240	1231	1329	1326	1435	1497	1498	1646	1545	1704	1906	1941	1802	1819
188	5	Guanacaste	60	821	774	794	824	852	890	888	973	952	1084	1236	1226	1322	1319	1428	1490	1490	1637	1536	1693	1891	1927	1791
188	5	Guanacaste	61	753	817	771	792	821	848	887	885	968	948	1079	1230	1219	1314	1311	1421	1482	1481	1627	1525	1680	1876	1914
188	5	Guanacaste	62	690	739	803	760	780	808	836	875	872	956	936	1066	1217	1204	1298	1296	1405	1464	1464	1608	1505	1660	1856
188	5	Guanacaste	63	706	685	733	796	754	774	802	831	868	864	950	929	1058	1207	1193	1288	1285	1393	1452	1450	1591	1489	1647
188	5	Guanacaste	64	665	702	682	728	791	750	770	798	827	863	859	944	923	1051	1198	1185	1278	1275	1381	1440	1435	1576	1477
188	5	Guanacaste	65	668	658	695	676	720	783	743	762	792	820	855	853	937	914	1042	1188	1175	1267	1263	1368	1422	1420	1564
188	5	Guanacaste	66	595	661	650	688	669	713	775	735	754	784	811	847	844	927	905	1031	1176	1162	1254	1248	1349	1404	1405
188	5	Guanacaste	67	539	590	654	643	681	663	706	768	727	747	776	803	839	836	917	896	1020	1164	1150	1239	1231	1332	1391
188	5	Guanacaste	68	554	533	582	645	634	671	655	698	758	718	739	767	793	830	827	906	885	1007	1150	1135	1220	1214	1319
188	5	Guanacaste	69	533	547	525	572	636	625	662	647	689	747	708	729	757	782	818	814	893	872	993	1134	1115	1201	1199
188	5	Guanacaste	70	526	523	537	515	562	624	613	651	636	676	734	697	717	744	768	805	801	879	857	975	1113	1096	1185
188	5	Guanacaste	71	440	517	515	528	506	553	615	604	641	626	665	724	687	706	734	756	792	790	867	844	957	1094	1080
188	5	Guanacaste	72	395	431	507	506	519	497	543	605	593	630	617	655	712	676	696	723	744	781	778	853	829	941	1080
188	5	Guanacaste	73	450	386	421	497	495	507	486	532	591	579	617	604	641	697	663	683	710	729	767	762	835	812	923
188	5	Guanacaste	74	419	438	376	410	484	482	494	474	518	576	565	601	590	625	680	648	669	694	713	749	743	818	796
188	5	Guanacaste	75	372	407	427	365	399	470	470	481	462	504	561	550	586	575	609	664	633	654	679	696	730	726	803
188	5	Guanacaste	76	325	359	395	414	354	386	455	456	468	448	490	546	534	570	561	594	647	617	638	662	677	713	709
188	5	Guanacaste	77	305	314	348	383	402	344	374	441	443	454	434	476	530	519	554	546	578	630	603	622	643	659	698
188	5	Guanacaste	78	307	294	303	336	369	388	333	362	427	429	438	420	463	514	503	536	530	561	614	587	601	625	645
188	5	Guanacaste	79	264	295	282	291	323	354	374	320	348	411	413	422	406	447	495	484	517	513	543	595	565	578	604
188	5	Guanacaste	80	244	251	283	271	279	310	339	359	309	335	395	398	406	392	431	477	466	500	497	525	574	544	559
188	5	Guanacaste	81	192	231	238	270	258	266	293	322	344	295	319	377	381	388	375	413	458	447	480	478	505	551	525
188	5	Guanacaste	82	148	182	218	225	258	245	251	277	305	327	280	302	358	363	369	358	395	439	429	459	458	483	530
188	5	Guanacaste	83	161	139	170	203	211	244	230	235	260	286	309	265	286	337	343	350	340	375	419	408	434	437	459
188	5	Guanacaste	84	156	148	128	155	186	194	228	213	217	241	266	288	247	265	314	322	329	320	354	396	381	409	415
188	5	Guanacaste	85	154	145	138	118	142	171	180	213	197	201	223	247	268	231	248	294	303	310	301	333	373	358	386
188	5	Guanacaste	86	135	140	131	125	106	128	155	163	196	180	184	204	225	247	213	228	271	281	289	279	308	347	335
188	5	Guanacaste	87	106	121	128	118	113	96	116	141	149	179	164	168	186	205	227	197	210	251	263	270	257	286	323
188	5	Guanacaste	88	98	94	108	113	105	101	85	104	127	132	163	147	151	168	184	208	180	192	232	243	246	235	263
188	5	Guanacaste	89	78	87	83	94	99	93	89	75	94	113	117	146	131	135	149	164	189	163	176	212	221	223	215
188	5	Guanacaste	90	54	69	77	73	83	87	82	78	66	83	100	103	132	116	120	133	147	171	149	160	190	202	201
188	5	Guanacaste	91	45	47	61	67	64	73	75	70	67	57	72	87	91	119	102	105	118	131	154	134	142	171	184
188	5	Guanacaste	92	41	38	40	52	57	55	62	63	60	58	49	62	75	78	105	88	92	104	115	138	119	125	151
188	5	Guanacaste	93	32	34	31	33	44	48	46	50	52	50	49	41	53	64	66	93	75	80	90	99	120	103	107
188	5	Guanacaste	94	29	26	28	25	27	36	39	37	40	43	41	41	34	44	52	55	80	64	68	77	86	103	89
188	5	Guanacaste	95	26	23	21	22	20	22	28	31	29	31	34	33	33	28	36	42	43	69	54	57	65	70	86
188	5	Guanacaste	96	13	21	18	16	17	15	17	22	24	23	24	27	26	26	22	28	33	34	60	44	47	53	56
188	5	Guanacaste	97	7	11	16	13	11	12	12	13	17	19	17	19	21	19	19	16	21	26	26	51	35	36	40
188	5	Guanacaste	98	5	5	8	11	9	8	8	8	9	12	14	13	14	15	14	14	12	15	18	17	43	27	25
188	5	Guanacaste	99	4	3	3	5	6	5	4	5	5	6	7	8	7	8	9	8	8	6	8	9	9	32	19
188	5	Guanacaste	100	5	4	4	5	5	6	6	6	6	6	7	8	9	8	8	8	7	7	7	7	11	13	17
188	6	Puntarenas	0	4243	3960	3697	3728	3745	3764	3865	4051	4166	4082	4109	4269	4146	4069	4083	3986	3920	3787	3647	3331	3065	2910	2949
188	6	Puntarenas	1	4393	4229	3947	3687	3720	3737	3756	3858	4046	4161	4078	4105	4266	4144	4067	4081	3985	3919	3786	3646	3330	3064	2910
188	6	Puntarenas	2	4182	4388	4224	3943	3685	3718	3735	3754	3856	4044	4159	4076	4103	4264	4143	4067	4080	3984	3918	3785	3645	3329	3063
188	6	Puntarenas	3	4534	4178	4385	4221	3942	3684	3716	3734	3752	3855	4043	4158	4075	4102	4263	4141	4065	4079	3983	3917	3784	3645	3329
188	6	Puntarenas	4	4576	4531	4176	4383	4220	3941	3683	3716	3733	3751	3855	4042	4157	4074	4101	4262	4140	4064	4078	3982	3917	3784	3644
188	6	Puntarenas	5	4696	4585	4540	4184	4392	4229	3950	3692	3725	3742	3761	3864	4052	4166	4083	4110	4272	4150	4074	4088	3993	3927	3794
188	6	Puntarenas	6	4478	4705	4593	4548	4193	4400	4238	3959	3701	3734	3751	3769	3873	4060	4174	4091	4118	4281	4159	4082	4097	4002	3937
188	6	Puntarenas	7	4493	4481	4707	4595	4551	4195	4402	4240	3962	3703	3737	3754	3772	3876	4063	4177	4093	4121	4284	4162	4085	4101	4006
188	6	Puntarenas	8	4492	4495	4482	4709	4597	4553	4197	4404	4243	3965	3706	3740	3756	3775	3878	4065	4179	4095	4123	4286	4164	4087	4104
188	6	Puntarenas	9	4490	4501	4505	4493	4719	4606	4564	4209	4415	4253	3975	3716	3749	3767	3785	3888	4075	4190	4106	4133	4297	4174	4099
188	6	Puntarenas	10	4581	4499	4511	4515	4504	4730	4616	4576	4220	4427	4264	3986	3725	3759	3776	3795	3898	4086	4201	4116	4143	4308	4186
188	6	Puntarenas	11	4618	4581	4500	4512	4517	4505	4730	4617	4577	4221	4428	4265	3986	3726	3760	3778	3796	3900	4088	4201	4117	4145	4310
188	6	Puntarenas	12	4409	4628	4591	4510	4523	4527	4516	4741	4627	4588	4231	4439	4275	3997	3736	3770	3788	3806	3910	4098	4212	4128	4155
188	6	Puntarenas	13	4410	4416	4635	4599	4518	4530	4535	4523	4748	4635	4596	4239	4448	4284	4005	3743	3778	3795	3814	3918	4105	4219	4134
188	6	Puntarenas	14	4597	4425	4429	4649	4614	4532	4545	4550	4538	4763	4650	4611	4255	4465	4299	4019	3758	3793	3811	3828	3932	4120	4235
188	6	Puntarenas	15	4550	4609	4436	4441	4661	4626	4544	4556	4562	4549	4774	4661	4623	4268	4479	4311	4032	3770	3805	3823	3840	3944	4132
188	6	Puntarenas	16	4004	4559	4618	4445	4449	4670	4635	4553	4564	4570	4558	4783	4669	4633	4278	4488	4320	4040	3779	3813	3831	3849	3953
188	6	Puntarenas	17	3851	3993	4546	4605	4433	4437	4657	4623	4540	4551	4557	4545	4770	4656	4620	4264	4474	4307	4028	3767	3800	3819	3836
188	6	Puntarenas	18	3851	3833	3974	4524	4584	4412	4416	4635	4599	4516	4528	4534	4522	4747	4634	4595	4240	4449	4283	4005	3744	3778	3797
188	6	Puntarenas	19	3516	3820	3802	3942	4489	4549	4377	4381	4599	4563	4481	4492	4498	4487	4710	4598	4557	4201	4410	4245	3968	3710	3744
188	6	Puntarenas	20	3199	3477	3781	3764	3904	4448	4506	4334	4340	4557	4520	4439	4451	4456	4444	4665	4554	4510	4155	4362	4199	3924	3669
188	6	Puntarenas	21	2953	3158	3435	3738	3722	3861	4402	4459	4287	4293	4511	4473	4391	4403	4408	4394	4614	4505	4459	4104	4307	4147	3874
188	6	Puntarenas	22	2879	2928	3132	3408	3712	3697	3835	4373	4429	4257	4265	4483	4443	4361	4374	4377	4362	4580	4473	4425	4069	4272	4114
188	6	Puntarenas	23	2889	2855	2902	3106	3381	3684	3669	3806	4341	4396	4226	4235	4452	4411	4329	4342	4343	4327	4545	4438	4388	4033	4234
188	6	Puntarenas	24	2634	2887	2851	2897	3100	3374	3677	3661	3795	4329	4384	4215	4225	4441	4399	4316	4329	4329	4314	4530	4421	4371	4018
188	6	Puntarenas	25	2672	2643	2895	2858	2904	3106	3379	3681	3665	3798	4330	4387	4218	4228	4444	4401	4317	4330	4330	4314	4530	4421	4372
188	6	Puntarenas	26	2642	2678	2647	2898	2860	2906	3107	3378	3679	3663	3796	4327	4385	4215	4224	4439	4396	4312	4325	4324	4306	4522	4413
188	6	Puntarenas	27	2609	2653	2688	2656	2907	2869	2914	3114	3383	3684	3668	3801	4333	4391	4220	4228	4442	4399	4317	4328	4325	4308	4524
188	6	Puntarenas	28	2615	2602	2645	2680	2649	2898	2860	2904	3103	3370	3672	3657	3789	4320	4377	4206	4214	4427	4384	4301	4311	4307	4290
188	6	Puntarenas	29	2725	2629	2614	2655	2689	2657	2906	2868	2912	3108	3376	3677	3661	3794	4324	4380	4209	4217	4430	4386	4303	4311	4307
188	6	Puntarenas	30	2788	2727	2630	2614	2656	2690	2657	2905	2866	2910	3106	3373	3673	3658	3790	4319	4375	4203	4211	4423	4379	4294	4301
188	6	Puntarenas	31	2563	2793	2732	2635	2618	2660	2693	2658	2906	2868	2911	3108	3375	3674	3659	3789	4317	4373	4201	4208	4419	4375	4288
188	6	Puntarenas	32	2585	2572	2800	2740	2643	2625	2665	2697	2663	2910	2871	2915	3112	3379	3677	3661	3790	4319	4374	4202	4207	4417	4374
188	6	Puntarenas	33	2827	2588	2574	2801	2741	2644	2625	2664	2695	2661	2908	2869	2913	3109	3375	3673	3657	3785	4313	4369	4194	4198	4408
188	6	Puntarenas	34	2769	2837	2600	2584	2810	2751	2654	2634	2672	2702	2668	2915	2877	2921	3116	3381	3678	3661	3790	4317	4370	4194	4199
188	6	Puntarenas	35	2697	2779	2847	2610	2594	2819	2761	2662	2642	2678	2710	2675	2922	2884	2927	3122	3387	3684	3666	3793	4319	4372	4197
188	6	Puntarenas	36	2590	2694	2775	2844	2607	2590	2813	2755	2656	2635	2672	2704	2670	2916	2878	2920	3114	3378	3675	3656	3780	4305	4358
188	6	Puntarenas	37	2416	2593	2696	2777	2845	2609	2590	2813	2754	2656	2634	2671	2703	2668	2915	2876	2918	3111	3375	3671	3649	3772	4297
188	6	Puntarenas	38	2392	2428	2603	2704	2784	2852	2617	2597	2818	2759	2661	2640	2676	2708	2672	2918	2879	2922	3115	3377	3669	3647	3772
188	6	Puntarenas	39	2516	2392	2427	2601	2703	2781	2849	2615	2594	2814	2755	2658	2636	2673	2704	2668	2913	2874	2916	3108	3368	3659	3638
188	6	Puntarenas	40	2487	2513	2390	2424	2598	2698	2776	2844	2610	2589	2807	2749	2652	2631	2667	2698	2661	2905	2866	2907	3097	3356	3646
188	6	Puntarenas	41	2263	2486	2514	2390	2425	2597	2696	2774	2842	2608	2587	2804	2746	2649	2628	2664	2695	2658	2901	2860	2900	3089	3349
188	6	Puntarenas	42	2039	2264	2486	2515	2391	2425	2596	2694	2772	2840	2608	2586	2802	2743	2648	2626	2661	2693	2656	2897	2854	2893	3084
188	6	Puntarenas	43	2210	2042	2267	2487	2517	2394	2428	2597	2695	2772	2840	2610	2587	2802	2744	2648	2627	2661	2692	2655	2894	2850	2889
188	6	Puntarenas	44	2002	2208	2041	2264	2483	2514	2391	2424	2593	2690	2767	2836	2607	2584	2797	2738	2642	2621	2655	2685	2646	2884	2843
188	6	Puntarenas	45	1929	1996	2202	2036	2258	2476	2506	2383	2416	2585	2682	2759	2828	2599	2575	2787	2728	2633	2612	2643	2672	2633	2870
188	6	Puntarenas	46	1877	1929	1995	2201	2035	2256	2472	2503	2380	2414	2583	2678	2756	2824	2596	2572	2783	2724	2629	2608	2636	2663	2625
188	6	Puntarenas	47	1697	1879	1932	1997	2200	2035	2255	2470	2503	2380	2412	2581	2676	2753	2821	2593	2569	2779	2721	2625	2600	2627	2655
188	6	Puntarenas	48	1662	1679	1860	1912	1978	2181	2016	2235	2448	2482	2360	2393	2560	2654	2731	2799	2572	2548	2756	2698	2600	2575	2604
188	6	Puntarenas	49	1598	1656	1672	1852	1904	1968	2170	2006	2223	2436	2471	2349	2383	2548	2642	2718	2786	2559	2534	2741	2680	2583	2562
188	6	Puntarenas	50	1635	1591	1650	1664	1843	1894	1958	2159	1996	2210	2423	2459	2339	2371	2536	2628	2704	2772	2546	2520	2722	2661	2567
188	6	Puntarenas	51	1448	1634	1590	1648	1663	1840	1891	1954	2155	1990	2204	2416	2452	2332	2364	2527	2620	2695	2761	2537	2506	2705	2649
188	6	Puntarenas	52	1290	1444	1628	1585	1643	1657	1834	1884	1947	2147	1982	2196	2406	2443	2322	2353	2516	2609	2682	2747	2520	2489	2689
188	6	Puntarenas	53	1314	1286	1438	1621	1578	1636	1650	1825	1876	1937	2135	1972	2187	2393	2430	2310	2339	2502	2595	2666	2726	2501	2471
188	6	Puntarenas	54	1218	1313	1283	1433	1615	1571	1630	1642	1818	1869	1928	2123	1962	2176	2381	2417	2298	2326	2488	2579	2645	2701	2482
188	6	Puntarenas	55	1214	1213	1307	1278	1426	1606	1562	1621	1633	1809	1859	1916	2110	1950	2163	2366	2403	2284	2311	2471	2557	2620	2679
188	6	Puntarenas	56	1164	1210	1208	1303	1274	1420	1598	1555	1613	1625	1802	1851	1906	2099	1940	2152	2352	2388	2270	2297	2452	2540	2601
188	6	Puntarenas	57	1036	1153	1198	1196	1292	1263	1407	1583	1540	1597	1610	1785	1834	1888	2080	1921	2132	2330	2365	2247	2271	2423	2528
188	6	Puntarenas	58	964	1033	1148	1192	1190	1286	1257	1398	1572	1530	1587	1599	1773	1822	1875	2063	1906	2117	2311	2345	2225	2244	2390
188	6	Puntarenas	59	958	943	1013	1130	1174	1175	1270	1240	1379	1553	1512	1567	1579	1753	1801	1851	2038	1881	2092	2282	2315	2197	2212
188	6	Puntarenas	60	1032	954	938	1007	1121	1166	1167	1260	1229	1365	1539	1497	1550	1563	1736	1783	1831	2016	1861	2068	2252	2284	2170
188	6	Puntarenas	61	934	1022	945	929	997	1110	1154	1154	1247	1215	1350	1523	1479	1532	1544	1717	1762	1809	1992	1836	2039	2220	2254
188	6	Puntarenas	62	829	914	1002	927	912	978	1090	1135	1134	1226	1193	1328	1501	1455	1506	1519	1691	1734	1780	1960	1804	2005	2184
188	6	Puntarenas	63	875	813	895	982	910	895	960	1071	1115	1113	1205	1172	1306	1476	1429	1480	1493	1660	1704	1748	1923	1768	1971
188	6	Puntarenas	64	857	868	807	886	972	902	887	951	1061	1103	1101	1192	1159	1291	1458	1411	1461	1473	1637	1679	1719	1892	1742
188	6	Puntarenas	65	842	842	853	794	871	956	887	871	935	1044	1084	1084	1173	1138	1270	1434	1388	1436	1446	1607	1644	1685	1860
188	6	Puntarenas	66	755	831	831	842	784	859	943	874	858	922	1028	1069	1069	1155	1121	1251	1413	1366	1413	1420	1574	1610	1655
188	6	Puntarenas	67	702	743	819	818	828	773	847	928	858	844	907	1012	1052	1052	1135	1101	1228	1389	1341	1386	1389	1539	1579
188	6	Puntarenas	68	678	691	730	804	802	813	759	832	911	842	829	890	993	1034	1033	1113	1079	1204	1362	1313	1352	1356	1508
188	6	Puntarenas	69	614	663	675	713	786	784	794	743	814	890	824	812	872	971	1011	1010	1088	1054	1175	1329	1277	1315	1322
188	6	Puntarenas	70	625	604	652	664	701	773	770	781	731	799	874	811	798	857	953	991	989	1067	1032	1148	1297	1245	1288
188	6	Puntarenas	71	563	610	590	637	648	684	755	752	762	713	779	854	791	779	837	928	966	964	1040	1004	1114	1260	1212
188	6	Puntarenas	72	529	545	591	572	616	626	663	732	727	738	691	756	828	766	754	812	899	937	935	1007	969	1076	1222
188	6	Puntarenas	73	577	519	534	580	561	603	612	649	715	709	721	676	738	807	747	738	793	876	914	909	977	940	1044
188	6	Puntarenas	74	504	560	503	516	562	543	583	593	628	690	685	697	654	712	779	723	715	767	847	881	874	942	906
188	6	Puntarenas	75	435	490	545	489	501	544	527	566	575	607	668	662	674	634	689	754	700	692	742	817	847	840	909
188	6	Puntarenas	76	397	415	469	522	468	479	520	504	544	550	581	641	633	645	607	661	723	670	663	710	779	809	801
188	6	Puntarenas	77	367	383	402	453	505	452	462	501	487	524	529	560	617	609	620	585	635	695	645	636	680	747	778
188	6	Puntarenas	78	380	351	366	384	433	483	433	440	479	464	498	504	536	589	581	591	557	604	663	615	601	645	713
188	6	Puntarenas	79	328	365	337	351	369	415	464	414	422	459	444	476	483	514	563	554	563	533	576	633	582	568	611
188	6	Puntarenas	80	264	309	346	319	333	349	392	439	393	399	433	420	450	458	485	532	521	532	503	543	595	544	531
188	6	Puntarenas	81	219	248	290	327	301	314	327	367	415	370	374	407	396	423	430	456	499	489	500	471	508	556	508
188	6	Puntarenas	82	191	206	233	272	309	283	294	306	344	391	348	352	382	371	396	404	428	469	458	466	440	474	519
188	6	Puntarenas	83	187	178	191	214	252	289	262	272	283	318	364	323	326	353	343	367	374	397	436	423	427	406	434
188	6	Puntarenas	84	168	175	167	176	198	235	273	244	252	262	296	338	301	301	327	319	341	347	368	405	387	391	375
188	6	Puntarenas	85	150	158	164	155	163	185	219	256	226	234	243	274	314	281	279	302	296	315	321	339	372	353	357
188	6	Puntarenas	86	144	139	145	150	140	148	167	199	235	205	213	220	247	287	256	253	274	269	288	290	305	336	318
188	6	Puntarenas	87	122	132	128	132	137	128	135	153	182	215	187	194	200	223	261	234	229	249	246	262	260	274	302
188	6	Puntarenas	88	88	111	121	116	120	125	116	122	140	163	196	169	175	180	199	236	211	206	225	223	233	231	243
188	6	Puntarenas	89	71	80	101	109	104	109	112	103	111	125	145	178	151	156	160	177	213	189	185	201	198	205	204
188	6	Puntarenas	90	64	64	72	90	97	92	97	98	91	98	110	128	159	132	137	140	156	188	168	164	175	173	176
188	6	Puntarenas	91	52	58	59	66	81	88	82	86	87	80	86	98	114	144	116	120	124	137	167	149	143	154	154
188	6	Puntarenas	92	35	45	51	52	57	72	76	71	74	76	70	75	85	99	128	100	104	109	118	147	129	122	131
188	6	Puntarenas	93	31	30	39	44	45	49	62	65	61	63	66	60	65	73	84	113	85	90	93	101	126	110	102
188	6	Puntarenas	94	29	27	26	33	38	38	42	52	54	51	53	56	51	55	61	71	98	71	76	78	86	107	94
188	6	Puntarenas	95	19	25	24	23	29	33	33	36	45	45	43	44	46	43	46	51	59	87	62	65	68	73	91
188	6	Puntarenas	96	10	16	20	20	19	24	27	27	30	37	37	37	36	39	35	38	42	48	77	53	56	58	59
188	6	Puntarenas	97	6	9	13	16	16	16	19	22	22	24	29	31	30	29	31	28	30	34	38	68	44	46	47
188	6	Puntarenas	98	6	6	8	11	13	13	13	16	18	18	20	25	26	24	24	25	23	25	28	29	64	38	36
188	6	Puntarenas	99	4	5	5	6	7	9	9	8	10	12	12	14	16	17	16	16	16	14	17	17	19	57	31
188	6	Puntarenas	100	4	4	5	6	6	7	9	10	11	13	15	15	16	18	19	18	18	19	20	20	36	42	41
188	7	Limón	0	4368	4031	3814	3866	3884	3888	3967	4116	4200	4109	4112	4351	4332	4270	4301	4186	4083	3912	3731	3377	3092	2930	2969
188	7	Limón	1	4461	4371	4034	3817	3869	3886	3890	3967	4117	4200	4109	4111	4349	4328	4265	4295	4177	4073	3900	3717	3365	3079	2915
188	7	Limón	2	4265	4464	4374	4037	3819	3871	3888	3891	3969	4118	4201	4109	4110	4347	4325	4261	4290	4172	4068	3894	3711	3360	3074
188	7	Limón	3	4715	4268	4466	4376	4039	3821	3872	3889	3892	3970	4119	4201	4109	4110	4346	4323	4258	4286	4169	4065	3891	3708	3356
188	7	Limón	4	4660	4718	4270	4468	4378	4041	3822	3874	3890	3893	3971	4119	4202	4109	4109	4345	4322	4257	4284	4168	4064	3888	3705
188	7	Limón	5	4785	4659	4717	4270	4467	4377	4040	3822	3873	3889	3892	3970	4118	4199	4106	4107	4343	4320	4254	4282	4165	4061	3885
188	7	Limón	6	4568	4800	4673	4731	4284	4481	4390	4053	3835	3886	3902	3905	3983	4130	4211	4118	4119	4355	4332	4265	4293	4177	4073
188	7	Limón	7	4648	4579	4810	4683	4741	4294	4492	4401	4064	3845	3896	3911	3914	3992	4139	4219	4126	4126	4363	4340	4274	4302	4186
188	7	Limón	8	4582	4661	4591	4823	4694	4754	4307	4506	4414	4076	3856	3907	3923	3925	4004	4151	4231	4137	4137	4374	4351	4285	4314
188	7	Limón	9	4471	4587	4666	4597	4828	4698	4758	4311	4510	4418	4080	3860	3911	3927	3930	4007	4155	4234	4140	4140	4376	4353	4288
188	7	Limón	10	4466	4477	4594	4672	4603	4834	4704	4765	4318	4517	4425	4087	3866	3917	3932	3935	4013	4161	4240	4145	4145	4382	4359
188	7	Limón	11	4342	4471	4483	4599	4677	4608	4839	4709	4771	4324	4523	4429	4091	3870	3921	3936	3938	4017	4164	4243	4148	4148	4386
188	7	Limón	12	4245	4350	4479	4490	4606	4685	4615	4846	4717	4779	4331	4530	4436	4097	3875	3926	3942	3945	4024	4170	4248	4153	4153
188	7	Limón	13	4310	4246	4350	4479	4490	4606	4685	4615	4846	4716	4777	4329	4529	4435	4096	3874	3924	3940	3943	4021	4167	4245	4150
188	7	Limón	14	4308	4301	4238	4341	4469	4480	4596	4675	4605	4835	4705	4764	4318	4518	4424	4084	3862	3913	3929	3931	4007	4153	4231
188	7	Limón	15	4270	4299	4291	4227	4330	4458	4468	4584	4662	4592	4821	4691	4750	4304	4503	4409	4069	3848	3899	3914	3916	3992	4136
188	7	Limón	16	3717	4269	4297	4289	4225	4327	4454	4464	4578	4657	4586	4814	4684	4743	4298	4496	4400	4061	3841	3890	3905	3907	3983
188	7	Limón	17	3397	3699	4248	4276	4268	4204	4306	4431	4440	4555	4633	4561	4788	4659	4716	4270	4466	4371	4033	3814	3863	3878	3879
188	7	Limón	18	3372	3372	3673	4220	4247	4239	4175	4276	4400	4408	4524	4600	4529	4754	4626	4680	4232	4426	4334	3996	3778	3827	3842
188	7	Limón	19	3108	3345	3344	3643	4188	4215	4206	4143	4243	4364	4373	4489	4564	4492	4715	4588	4637	4190	4383	4291	3954	3738	3788
188	7	Limón	20	3071	3093	3327	3326	3624	4167	4193	4183	4119	4219	4339	4348	4463	4537	4463	4685	4557	4605	4158	4349	4256	3920	3707
188	7	Limón	21	2943	3047	3066	3299	3298	3595	4135	4159	4148	4085	4184	4303	4311	4426	4498	4422	4640	4513	4559	4112	4299	4209	3873
188	7	Limón	22	2749	2922	3024	3043	3275	3273	3569	4106	4129	4117	4056	4154	4271	4278	4392	4462	4384	4600	4474	4517	4071	4255	4165
188	7	Limón	23	2822	2745	2916	3016	3034	3266	3264	3558	4092	4115	4104	4042	4140	4255	4260	4373	4441	4363	4579	4452	4492	4045	4229
188	7	Limón	24	2654	2821	2741	2910	3010	3027	3259	3255	3546	4079	4103	4092	4029	4126	4240	4243	4356	4422	4344	4557	4428	4468	4023
188	7	Limón	25	2729	2654	2819	2737	2904	3004	3020	3251	3246	3536	4067	4090	4080	4017	4113	4224	4227	4339	4405	4326	4536	4406	4446
188	7	Limón	26	2703	2740	2663	2827	2744	2910	3009	3025	3254	3249	3537	4068	4091	4080	4016	4111	4221	4224	4335	4399	4318	4527	4397
188	7	Limón	27	2734	2707	2743	2664	2828	2744	2909	3006	3021	3251	3246	3533	4063	4086	4073	4009	4101	4211	4215	4324	4385	4305	4514
188	7	Limón	28	2794	2746	2716	2750	2671	2834	2750	2914	3010	3023	3253	3248	3534	4064	4087	4072	4007	4099	4208	4212	4318	4378	4298
188	7	Limón	29	2746	2809	2757	2726	2759	2679	2840	2757	2920	3014	3027	3256	3250	3536	4064	4087	4072	4007	4098	4206	4208	4312	4372
188	7	Limón	30	2836	2753	2814	2761	2729	2762	2681	2841	2757	2919	3013	3025	3253	3247	3532	4060	4082	4065	4001	4091	4198	4198	4301
188	7	Limón	31	2623	2843	2761	2821	2767	2734	2766	2685	2845	2760	2921	3016	3029	3256	3250	3532	4060	4081	4065	4000	4089	4195	4192
188	7	Limón	32	2588	2628	2847	2765	2824	2769	2736	2767	2685	2845	2760	2921	3015	3028	3254	3248	3529	4057	4077	4060	3993	4082	4189
188	7	Limón	33	2765	2609	2646	2863	2783	2841	2784	2750	2780	2698	2858	2773	2934	3028	3040	3267	3259	3539	4067	4088	4067	3999	4089
188	7	Limón	34	2617	2768	2611	2647	2863	2783	2840	2783	2749	2778	2695	2855	2770	2931	3024	3036	3263	3255	3535	4062	4080	4057	3991
188	7	Limón	35	2552	2620	2770	2613	2647	2861	2782	2838	2780	2745	2775	2692	2852	2767	2926	3019	3032	3259	3251	3529	4053	4070	4048
188	7	Limón	36	2471	2562	2629	2778	2621	2654	2866	2787	2842	2784	2748	2778	2696	2855	2771	2929	3022	3035	3262	3253	3527	4051	4068
188	7	Limón	37	2335	2478	2568	2633	2781	2625	2656	2868	2788	2843	2784	2748	2779	2696	2855	2770	2928	3022	3035	3261	3249	3522	4046
188	7	Limón	38	2307	2340	2482	2569	2634	2782	2626	2656	2867	2787	2842	2782	2747	2778	2694	2855	2769	2927	3019	3033	3256	3245	3520
188	7	Limón	39	2386	2317	2349	2489	2575	2638	2786	2631	2660	2869	2790	2844	2784	2750	2779	2695	2856	2770	2928	3020	3032	3254	3244
188	7	Limón	40	2352	2392	2323	2354	2493	2578	2641	2789	2634	2661	2870	2791	2844	2785	2751	2780	2696	2856	2770	2928	3018	3031	3252
188	7	Limón	41	2111	2344	2385	2316	2346	2484	2568	2631	2780	2625	2651	2859	2780	2833	2776	2741	2771	2687	2846	2760	2915	3006	3021
188	7	Limón	42	1895	2106	2339	2380	2311	2341	2477	2562	2624	2773	2619	2645	2851	2773	2827	2769	2735	2765	2682	2839	2753	2907	2999
188	7	Limón	43	2099	1900	2108	2339	2381	2312	2341	2477	2560	2623	2771	2618	2643	2849	2771	2825	2768	2734	2764	2680	2836	2750	2905
188	7	Limón	44	1904	2098	1898	2105	2334	2377	2308	2337	2471	2554	2617	2765	2613	2637	2843	2765	2819	2763	2728	2758	2673	2829	2745
188	7	Limón	45	1892	1909	2101	1901	2108	2334	2377	2310	2338	2472	2554	2617	2766	2614	2637	2842	2764	2820	2763	2728	2756	2671	2828
188	7	Limón	46	1724	1893	1909	2100	1901	2107	2331	2375	2307	2336	2470	2551	2614	2763	2612	2635	2838	2762	2817	2761	2723	2752	2669
188	7	Limón	47	1512	1722	1889	1905	2095	1897	2102	2324	2369	2301	2330	2464	2544	2608	2757	2606	2630	2832	2756	2811	2752	2715	2745
188	7	Limón	48	1540	1518	1727	1893	1907	2096	1899	2103	2323	2369	2302	2331	2463	2544	2608	2757	2608	2631	2832	2757	2808	2751	2717
188	7	Limón	49	1466	1543	1520	1728	1892	1906	2093	1898	2100	2318	2366	2299	2328	2460	2541	2605	2754	2606	2628	2829	2752	2804	2751
188	7	Limón	50	1519	1462	1539	1516	1722	1885	1899	2085	1891	2090	2307	2356	2291	2320	2451	2533	2597	2746	2598	2620	2816	2741	2796
188	7	Limón	51	1294	1518	1461	1538	1514	1718	1881	1894	2079	1885	2084	2300	2349	2284	2313	2445	2528	2592	2739	2593	2611	2808	2738
188	7	Limón	52	1114	1295	1517	1461	1538	1514	1717	1879	1891	2075	1881	2081	2295	2345	2280	2309	2442	2525	2588	2736	2587	2605	2805
188	7	Limón	53	1132	1110	1289	1510	1454	1529	1506	1708	1869	1882	2064	1871	2072	2285	2335	2271	2300	2433	2516	2579	2721	2575	2595
188	7	Limón	54	1009	1132	1110	1287	1505	1450	1525	1502	1703	1864	1876	2056	1865	2067	2278	2328	2265	2294	2427	2510	2568	2710	2570
188	7	Limón	55	1015	1007	1128	1107	1283	1499	1443	1518	1495	1697	1857	1868	2047	1858	2059	2269	2322	2259	2288	2420	2498	2557	2703
188	7	Limón	56	952	1010	1001	1121	1099	1274	1487	1431	1506	1483	1684	1843	1853	2032	1844	2046	2255	2308	2245	2274	2403	2486	2545
188	7	Limón	57	839	953	1011	999	1119	1098	1270	1481	1425	1500	1479	1679	1837	1847	2025	1839	2042	2248	2301	2240	2267	2395	2495
188	7	Limón	58	763	842	953	1009	998	1117	1096	1265	1473	1418	1491	1470	1670	1828	1838	2015	1831	2035	2239	2293	2230	2253	2378
188	7	Limón	59	764	760	837	946	1002	992	1110	1088	1254	1461	1406	1478	1457	1658	1814	1824	2001	1819	2024	2225	2278	2216	2240
188	7	Limón	60	851	763	759	836	943	997	988	1105	1083	1245	1452	1397	1467	1448	1649	1805	1814	1990	1811	2014	2211	2266	2207
188	7	Limón	61	747	842	755	751	827	932	988	978	1094	1071	1232	1436	1381	1451	1433	1634	1789	1799	1976	1796	1997	2194	2251
188	7	Limón	62	617	736	828	744	741	816	920	975	964	1079	1056	1215	1418	1363	1434	1417	1618	1770	1782	1958	1778	1981	2177
188	7	Limón	63	619	616	732	823	740	738	811	914	969	956	1071	1048	1206	1407	1353	1424	1409	1606	1760	1770	1943	1767	1974
188	7	Limón	64	626	615	612	725	814	734	730	803	906	958	947	1060	1037	1194	1393	1340	1411	1397	1594	1746	1754	1928	1755
188	7	Limón	65	670	617	608	606	715	803	724	721	794	895	946	936	1048	1025	1182	1379	1328	1399	1385	1580	1727	1739	1917
188	7	Limón	66	601	656	604	596	594	701	787	709	707	779	877	929	921	1031	1009	1165	1361	1310	1382	1367	1557	1706	1723
188	7	Limón	67	506	587	642	590	583	581	687	772	693	692	763	859	912	906	1014	992	1147	1343	1292	1362	1345	1536	1689
188	7	Limón	68	477	498	577	630	580	573	573	676	758	682	682	751	846	899	894	1000	980	1133	1328	1277	1343	1330	1526
188	7	Limón	69	445	468	488	564	617	568	561	562	664	745	671	672	740	833	886	881	987	967	1119	1311	1259	1326	1318
188	7	Limón	70	468	430	453	473	549	600	552	546	548	647	725	655	656	724	814	867	862	969	949	1099	1287	1237	1311
188	7	Limón	71	431	455	419	442	461	535	586	538	533	535	631	709	641	642	710	798	851	848	954	934	1079	1267	1221
188	7	Limón	72	373	419	443	409	430	449	521	571	525	520	523	616	692	626	629	697	783	837	835	938	918	1062	1252
188	7	Limón	73	399	359	403	428	395	415	434	505	552	506	504	507	598	671	610	615	681	765	820	816	918	898	1042
188	7	Limón	74	371	386	347	390	414	383	402	420	488	533	490	488	492	580	653	595	601	666	748	802	797	900	883
188	7	Limón	75	331	356	370	333	375	397	368	388	405	470	513	472	470	476	563	634	579	586	650	730	781	779	884
188	7	Limón	76	284	316	341	355	320	359	380	353	373	388	451	494	453	454	461	546	616	563	572	634	709	762	761
188	7	Limón	77	257	268	300	324	338	304	341	362	337	355	370	431	472	434	436	444	526	596	547	553	613	689	745
188	7	Limón	78	251	242	253	283	307	320	288	323	343	320	336	351	412	451	416	418	427	507	576	529	532	593	673
188	7	Limón	79	205	235	227	238	267	289	303	272	305	324	302	318	334	393	431	397	400	411	489	556	506	510	572
188	7	Limón	80	199	192	222	214	225	252	272	287	258	290	307	287	302	319	375	412	380	386	397	472	536	488	493
188	7	Limón	81	163	185	179	208	202	212	236	255	270	244	273	290	272	287	304	358	393	364	370	381	453	515	472
188	7	Limón	82	141	150	170	165	194	187	196	218	236	253	228	254	271	255	270	287	340	374	347	352	364	433	495
188	7	Limón	83	133	130	139	156	151	181	173	181	202	218	235	212	238	253	240	254	272	322	357	329	333	348	413
188	7	Limón	84	112	122	119	126	142	139	168	160	166	185	202	217	197	221	236	225	240	256	305	338	310	315	332
188	7	Limón	85	108	100	109	106	111	127	125	153	144	150	167	182	198	181	203	218	210	223	240	285	317	289	296
188	7	Limón	86	98	98	90	98	95	101	114	113	140	130	136	151	165	182	168	188	202	196	210	224	266	297	273
188	7	Limón	87	81	87	87	80	86	83	89	101	100	126	116	121	136	148	166	153	171	186	183	195	206	247	277
188	7	Limón	88	60	68	74	74	69	75	72	78	89	87	111	102	108	121	132	150	140	156	172	170	179	190	228
188	7	Limón	89	47	52	60	64	65	61	65	63	70	80	77	100	91	97	108	118	138	128	145	158	156	164	177
188	7	Limón	90	52	40	45	51	55	56	52	56	54	60	69	67	89	80	85	95	105	124	117	132	143	143	148
188	7	Limón	91	41	43	34	38	43	47	47	43	47	46	51	59	58	79	69	74	84	94	112	105	118	129	132
188	7	Limón	92	21	33	35	29	32	36	39	38	35	39	38	43	50	50	69	60	65	75	82	101	94	105	115
188	7	Limón	93	14	15	26	27	22	24	29	30	30	28	32	32	36	42	43	62	52	57	65	72	89	83	92
188	7	Limón	94	11	11	13	21	22	18	21	24	24	25	23	27	27	31	36	37	56	45	51	58	64	79	76
188	7	Limón	95	8	9	9	10	16	17	14	16	18	19	19	18	22	22	25	29	30	50	39	43	51	55	69
188	7	Limón	96	4	6	7	6	7	12	13	11	12	14	14	15	14	17	17	20	23	24	44	33	37	44	47
188	7	Limón	97	3	3	4	5	4	5	9	10	8	9	10	11	12	11	13	14	16	19	19	40	29	32	37
188	7	Limón	98	2	1	1	2	2	2	4	6	7	6	6	7	8	9	8	11	11	13	15	15	38	24	26
188	7	Limón	99	2	1	1	1	1	1	1	2	3	4	3	4	4	5	5	5	7	7	9	9	10	35	21
188	7	Limón	100	3	2	2	1	1	1	1	2	2	3	4	4	4	5	4	5	5	6	8	10	19	22	23
